"DESCRIPTION","DURATION IN MS","NAME","PARENT SUITE","START TIME","STATUS","STOP TIME","SUB SUITE","SUITE","TEST CLASS","TEST METHOD"
"","2860","TC-CL-04: Call Now assistance lead submits successfully on CNG Trucks","CategoryPages - CategoryListing [cng] [en] — CNG Trucks","2026-10-09","passed","2026-10-09","","","",""
"","1754","TC-CL-03: Check Truck Price lead form rejects mobile that is not 10 digits on Transit Mixer","CategoryPages - CategoryListing [transitMixer] [en] — Transit Mixer","2026-10-09","passed","2026-10-09","","","",""
"","10529","TC-BBG-01: Check Truck Price lead submits successfully on Ashok Leyland Trucks Under 15 Lakh","AllLeadForm - BrandBudget [ashokLeylandUnder15Lakh] [en] — Ashok Leyland Trucks Under 15 Lakh","2026-10-09","passed","2026-10-09","","","",""
"","1637","TC-ESC-03: Check Truck Price lead form rejects mobile that is not 10 digits on Electric Pickup","AllLeadForm - ElectricSubCategory [pickup] [en] — Electric Pickup","2026-10-09","passed","2026-10-09","","","",""
"","1613","TC-PL-03: Check Truck Price lead form rejects mobile that is not 10 digits on Under 1 Ton Trucks","CategoryPages - CategoryListing [under1Ton] [en] — Under 1 Ton Trucks","2026-10-09","passed","2026-10-09","","","",""
"","5345","TC-BGT-01: Check Truck Price lead submits successfully on Trucks Above 40 Lakh","AllLeadForm - Budget [above40Lakh] [en] — Trucks Above 40 Lakh","2026-10-09","passed","2026-10-09","","","",""
"","367","TC-DLB-03: Talk To Dealer lead form rejects mobile that is not 10 digits on Tata Truck Dealers","AllLeadForm - DealerBrand [tata] [en] — Tata Truck Dealers","2026-10-09","broken","2026-10-09","","","",""
"","2891","TC-CB-04: Call Now assistance lead submits successfully on Eicher 4 Wheeler Trucks","AllLeadForm - CategoryBrand [fourWheelerEicher] [en] — Eicher 4 Wheeler Trucks","2026-10-09","passed","2026-10-09","","","",""
"","1844","TC-CL-03: Check Truck Price lead form rejects mobile that is not 10 digits on Pickups","CategoryPages - CategoryListing [pickups] [en] — Pickups","2026-10-09","passed","2026-10-09","","","",""
"","1270","TC-CL-02: Check Truck Price lead form shows required validation when submitted empty on 10 Wheeler","CategoryPages - CategoryListing [tenWheeler] [en] — 10 Wheeler","2026-10-09","passed","2026-10-09","","","",""
"","410","TC-DLB-01: Talk To Dealer lead submits successfully on Ashok Leyland Truck Dealers","AllLeadForm - DealerBrand [ashokLeyland] [en] — Ashok Leyland Truck Dealers","2026-10-09","broken","2026-10-09","","","",""
"","1949","TC-BBG-03: Check Truck Price lead form rejects mobile that is not 10 digits on Eicher Trucks Under 20 Lakh","AllLeadForm - BrandBudget [eicherUnder20Lakh] [en] — Eicher Trucks Under 20 Lakh","2026-10-09","passed","2026-10-09","","","",""
"","3969","TC-PL-04: Call Now assistance lead submits successfully on 1 ton - 2.5 ton Trucks","CategoryPages - CategoryListing [ton1to2_5] [en] — 1 ton - 2.5 ton Trucks","2026-10-09","passed","2026-10-09","","","",""
"","1947","TC-TSR-02: Check Truck Price lead form shows required validation when submitted empty on Tata Ace","CategoryPages - CategoryListing [tataAce] [en] — Tata Ace","2026-10-09","passed","2026-10-09","","","",""
"","1184","TC-CB-02: Check Truck Price lead form shows required validation when submitted empty on Eicher Mini Trucks","AllLeadForm - CategoryBrand [miniTruckEicher] [en] — Eicher Mini Trucks","2026-10-09","passed","2026-10-09","","","",""
"","789","TC-DBC-01: Talk To Dealer lead submits successfully on Tata Truck Dealers in Ahmedabad, Gujarat","AllLeadForm - DealerBrandCity [tataAhmedabad] [en] — Tata Truck Dealers in Ahmedabad, Gujarat","2026-10-09","broken","2026-10-09","","","",""
"","1628","TC-CB-03: Check Truck Price lead form rejects mobile that is not 10 digits on Force Tempo Traveller","AllLeadForm - CategoryBrand [tempoTravellerForce] [en] — Force Tempo Traveller","2026-10-09","passed","2026-10-09","","","",""
"","1556","TC-BGT-03: Check Truck Price lead form rejects mobile that is not 10 digits on Trucks Above 40 Lakh","AllLeadForm - Budget [above40Lakh] [en] — Trucks Above 40 Lakh","2026-10-09","passed","2026-10-09","","","",""
"","4005","TC-CL-01: Check Truck Price lead submits successfully on Transit Mixer","CategoryPages - CategoryListing [transitMixer] [en] — Transit Mixer","2026-10-09","passed","2026-10-09","","","",""
"","3185","TC-BR-03: Download Brochure lead submits successfully from the ""Upcoming"" tab on Brochure","AllLeadForm - Brochure [en]","2026-10-09","passed","2026-10-09","","","",""
"","3931","TC-CB-01: Check Truck Price lead submits successfully on Force Tempo Traveller","AllLeadForm - CategoryBrand [tempoTravellerForce] [en] — Force Tempo Traveller","2026-10-09","passed","2026-10-09","","","",""
"","6331","TC-CB-01: Check Truck Price lead submits successfully on Ashok Leyland Transit Mixers","AllLeadForm - CategoryBrand [transitMixerAshokLeyland] [en] — Ashok Leyland Transit Mixers","2026-10-09","passed","2026-10-09","","","",""
"","5143","TC-LMC-06: one Check Offers lead from miniTrucks tab submits successfully","AllLeadForm - Homepage LatestModelsByCategory [en]","2026-10-09","passed","2026-10-09","","","",""
"","469","TC-NLP-06: Check Offers lead form shows required validation when submitted empty on Popular Truck","ListingPages - NewListingPages [popularTrucks] [en] — Popular Truck","2026-10-09","skipped","2026-10-09","","","",""
"","47680","TC-CL-04: Call Now assistance lead submits successfully on Hydrogen Trucks","CategoryPages - CategoryListing [hydrogen] [en] — Hydrogen Trucks","2026-10-09","failed","2026-10-09","","","",""
"","448","TC-NLP-07: Check Offers lead form rejects mobile that is not 10 digits on Popular Truck","ListingPages - NewListingPages [popularTrucks] [en] — Popular Truck","2026-10-09","skipped","2026-10-09","","","",""
"","3326","TC-ESC-01: Check Truck Price lead submits successfully on Electric Auto Rickshaw","AllLeadForm - ElectricSubCategory [autoRickshaw] [en] — Electric Auto Rickshaw","2026-10-09","passed","2026-10-09","","","",""
"","4756","TC-CL-01: Check Truck Price lead submits successfully on LNG Trucks","CategoryPages - CategoryListing [lng] [en] — LNG Trucks","2026-10-09","passed","2026-10-09","","","",""
"","1256","TC-CL-02: Check Truck Price lead form shows required validation when submitted empty on 18 Wheeler","CategoryPages - CategoryListing [eighteenWheeler] [en] — 18 Wheeler","2026-10-09","passed","2026-10-09","","","",""
"","3713","TC-ECH-02: Check Challan lead requests OTP successfully on E Challan","AllLeadForm - EChallan [en]","2026-10-09","passed","2026-10-09","","","",""
"","1999","TC-CUS-02: Submit Request form shows required validation when submitted empty on Contact Us","AllLeadForm - ContactUs [en] — Contact Us","2026-10-09","passed","2026-10-09","","","",""
"","1493","TC-BGT-02: Check Truck Price lead form shows required validation when submitted empty on Trucks Under 30 Lakh","AllLeadForm - Budget [under30Lakh] [en] — Trucks Under 30 Lakh","2026-10-09","passed","2026-10-09","","","",""
"","7839","TC-ECH-01: Check Offers lead submits successfully on E Challan","AllLeadForm - EChallan [en]","2026-10-09","passed","2026-10-09","","","",""
"","26236","TC-TMO-01: Check Offers lead submits successfully on every tab of Offers","AllLeadForm - TabbedModelOffers [offers] [en] — Offers","2026-10-09","failed","2026-10-09","","","",""
"","508","TC-SCB-01: Talk To Dealer lead submits successfully on Mahindra Service Centers","AllLeadForm - ServiceCenterBrand [mahindra] [en] — Mahindra Service Centers","2026-10-09","broken","2026-10-09","","","",""
"","5625","TC-BBG-04: Call Now assistance lead submits successfully on Ashok Leyland Trucks Above 40 Lakh","AllLeadForm - BrandBudget [ashokLeylandAbove40Lakh] [en] — Ashok Leyland Trucks Above 40 Lakh","2026-10-09","passed","2026-10-09","","","",""
"","1192","TC-CB-02: Check Truck Price lead form shows required validation when submitted empty on Ashok Leyland Mini Trucks","AllLeadForm - CategoryBrand [miniTruckAshokLeyland] [en] — Ashok Leyland Mini Trucks","2026-10-09","passed","2026-10-09","","","",""
"","1635","TC-CB-03: Check Truck Price lead form rejects mobile that is not 10 digits on Allfine E Rickshaw","AllLeadForm - CategoryBrand [eRickshawAllfine] [en] — Allfine E Rickshaw","2026-10-09","passed","2026-10-09","","","",""
"","1203","TC-ESC-02: Check Truck Price lead form shows required validation when submitted empty on Electric Commercial Vehicle Under 5 Lakh","AllLeadForm - ElectricSubCategory [under5Lakh] [en] — Electric Commercial Vehicle Under 5 Lakh","2026-10-09","passed","2026-10-09","","","",""
"","17659","TC-ESC-01: Check Truck Price lead submits successfully on Electric Mini Truck","AllLeadForm - ElectricSubCategory [miniTruck] [en] — Electric Mini Truck","2026-10-09","failed","2026-10-09","","","",""
"","370","TC-CL-04: Call Now assistance lead submits successfully on Pickups","CategoryPages - CategoryListing [pickups] [en] — Pickups","2026-10-09","skipped","2026-10-09","","","",""
"","1777","TC-BUS-03: lead form rejects mobile that is not 10 digits on Mahindra Buses","AllLeadForm - BusListing [mahindraBuses] [en] — Mahindra Buses","2026-10-09","passed","2026-10-09","","","",""
"","1214","TC-TYR-02: lead form shows required validation when submitted empty on Tyres","AllLeadForm - Tyres [en] — Tyres","2026-10-09","passed","2026-10-09","","","",""
"","1792","TC-CL-03: Check Truck Price lead form rejects mobile that is not 10 digits on HCV","CategoryPages - CategoryListing [hcv] [en] — HCV","2026-10-09","passed","2026-10-09","","","",""
"","1250","TC-PL-02: Check Truck Price lead form shows required validation when submitted empty on 20 ton - 40 ton Trucks","CategoryPages - CategoryListing [ton20to40] [en] — 20 ton - 40 ton Trucks","2026-10-09","passed","2026-10-09","","","",""
"","4617","TC-ESC-01: Check Truck Price lead submits successfully on Electric Commercial Vehicle Under 5 Lakh","AllLeadForm - ElectricSubCategory [under5Lakh] [en] — Electric Commercial Vehicle Under 5 Lakh","2026-10-09","passed","2026-10-09","","","",""
"","4615","TC-PDPI-05: Download Brochure lead submits successfully on Tata Yodha 2.0 Price in Gurgaon","PDP - NewTruckInternalPages [yodhaPriceGurgaon] [en] — Tata Yodha 2.0 Price in Gurgaon","2026-10-09","passed","2026-10-09","","","",""
"","3582","TC-TBR-03: Check Truck Price lead form rejects mobile that is not 10 digits on Eicher Trucks","CategoryPages - CategoryListing [eicherBrand] [en] — Eicher Trucks","2026-10-09","passed","2026-10-09","","","",""
"","3264","TC-PDPI-03: Get On Road Price lead form rejects mobile that is not 10 digits on Tata Yodha 2.0 Price in Gurgaon","PDP - NewTruckInternalPages [yodhaPriceGurgaon] [en] — Tata Yodha 2.0 Price in Gurgaon","2026-10-09","passed","2026-10-09","","","",""
"","3526","TC-TSR-01: Check Truck Price lead submits successfully on Ashok Leyland Dost","CategoryPages - CategoryListing [ashokLeylandDost] [en] — Ashok Leyland Dost","2026-10-09","passed","2026-10-09","","","",""
"","1631","TC-CB-03: Check Truck Price lead form rejects mobile that is not 10 digits on Ashok Leyland Tippers","AllLeadForm - CategoryBrand [tippersAshokLeyland] [en] — Ashok Leyland Tippers","2026-10-09","passed","2026-10-09","","","",""
"","6679","TC-PDPI-05: Check Offers lead submits successfully on Tata Yodha 2.0 Brochure","PDP - NewTruckInternalPages [yodhaBrochure] [en] — Tata Yodha 2.0 Brochure","2026-10-09","passed","2026-10-09","","","",""
"","1232","TC-ECH-03: Check Offers lead form shows required validation when submitted empty on E Challan","AllLeadForm - EChallan [en]","2026-10-09","passed","2026-10-09","","","",""
"","328","TC-CL-04: Call Now assistance lead submits successfully on Tempo Traveller","CategoryPages - CategoryListing [tempoTraveller] [en] — Tempo Traveller","2026-10-09","skipped","2026-10-09","","","",""
"","1747","TC-TSR-03: Check Truck Price lead form rejects mobile that is not 10 digits on Mahindra Blazo","CategoryPages - CategoryListing [mahindraBlazo] [en] — Mahindra Blazo","2026-10-09","passed","2026-10-09","","","",""
"","398","TC-DLC-03: Talk To Dealer lead form rejects mobile that is not 10 digits on Truck Dealers in Pune, Maharashtra","AllLeadForm - DealerCity [pune] [en] — Truck Dealers in Pune, Maharashtra","2026-10-09","broken","2026-10-09","","","",""
"","2355","TC-LMC-10: Check Offers lead form shows required validation when submitted empty","AllLeadForm - Homepage LatestModelsByCategory [en]","2026-10-09","passed","2026-10-09","","","",""
"","1624","TC-CB-03: Check Truck Price lead form rejects mobile that is not 10 digits on Ashok Leyland Transit Mixers","AllLeadForm - CategoryBrand [transitMixerAshokLeyland] [en] — Ashok Leyland Transit Mixers","2026-10-09","passed","2026-10-09","","","",""
"","1422","TC-CL-02: Check Truck Price lead form shows required validation when submitted empty on Mini Trucks","CategoryPages - CategoryListing [miniTrucks] [en] — Mini Trucks","2026-10-09","passed","2026-10-09","","","",""
"","5522","TC-BGT-01: Check Truck Price lead submits successfully on Trucks Under 10 Lakh","AllLeadForm - Budget [under10Lakh] [en] — Trucks Under 10 Lakh","2026-10-09","passed","2026-10-09","","","",""
"","1550","TC-CVP-04: Check Offers lead form rejects mobile that is not 10 digits on CV Permit","AllLeadForm - CvPermit [en]","2026-10-09","passed","2026-10-09","","","",""
"","3985","TC-PDPI-02: Check Offers lead form shows required validation when submitted empty on Tata Yodha 2.0 Specifications","PDP - NewTruckInternalPages [yodhaSpecifications] [en] — Tata Yodha 2.0 Specifications","2026-10-09","passed","2026-10-09","","","",""
"","2796","TC-CL-04: Call Now assistance lead submits successfully on Petrol Trucks","CategoryPages - CategoryListing [petrol] [en] — Petrol Trucks","2026-10-09","passed","2026-10-09","","","",""
"","17788","TC-CL-01: Check Truck Price lead submits successfully on HCV","CategoryPages - CategoryListing [hcv] [en] — HCV","2026-10-09","failed","2026-10-09","","","",""
"","2191","TC-PL-03: Check Truck Price lead form rejects mobile that is not 10 digits on 10 ton - 20 ton Trucks","CategoryPages - CategoryListing [ton10to20] [en] — 10 ton - 20 ton Trucks","2026-10-09","passed","2026-10-09","","","",""
"","1696","TC-ESC-03: Check Truck Price lead form rejects mobile that is not 10 digits on Electric Auto Rickshaw","AllLeadForm - ElectricSubCategory [autoRickshaw] [en] — Electric Auto Rickshaw","2026-10-09","passed","2026-10-09","","","",""
"","3037","TC-BBG-04: Call Now assistance lead submits successfully on Ashok Leyland Trucks Under 15 Lakh","AllLeadForm - BrandBudget [ashokLeylandUnder15Lakh] [en] — Ashok Leyland Trucks Under 15 Lakh","2026-10-09","passed","2026-10-09","","","",""
"","3083","TC-PL-01: Check Truck Price lead submits successfully on 20 ton - 40 ton Trucks","CategoryPages - CategoryListing [ton20to40] [en] — 20 ton - 40 ton Trucks","2026-10-09","passed","2026-10-09","","","",""
"","3456","TC-CL-02: Check Truck Price lead form shows required validation when submitted empty on 3 Wheeler","CategoryPages - CategoryListing [threeWheeler] [en] — 3 Wheeler","2026-10-09","passed","2026-10-09","","","",""
"**Test Case ID:** TC-NLP-03
**Title:** Contact Seller lead submits successfully on Popular Truck
**Language:** en

**Description:**
Open the Popular Truck listing page, click Contact Seller to open its lead form, fill name, mobile and city, and submit.

**Expected Result:**
A “Thank You For Contact” confirmation is shown after a successful Contact Seller submission.

**Steps:**
1. Open the Popular Truck listing page
2. Click Contact Seller to open its lead form
3. Fill name, mobile and city
4. Submit and verify the confirmation","4741","TC-NLP-03: Contact Seller lead submits successfully on Popular Truck","ListingPages - NewListingPages [popularTrucks] [en] — Popular Truck","2026-10-09","passed","2026-10-09","","","",""
"","4575","TC-CL-04: Call Now assistance lead submits successfully on SCV","CategoryPages - CategoryListing [scv] [en] — SCV","2026-10-09","passed","2026-10-09","","","",""
"**Test Case ID:** TC-NLP-06
**Title:** Check Offers lead form shows required validation when submitted empty on Latest Trucks
**Language:** en

**Description:**
Open the Latest Trucks listing page, open Check Offers, and submit with name, mobile and city all left empty.

**Expected Result:**
The real, page-shown validation messages for name, mobile and location are displayed, and no lead is submitted.

**Steps:**
1. Open the Latest Trucks listing page
2. Click Check Offers to open its lead form
3. Leave name, mobile and city empty and submit
4. Verify all three required-field validation messages are shown","1526","TC-NLP-06: Check Offers lead form shows required validation when submitted empty on Latest Trucks","ListingPages - NewListingPages [latestTrucks] [en] — Latest Trucks","2026-10-09","passed","2026-10-09","","","",""
"","1303","TC-CL-02: Check Truck Price lead form shows required validation when submitted empty on 12 Wheeler","CategoryPages - CategoryListing [twelveWheeler] [en] — 12 Wheeler","2026-10-09","passed","2026-10-09","","","",""
"","437","TC-NLP-02: Check Truck Price lead submits successfully on Upcoming Trucks","ListingPages - NewListingPages [upcomingTrucks] [en] — Upcoming Trucks","2026-10-09","skipped","2026-10-09","","","",""
"","1421","TC-BUSPDP-03: Check Offers lead form rejects mobile that is not 10 digits on Tata Starbus Ultra City Electric","AllLeadForm - BusPdp [starbusUltraCityElectric] [en] — Tata Starbus Ultra City Electric","2026-10-09","passed","2026-10-09","","","",""
"","2823","TC-CB-04: Call Now assistance lead submits successfully on BharatBenz 6 Wheeler Trucks","AllLeadForm - CategoryBrand [sixWheelerBharatBenz] [en] — BharatBenz 6 Wheeler Trucks","2026-10-09","passed","2026-10-09","","","",""
"","1352","TC-ESC-02: Check Truck Price lead form shows required validation when submitted empty on Electric Mini Truck","AllLeadForm - ElectricSubCategory [miniTruck] [en] — Electric Mini Truck","2026-10-09","passed","2026-10-09","","","",""
"","3521","TC-CL-01: Check Truck Price lead submits successfully on Hydrogen Trucks","CategoryPages - CategoryListing [hydrogen] [en] — Hydrogen Trucks","2026-10-09","passed","2026-10-09","","","",""
"","533","TC-TSR-04: Call Now assistance lead submits successfully on Mahindra Bolero","CategoryPages - CategoryListing [mahindraBolero] [en] — Mahindra Bolero","2026-10-09","skipped","2026-10-09","","","",""
"","420","TC-DLB-02: Talk To Dealer lead form shows required validation when submitted empty on Atul 3 Wheeler Dealers","AllLeadForm - DealerBrand [atul] [en] — Atul 3 Wheeler Dealers","2026-10-09","broken","2026-10-09","","","",""
"","2371","TC-PDPI-02: Check Offers lead form shows required validation when submitted empty on Tata Yodha 2.0 Reviews","PDP - NewTruckInternalPages [yodhaReview] [en] — Tata Yodha 2.0 Reviews","2026-10-09","passed","2026-10-09","","","",""
"","4628","TC-PDPI-03: Check Offers lead form rejects mobile that is not 10 digits on Eka 3W Cargo Price in Mumbai","PDP - NewTruckInternalPages [ekaPriceMumbai] [en] — Eka 3W Cargo Price in Mumbai","2026-10-09","passed","2026-10-09","","","",""
"","1378","TC-CL-02: Check Truck Price lead form shows required validation when submitted empty on 22 Wheeler","CategoryPages - CategoryListing [twentyTwoWheeler] [en] — 22 Wheeler","2026-10-09","passed","2026-10-09","","","",""
"","1374","TC-CT-03: Check Offers lead form rejects mobile that is not 10 digits on Compare Trucks","AllLeadForm - CompareTrucks [en]","2026-10-09","passed","2026-10-09","","","",""
"","8990","TC-PDPI-05: Get On Road Price lead submits successfully on Eka 3W Cargo Price in Mumbai","PDP - NewTruckInternalPages [ekaPriceMumbai] [en] — Eka 3W Cargo Price in Mumbai","2026-10-09","passed","2026-10-09","","","",""
"","3716","TC-CB-04: Call Now assistance lead submits successfully on Ashok Leyland Mini Trucks","AllLeadForm - CategoryBrand [miniTruckAshokLeyland] [en] — Ashok Leyland Mini Trucks","2026-10-09","passed","2026-10-09","","","",""
"","3259","TC-BGT-04: Call Now assistance lead submits successfully on Trucks Under 15 Lakh","AllLeadForm - Budget [under15Lakh] [en] — Trucks Under 15 Lakh","2026-10-09","passed","2026-10-09","","","",""
"","1891","TC-ESC-02: Check Truck Price lead form shows required validation when submitted empty on Electric Trucks","AllLeadForm - ElectricSubCategory [trucks] [en] — Electric Trucks","2026-10-09","passed","2026-10-09","","","",""
"","1294","TC-BUS-02: lead form shows required validation when submitted empty on SML ISUZU Buses","AllLeadForm - BusListing [smlIsuzuBuses] [en] — SML ISUZU Buses","2026-10-09","passed","2026-10-09","","","",""
"","1225","TC-ESC-02: Check Truck Price lead form shows required validation when submitted empty on Electric Commercial Vehicle Under 1 Lakh","AllLeadForm - ElectricSubCategory [under1Lakh] [en] — Electric Commercial Vehicle Under 1 Lakh","2026-10-09","passed","2026-10-09","","","",""
"","552","TC-SCB-02: Talk To Dealer lead form shows required validation when submitted empty on Ashok Leyland Service Centers","AllLeadForm - ServiceCenterBrand [ashokLeyland] [en] — Ashok Leyland Service Centers","2026-10-09","broken","2026-10-09","","","",""
"","1095","TC-DBC-01: Talk To Dealer lead submits successfully on Tata Truck Dealers in Pune, Maharashtra","AllLeadForm - DealerBrandCity [tataPune] [en] — Tata Truck Dealers in Pune, Maharashtra","2026-10-09","broken","2026-10-09","","","",""
"","1406","TC-CL-02: Check Truck Price lead form shows required validation when submitted empty on HCV","CategoryPages - CategoryListing [hcv] [en] — HCV","2026-10-09","passed","2026-10-09","","","",""
"","1862","TC-BGT-03: Check Truck Price lead form rejects mobile that is not 10 digits on Trucks Under 10 Lakh","AllLeadForm - Budget [under10Lakh] [en] — Trucks Under 10 Lakh","2026-10-09","passed","2026-10-09","","","",""
"","1330","TC-TSR-02: Check Truck Price lead form shows required validation when submitted empty on Ashok Leyland Boss","CategoryPages - CategoryListing [ashokLeylandBoss] [en] — Ashok Leyland Boss","2026-10-09","passed","2026-10-09","","","",""
"","5829","TC-BUS-01: lead submits successfully on Ashok Leyland Buses","AllLeadForm - BusListing [ashokLeylandBuses] [en] — Ashok Leyland Buses","2026-10-09","passed","2026-10-09","","","",""
"","28","TC-PDPI-02: Check Offers lead form shows required validation when submitted empty on Eka 3W Cargo Reviews","PDP - NewTruckInternalPages [ekaReview] [en] — Eka 3W Cargo Reviews","2026-10-09","skipped","2026-10-09","","","",""
"","240","TC-NLP-03: Contact Seller lead submits successfully on Find New Trucks","ListingPages - NewListingPages [newTrucks] [en] — Find New Trucks","2026-10-09","skipped","2026-10-09","","","",""
"","2872","TC-CB-04: Call Now assistance lead submits successfully on Atul 3 Wheeler","AllLeadForm - CategoryBrand [threeWheelerAtul] [en] — Atul 3 Wheeler","2026-10-09","passed","2026-10-09","","","",""
"**Test Case ID:** TC-NLP-02
**Title:** Check Truck Price lead submits successfully on Popular Truck
**Language:** en

**Description:**
Open the Popular Truck listing page, click Check Truck Price to open its lead form, fill name, mobile and city, and submit.

**Expected Result:**
A Thank You confirmation is shown after a successful lead submission. The submitted name is tagged with a page/CTA identifier for CRM traceability.

**Steps:**
1. Open the Popular Truck listing page
2. Click Check Truck Price to open its lead form
3. Fill name, mobile and city
4. Submit and verify the confirmation","11948","TC-NLP-02: Check Truck Price lead submits successfully on Popular Truck","ListingPages - NewListingPages [popularTrucks] [en] — Popular Truck","2026-10-09","passed","2026-10-09","","","",""
"","1526","TC-BGT-02: Check Truck Price lead form shows required validation when submitted empty on Trucks Under 10 Lakh","AllLeadForm - Budget [under10Lakh] [en] — Trucks Under 10 Lakh","2026-10-09","passed","2026-10-09","","","",""
"**Test Case ID:** TC-NLP-06
**Title:** Check Offers lead form shows required validation when submitted empty on BS6 Trucks
**Language:** en

**Description:**
Open the BS6 Trucks listing page, open Check Offers, and submit with name, mobile and city all left empty.

**Expected Result:**
The real, page-shown validation messages for name, mobile and location are displayed, and no lead is submitted.

**Steps:**
1. Open the BS6 Trucks listing page
2. Click Check Offers to open its lead form
3. Leave name, mobile and city empty and submit
4. Verify all three required-field validation messages are shown","2640","TC-NLP-06: Check Offers lead form shows required validation when submitted empty on BS6 Trucks","ListingPages - NewListingPages [bs6Trucks] [en] — BS6 Trucks","2026-10-09","passed","2026-10-09","","","",""
"","3313","TC-BR-04: Download Brochure lead submits successfully from the ""Latest"" tab on Brochure","AllLeadForm - Brochure [en]","2026-10-09","passed","2026-10-09","","","",""
"","3017","TC-CB-04: Call Now assistance lead submits successfully on Ashok Leyland 6 Wheeler Trucks","AllLeadForm - CategoryBrand [sixWheelerAshokLeyland] [en] — Ashok Leyland 6 Wheeler Trucks","2026-10-09","passed","2026-10-09","","","",""
"","1614","TC-CB-03: Check Truck Price lead form rejects mobile that is not 10 digits on Ashok Leyland 6 Wheeler Trucks","AllLeadForm - CategoryBrand [sixWheelerAshokLeyland] [en] — Ashok Leyland 6 Wheeler Trucks","2026-10-09","passed","2026-10-09","","","",""
"","7133","TC-PDPI-01: Download Brochure lead submits successfully on Tata Yodha 2.0 Brochure","PDP - NewTruckInternalPages [yodhaBrochure] [en] — Tata Yodha 2.0 Brochure","2026-10-09","passed","2026-10-09","","","",""
"","1719","TC-BBG-02: Check Truck Price lead form shows required validation when submitted empty on Eicher Trucks Under 20 Lakh","AllLeadForm - BrandBudget [eicherUnder20Lakh] [en] — Eicher Trucks Under 20 Lakh","2026-10-09","passed","2026-10-09","","","",""
"","4240","TC-CL-01: Check Truck Price lead submits successfully on Petrol Trucks","CategoryPages - CategoryListing [petrol] [en] — Petrol Trucks","2026-10-09","passed","2026-10-09","","","",""
"","2016","TC-CL-02: Check Truck Price lead form shows required validation when submitted empty on Tippers","CategoryPages - CategoryListing [tippers] [en] — Tippers","2026-10-09","passed","2026-10-09","","","",""
"","881","TC-NTPDP-01: Get Offers lead opens on launch for Tata Yodha 2.0","AllLeadForm - NewTruckPdp [mostPopular] [en] — Tata Yodha 2.0","2026-10-09","passed","2026-10-09","","","",""
"","484","TC-SCB-02: Talk To Dealer lead form shows required validation when submitted empty on Mahindra Service Centers","AllLeadForm - ServiceCenterBrand [mahindra] [en] — Mahindra Service Centers","2026-10-09","broken","2026-10-09","","","",""
"","1224","TC-CL-02: Check Truck Price lead form shows required validation when submitted empty on Hydrogen Trucks","CategoryPages - CategoryListing [hydrogen] [en] — Hydrogen Trucks","2026-10-09","passed","2026-10-09","","","",""
"","2769","TC-CB-01: Check Truck Price lead submits successfully on Altigreen Auto Rickshaw","AllLeadForm - CategoryBrand [autoRickshawAltigreen] [en] — Altigreen Auto Rickshaw","2026-10-09","passed","2026-10-09","","","",""
"","1656","TC-BUS-03: lead form rejects mobile that is not 10 digits on SML ISUZU Buses","AllLeadForm - BusListing [smlIsuzuBuses] [en] — SML ISUZU Buses","2026-10-09","passed","2026-10-09","","","",""
"","7162","TC-PL-01: Check Truck Price lead submits successfully on Under 1 Ton Trucks","CategoryPages - CategoryListing [under1Ton] [en] — Under 1 Ton Trucks","2026-10-09","passed","2026-10-09","","","",""
"","37862","TC-TMO-01: Check Offers lead submits successfully on every tab of Select Your Truck","AllLeadForm - TabbedModelOffers [selectYourTruck] [en] — Select Your Truck","2026-10-09","failed","2026-10-09","","","",""
"","2742","TC-CB-04: Call Now assistance lead submits successfully on Ashok Leyland Tippers","AllLeadForm - CategoryBrand [tippersAshokLeyland] [en] — Ashok Leyland Tippers","2026-10-09","passed","2026-10-09","","","",""
"","47944","TC-CL-04: Call Now assistance lead submits successfully on LCV","CategoryPages - CategoryListing [lcv] [en] — LCV","2026-10-09","failed","2026-10-09","","","",""
"","617","TC-TBR-04: Call Now assistance lead submits successfully on Ashok Leyland Trucks","CategoryPages - CategoryListing [ashokLeylandBrand] [en] — Ashok Leyland Trucks","2026-10-09","skipped","2026-10-09","","","",""
"","1240","TC-CB-02: Check Truck Price lead form shows required validation when submitted empty on BharatBenz 6 Wheeler Trucks","AllLeadForm - CategoryBrand [sixWheelerBharatBenz] [en] — BharatBenz 6 Wheeler Trucks","2026-10-09","passed","2026-10-09","","","",""
"","3388","TC-CB-01: Check Truck Price lead submits successfully on Ashok Leyland Mini Trucks","AllLeadForm - CategoryBrand [miniTruckAshokLeyland] [en] — Ashok Leyland Mini Trucks","2026-10-09","passed","2026-10-09","","","",""
"","1920","TC-CL-02: Check Truck Price lead form shows required validation when submitted empty on 16 Wheeler","CategoryPages - CategoryListing [sixteenWheeler] [en] — 16 Wheeler","2026-10-09","passed","2026-10-09","","","",""
"","17480","TC-TSR-01: Check Truck Price lead submits successfully on Ashok Leyland Boss","CategoryPages - CategoryListing [ashokLeylandBoss] [en] — Ashok Leyland Boss","2026-10-09","failed","2026-10-09","","","",""
"**Test Case ID:** TC-NLP-01
**Title:** Check Offers lead submits successfully on Find New Trucks
**Language:** en

**Description:**
Open the Find New Trucks listing page, click Check Offers to open its lead form, fill name, mobile and city, and submit.

**Expected Result:**
A Thank You confirmation is shown after a successful lead submission. The submitted name is tagged with a page/CTA identifier for CRM traceability.

**Steps:**
1. Open the Find New Trucks listing page
2. Click Check Offers to open its lead form
3. Fill name, mobile and city
4. Submit and verify the confirmation","10857","TC-NLP-01: Check Offers lead submits successfully on Find New Trucks","ListingPages - NewListingPages [newTrucks] [en] — Find New Trucks","2026-10-09","passed","2026-10-09","","","",""
"","1876","TC-TMO-03: Check Offers lead form rejects mobile that is not 10 digits on Select Your Truck","AllLeadForm - TabbedModelOffers [selectYourTruck] [en] — Select Your Truck","2026-10-09","passed","2026-10-09","","","",""
"","3183","TC-BUSVAR-01: Check Offers lead submits successfully on Tata Starbus Staff Contract 24+D LP 407/36 CNG","AllLeadForm - BusVariant [starbus24dLp407] [en] — Tata Starbus Staff Contract 24+D LP 407/36 CNG","2026-10-09","passed","2026-10-09","","","",""
"","2970","TC-CL-01: Check Truck Price lead submits successfully on LPG Trucks","CategoryPages - CategoryListing [lpg] [en] — LPG Trucks","2026-10-09","passed","2026-10-09","","","",""
"","3131","TC-CB-01: Check Truck Price lead submits successfully on Ashok Leyland 10 Wheeler Trucks","AllLeadForm - CategoryBrand [tenWheelerAshokLeyland] [en] — Ashok Leyland 10 Wheeler Trucks","2026-10-09","passed","2026-10-09","","","",""
"","1567","TC-PL-03: Check Truck Price lead form rejects mobile that is not 10 digits on 2.5 ton - 5 ton Trucks","CategoryPages - CategoryListing [ton2_5to5] [en] — 2.5 ton - 5 ton Trucks","2026-10-09","passed","2026-10-09","","","",""
"**Test Case ID:** TC-NLP-07
**Title:** Check Offers lead form rejects mobile that is not 10 digits on Best Trucks
**Language:** en

**Description:**
Open the Best Trucks listing page, open Check Offers, fill a valid name, an invalid (5-digit) mobile number, and leave city empty, then submit.

**Expected Result:**
The real, page-shown mobile-format and location-required validation messages are displayed, and no lead is submitted.

**Steps:**
1. Open the Best Trucks listing page
2. Click Check Offers to open its lead form
3. Fill a valid name and an invalid mobile number
4. Submit with city left empty
5. Verify the mobile-format and location validation messages are shown","2966","TC-NLP-07: Check Offers lead form rejects mobile that is not 10 digits on Best Trucks","ListingPages - NewListingPages [bestTrucks] [en] — Best Trucks","2026-10-09","passed","2026-10-09","","","",""
"","1642","TC-CL-03: Check Truck Price lead form rejects mobile that is not 10 digits on 14 Wheeler","CategoryPages - CategoryListing [fourteenWheeler] [en] — 14 Wheeler","2026-10-09","passed","2026-10-09","","","",""
"","1308","TC-ESC-02: Check Truck Price lead form shows required validation when submitted empty on Electric Auto Rickshaw","AllLeadForm - ElectricSubCategory [autoRickshaw] [en] — Electric Auto Rickshaw","2026-10-09","passed","2026-10-09","","","",""
"","6713","TC-NTPDP-01: Get Offers lead opens on launch for Eka 3W Cargo","AllLeadForm - NewTruckPdp [leastPopular] [en] — Eka 3W Cargo","2026-10-09","passed","2026-10-09","","","",""
"","3571","TC-TBR-03: Check Truck Price lead form rejects mobile that is not 10 digits on Ashok Leyland Trucks","CategoryPages - CategoryListing [ashokLeylandBrand] [en] — Ashok Leyland Trucks","2026-10-09","passed","2026-10-09","","","",""
"","8431","TC-BUS-01: lead submits successfully on New Buses","AllLeadForm - BusListing [newBuses] [en] — New Buses","2026-10-09","passed","2026-10-09","","","",""
"","486","TC-DLB-03: Talk To Dealer lead form rejects mobile that is not 10 digits on Atul 3 Wheeler Dealers","AllLeadForm - DealerBrand [atul] [en] — Atul 3 Wheeler Dealers","2026-10-09","broken","2026-10-09","","","",""
"","2474","TC-UTPDP-05: Check Offers lead form shows required validation when submitted empty on Used Truck Detail","AllLeadForm - UsedTruckPdp [en]","2026-10-09","passed","2026-10-09","","","",""
"","1187","TC-BUS-02: lead form shows required validation when submitted empty on Tata Buses","AllLeadForm - BusListing [tataBuses] [en] — Tata Buses","2026-10-09","passed","2026-10-09","","","",""
"","1286","TC-CL-02: Check Truck Price lead form shows required validation when submitted empty on 14 Wheeler","CategoryPages - CategoryListing [fourteenWheeler] [en] — 14 Wheeler","2026-10-09","passed","2026-10-09","","","",""
"","3857","TC-PL-04: Call Now assistance lead submits successfully on 5 ton - 10 ton Trucks","CategoryPages - CategoryListing [ton5to10] [en] — 5 ton - 10 ton Trucks","2026-10-09","passed","2026-10-09","","","",""
"","263","TC-TSR-04: Call Now assistance lead submits successfully on Tata Ace","CategoryPages - CategoryListing [tataAce] [en] — Tata Ace","2026-10-09","skipped","2026-10-09","","","",""
"","11282","TC-EV-01: Check Truck Price lead submits successfully on Electric Commercial Vehicles","AllLeadForm - ElectricVehicle [en] — Electric Commercial Vehicles","2026-10-09","passed","2026-10-09","","","",""
"","960","TC-BUSVAR-02: Check Offers lead form shows required validation when submitted empty on Tata Starbus Staff Contract 24+D LP 407/36 CNG","AllLeadForm - BusVariant [starbus24dLp407] [en] — Tata Starbus Staff Contract 24+D LP 407/36 CNG","2026-10-09","passed","2026-10-09","","","",""
"","9748","TC-BUSPDP-01: Check Offers lead submits successfully on Tata Starbus Staff Contract","AllLeadForm - BusPdp [starbusStaffContract] [en] — Tata Starbus Staff Contract","2026-10-09","passed","2026-10-09","","","",""
"","3516","TC-TIY-21: Check Offers lead form rejects mobile that is not 10 digits","AllLeadForm - Homepage TruckInIndia [en]","2026-10-09","passed","2026-10-09","","","",""
"**Test Case ID:** TC-NLP-05
**Title:** Call Now lead submits successfully on Popular Truck
**Language:** en

**Description:**
Open the Popular Truck listing page, click Call Now to open its lead form, fill name, mobile and city, and submit.

**Expected Result:**
The assistance lead form closes after a successful submission (verified via the real submit network call). The submitted name is tagged with a page/CTA identifier for CRM traceability.

**Steps:**
1. Open the Popular Truck listing page
2. Click Call Now to open its lead form
3. Fill name, mobile and city
4. Submit and verify the confirmation","3262","TC-NLP-05: Call Now lead submits successfully on Popular Truck","ListingPages - NewListingPages [popularTrucks] [en] — Popular Truck","2026-10-09","passed","2026-10-09","","","",""
"**Test Case ID:** TC-NLP-01
**Title:** Check Offers lead submits successfully on Latest Trucks
**Language:** en

**Description:**
Open the Latest Trucks listing page, click Check Offers to open its lead form, fill name, mobile and city, and submit.

**Expected Result:**
A Thank You confirmation is shown after a successful lead submission. The submitted name is tagged with a page/CTA identifier for CRM traceability.

**Steps:**
1. Open the Latest Trucks listing page
2. Click Check Offers to open its lead form
3. Fill name, mobile and city
4. Submit and verify the confirmation","13709","TC-NLP-01: Check Offers lead submits successfully on Latest Trucks","ListingPages - NewListingPages [latestTrucks] [en] — Latest Trucks","2026-10-09","passed","2026-10-09","","","",""
"","1611","TC-PL-02: Check Truck Price lead form shows required validation when submitted empty on 10 ton - 20 ton Trucks","CategoryPages - CategoryListing [ton10to20] [en] — 10 ton - 20 ton Trucks","2026-10-09","passed","2026-10-09","","","",""
"","649","TC-TBR-04: Call Now assistance lead submits successfully on Tata Trucks","CategoryPages - CategoryListing [tataBrand] [en] — Tata Trucks","2026-10-09","skipped","2026-10-09","","","",""
"","3868","TC-BUS-01: lead submits successfully on Eicher Buses","AllLeadForm - BusListing [eicherBuses] [en] — Eicher Buses","2026-10-09","passed","2026-10-09","","","",""
"","411","TC-DLC-01: Talk To Dealer lead submits successfully on Truck Dealers in Ahmedabad, Gujarat","AllLeadForm - DealerCity [ahmedabad] [en] — Truck Dealers in Ahmedabad, Gujarat","2026-10-09","broken","2026-10-09","","","",""
"","3383","TC-BBG-01: Check Truck Price lead submits successfully on Eicher Trucks Above 40 Lakh","AllLeadForm - BrandBudget [eicherAbove40Lakh] [en] — Eicher Trucks Above 40 Lakh","2026-10-09","passed","2026-10-09","","","",""
"**Test Case ID:** TC-NLP-03
**Title:** Contact Seller lead submits successfully on Best Trucks
**Language:** en

**Description:**
Open the Best Trucks listing page, click Contact Seller to open its lead form, fill name, mobile and city, and submit.

**Expected Result:**
A “Thank You For Contact” confirmation is shown after a successful Contact Seller submission.

**Steps:**
1. Open the Best Trucks listing page
2. Click Contact Seller to open its lead form
3. Fill name, mobile and city
4. Submit and verify the confirmation","5598","TC-NLP-03: Contact Seller lead submits successfully on Best Trucks","ListingPages - NewListingPages [bestTrucks] [en] — Best Trucks","2026-10-09","passed","2026-10-09","","","",""
"","1287","TC-CB-02: Check Truck Price lead form shows required validation when submitted empty on Force Tempo Traveller","AllLeadForm - CategoryBrand [tempoTravellerForce] [en] — Force Tempo Traveller","2026-10-09","passed","2026-10-09","","","",""
"","1834","TC-BUT-03: Contact Seller lead form rejects mobile that is not 10 digits on Buy Used Trucks","AllLeadForm - BuyUsedTrucks [en]","2026-10-09","passed","2026-10-09","","","",""
"","414","TC-NLP-04: Notify Me lead submits successfully on Popular Truck","ListingPages - NewListingPages [popularTrucks] [en] — Popular Truck","2026-10-09","skipped","2026-10-09","","","",""
"","230","TC-ESC-04: Call Now assistance lead submits successfully on Electric Commercial Vehicle Under 1 Lakh","AllLeadForm - ElectricSubCategory [under1Lakh] [en] — Electric Commercial Vehicle Under 1 Lakh","2026-10-09","skipped","2026-10-09","","","",""
"","2831","TC-ESC-04: Call Now assistance lead submits successfully on Electric E Rickshaw","AllLeadForm - ElectricSubCategory [eRickshaw] [en] — Electric E Rickshaw","2026-10-09","passed","2026-10-09","","","",""
"","3594","TC-CL-04: Call Now assistance lead submits successfully on LNG Trucks","CategoryPages - CategoryListing [lng] [en] — LNG Trucks","2026-10-09","passed","2026-10-09","","","",""
"","2021","TC-BGT-03: Check Truck Price lead form rejects mobile that is not 10 digits on Trucks Under 40 Lakh","AllLeadForm - Budget [under40Lakh] [en] — Trucks Under 40 Lakh","2026-10-09","passed","2026-10-09","","","",""
"","1568","TC-BUSVAR-02: Check Offers lead form shows required validation when submitted empty on Tata Starbus Staff Contract 40+D LP 909/52 CNG","AllLeadForm - BusVariant [starbus40dLp909] [en] — Tata Starbus Staff Contract 40+D LP 909/52 CNG","2026-10-09","passed","2026-10-09","","","",""
"","2738","TC-TIY-22: Check Offers lead form requires location even when name and mobile are valid","AllLeadForm - Homepage TruckInIndia [en]","2026-10-09","passed","2026-10-09","","","",""
"","316","TC-PDPI-05: lead submits successfully on Tata Yodha 2.0 Reviews","PDP - NewTruckInternalPages [yodhaReview] [en] — Tata Yodha 2.0 Reviews","2026-10-09","skipped","2026-10-09","","","",""
"","8256","TC-CUS-01: Submit Request enquiry submits successfully on Contact Us","AllLeadForm - ContactUs [en] — Contact Us","2026-10-09","passed","2026-10-09","","","",""
"","1697","TC-CB-03: Check Truck Price lead form rejects mobile that is not 10 digits on BharatBenz 6 Wheeler Trucks","AllLeadForm - CategoryBrand [sixWheelerBharatBenz] [en] — BharatBenz 6 Wheeler Trucks","2026-10-09","passed","2026-10-09","","","",""
"","4877","TC-CL-01: Check Truck Price lead submits successfully on 10 Wheeler","CategoryPages - CategoryListing [tenWheeler] [en] — 10 Wheeler","2026-10-09","passed","2026-10-09","","","",""
"","3442","TC-TBR-03: Check Truck Price lead form rejects mobile that is not 10 digits on Tata Trucks","CategoryPages - CategoryListing [tataBrand] [en] — Tata Trucks","2026-10-09","passed","2026-10-09","","","",""
"","1812","TC-BUS-02: lead form shows required validation when submitted empty on New Buses","AllLeadForm - BusListing [newBuses] [en] — New Buses","2026-10-09","passed","2026-10-09","","","",""
"","4361","TC-PL-03: Check Truck Price lead form rejects mobile that is not 10 digits on 5 ton - 10 ton Trucks","CategoryPages - CategoryListing [ton5to10] [en] — 5 ton - 10 ton Trucks","2026-10-09","passed","2026-10-09","","","",""
"","1405","TC-SPB-01: Talk To Dealer lead submits successfully on Tata Spare Parts Dealers","AllLeadForm - SparePartsBrand [tata] [en] — Tata Spare Parts Dealers","2026-10-09","broken","2026-10-09","","","",""
"","963","TC-SPB-02: Talk To Dealer lead form shows required validation when submitted empty on Tata Spare Parts Dealers","AllLeadForm - SparePartsBrand [tata] [en] — Tata Spare Parts Dealers","2026-10-09","broken","2026-10-09","","","",""
"","4056","TC-PDPI-03: Check Offers lead form rejects mobile that is not 10 digits on Tata Yodha 2.0 Images","PDP - NewTruckInternalPages [yodhaImages] [en] — Tata Yodha 2.0 Images","2026-10-09","passed","2026-10-09","","","",""
"","2919","TC-PL-04: Call Now assistance lead submits successfully on Under 1 Ton Trucks","CategoryPages - CategoryListing [under1Ton] [en] — Under 1 Ton Trucks","2026-10-09","passed","2026-10-09","","","",""
"","1540","TC-VHR-05: Check Offers lead form rejects mobile that is not 10 digits on Vehicle Report","AllLeadForm - VehicleReport [en]","2026-10-09","passed","2026-10-09","","","",""
"","491","TC-SPB-03: Talk To Dealer lead form rejects mobile that is not 10 digits on Tata Spare Parts Dealers","AllLeadForm - SparePartsBrand [tata] [en] — Tata Spare Parts Dealers","2026-10-09","broken","2026-10-09","","","",""
"","1697","TC-CL-03: Check Truck Price lead form rejects mobile that is not 10 digits on LCV","CategoryPages - CategoryListing [lcv] [en] — LCV","2026-10-09","passed","2026-10-09","","","",""
"","9024","TC-CL-01: Check Truck Price lead submits successfully on Tippers","CategoryPages - CategoryListing [tippers] [en] — Tippers","2026-10-09","passed","2026-10-09","","","",""
"","2726","TC-BGT-02: Check Truck Price lead form shows required validation when submitted empty on Trucks Under 5 Lakh","AllLeadForm - Budget [under5Lakh] [en] — Trucks Under 5 Lakh","2026-10-09","passed","2026-10-09","","","",""
"","8599","TC-CB-01: Check Truck Price lead submits successfully on Ashok Leyland 4 Wheeler Trucks","AllLeadForm - CategoryBrand [fourWheelerAshokLeyland] [en] — Ashok Leyland 4 Wheeler Trucks","2026-10-09","passed","2026-10-09","","","",""
"","19287","TC-BGT-01: Check Truck Price lead submits successfully on Trucks Under 15 Lakh","AllLeadForm - Budget [under15Lakh] [en] — Trucks Under 15 Lakh","2026-10-09","failed","2026-10-09","","","",""
"**Test Case ID:** TC-ECV-03
**Title:** One Check Offers lead submits successfully
**Language:** en

**Description:**
Open Check Offers once from a card in Electric Commercial Vehicles, fill name, mobile and city, and submit.

**Expected Result:**
A Thank You confirmation is shown after a successful lead submission.

**Steps:**
1. Open Electric Commercial Vehicles
2. Open Check Offers
3. Fill and submit the lead form","11405","TC-ECV-03: one Check Offers lead submits successfully","AllLeadForm - Homepage ElectricCommercialVehicles [en]","2026-10-09","passed","2026-10-09","","","",""
"","3086","TC-ESC-04: Call Now assistance lead submits successfully on Electric Pickup","AllLeadForm - ElectricSubCategory [pickup] [en] — Electric Pickup","2026-10-09","passed","2026-10-09","","","",""
"","3781","TC-BUS-01: lead submits successfully on Tata Buses","AllLeadForm - BusListing [tataBuses] [en] — Tata Buses","2026-10-09","passed","2026-10-09","","","",""
"","3638","TC-BUS-01: lead submits successfully on Popular Buses","AllLeadForm - BusListing [popularBuses] [en] — Popular Buses","2026-10-09","passed","2026-10-09","","","",""
"**Test Case ID:** TC-NLP-07
**Title:** Check Offers lead form rejects mobile that is not 10 digits on Upcoming Trucks
**Language:** en

**Description:**
Open the Upcoming Trucks listing page, open Check Offers, fill a valid name, an invalid (5-digit) mobile number, and leave city empty, then submit.

**Expected Result:**
The real, page-shown mobile-format and location-required validation messages are displayed, and no lead is submitted.

**Steps:**
1. Open the Upcoming Trucks listing page
2. Click Check Offers to open its lead form
3. Fill a valid name and an invalid mobile number
4. Submit with city left empty
5. Verify the mobile-format and location validation messages are shown","1777","TC-NLP-07: Check Offers lead form rejects mobile that is not 10 digits on Upcoming Trucks","ListingPages - NewListingPages [upcomingTrucks] [en] — Upcoming Trucks","2026-10-09","passed","2026-10-09","","","",""
"","3070","TC-BGT-04: Call Now assistance lead submits successfully on Trucks Above 40 Lakh","AllLeadForm - Budget [above40Lakh] [en] — Trucks Above 40 Lakh","2026-10-09","passed","2026-10-09","","","",""
"","5463","TC-TIY-18: Latest Check Offers submits lead and shows Thank You modal","AllLeadForm - Homepage TruckInIndia [en]","2026-10-09","passed","2026-10-09","","","",""
"","511","TC-DLC-03: Talk To Dealer lead form rejects mobile that is not 10 digits on Truck Dealers in Jaipur, Rajasthan","AllLeadForm - DealerCity [jaipur] [en] — Truck Dealers in Jaipur, Rajasthan","2026-10-09","broken","2026-10-09","","","",""
"","1208","TC-CVP-03: Check Offers lead form shows required validation when submitted empty on CV Permit","AllLeadForm - CvPermit [en]","2026-10-09","passed","2026-10-09","","","",""
"","2558","TC-EV-04: Check Truck Price lead form rejects mobile that is not 10 digits on Electric Commercial Vehicles","AllLeadForm - ElectricVehicle [en] — Electric Commercial Vehicles","2026-10-09","passed","2026-10-09","","","",""
"","700","TC-SCB-01: Talk To Dealer lead submits successfully on Ashok Leyland Service Centers","AllLeadForm - ServiceCenterBrand [ashokLeyland] [en] — Ashok Leyland Service Centers","2026-10-09","broken","2026-10-09","","","",""
"","4383","TC-ESC-04: Call Now assistance lead submits successfully on Electric Auto Rickshaw","AllLeadForm - ElectricSubCategory [autoRickshaw] [en] — Electric Auto Rickshaw","2026-10-09","passed","2026-10-09","","","",""
"","279","TC-NLP-05: Call Now lead submits successfully on Best Trucks","ListingPages - NewListingPages [bestTrucks] [en] — Best Trucks","2026-10-09","skipped","2026-10-09","","","",""
"","1824","TC-NLP-01: Check Offers lead submits successfully on Popular Truck","ListingPages - NewListingPages [popularTrucks] [en] — Popular Truck","2026-10-09","skipped","2026-10-09","","","",""
"","8227","TC-TSR-01: Check Truck Price lead submits successfully on Tata Ace","CategoryPages - CategoryListing [tataAce] [en] — Tata Ace","2026-10-09","passed","2026-10-09","","","",""
"","1282","TC-CL-02: Check Truck Price lead form shows required validation when submitted empty on Petrol Trucks","CategoryPages - CategoryListing [petrol] [en] — Petrol Trucks","2026-10-09","passed","2026-10-09","","","",""
"","1731","TC-CL-03: Check Truck Price lead form rejects mobile that is not 10 digits on Petrol Trucks","CategoryPages - CategoryListing [petrol] [en] — Petrol Trucks","2026-10-09","passed","2026-10-09","","","",""
"","2269","TC-BGT-03: Check Truck Price lead form rejects mobile that is not 10 digits on Trucks Under 30 Lakh","AllLeadForm - Budget [under30Lakh] [en] — Trucks Under 30 Lakh","2026-10-09","passed","2026-10-09","","","",""
"","1564","TC-PL-03: Check Truck Price lead form rejects mobile that is not 10 digits on 40 ton - 300 ton Trucks","CategoryPages - CategoryListing [ton40to300] [en] — 40 ton - 300 ton Trucks","2026-10-09","passed","2026-10-09","","","",""
"","1387","TC-BUSVAR-03: Check Offers lead form rejects mobile that is not 10 digits on Tata Starbus Staff Contract 40+D LP 909/52 CNG","AllLeadForm - BusVariant [starbus40dLp909] [en] — Tata Starbus Staff Contract 40+D LP 909/52 CNG","2026-10-09","passed","2026-10-09","","","",""
"","1627","TC-CB-03: Check Truck Price lead form rejects mobile that is not 10 digits on Eicher 4 Wheeler Trucks","AllLeadForm - CategoryBrand [fourWheelerEicher] [en] — Eicher 4 Wheeler Trucks","2026-10-09","passed","2026-10-09","","","",""
"","1286","TC-CL-02: Check Truck Price lead form shows required validation when submitted empty on LNG Trucks","CategoryPages - CategoryListing [lng] [en] — LNG Trucks","2026-10-09","passed","2026-10-09","","","",""
"","1729","TC-CL-03: Check Truck Price lead form rejects mobile that is not 10 digits on Mini Trucks","CategoryPages - CategoryListing [miniTrucks] [en] — Mini Trucks","2026-10-09","passed","2026-10-09","","","",""
"","7586","TC-BUSVAR-01: Check Offers lead submits successfully on Tata Starbus Staff Contract 40+D LP 909/52 CNG","AllLeadForm - BusVariant [starbus40dLp909] [en] — Tata Starbus Staff Contract 40+D LP 909/52 CNG","2026-10-09","passed","2026-10-09","","","",""
"","4751","TC-EV-02: Call Now assistance lead submits successfully on Electric Commercial Vehicles","AllLeadForm - ElectricVehicle [en] — Electric Commercial Vehicles","2026-10-09","passed","2026-10-09","","","",""
"","2899","TC-CL-04: Call Now assistance lead submits successfully on Bi Fuel Trucks","CategoryPages - CategoryListing [biFuel] [en] — Bi Fuel Trucks","2026-10-09","passed","2026-10-09","","","",""
"","1325","TC-CL-02: Check Truck Price lead form shows required validation when submitted empty on ICV","CategoryPages - CategoryListing [icv] [en] — ICV","2026-10-09","passed","2026-10-09","","","",""
"","19892","TC-PDPI-01: Check Offers lead submits successfully on Eka 3W Cargo Price in Mumbai","PDP - NewTruckInternalPages [ekaPriceMumbai] [en] — Eka 3W Cargo Price in Mumbai","2026-10-09","failed","2026-10-09","","","",""
"","3711","TC-BUT-02: Contact Seller lead form shows required validation when submitted empty on Buy Used Trucks","AllLeadForm - BuyUsedTrucks [en]","2026-10-09","passed","2026-10-09","","","",""
"","29","TC-PDPI-05: lead submits successfully on Eka 3W Cargo Reviews","PDP - NewTruckInternalPages [ekaReview] [en] — Eka 3W Cargo Reviews","2026-10-09","skipped","2026-10-09","","","",""
"","502","TC-SPB-03: Talk To Dealer lead form rejects mobile that is not 10 digits on Mahindra Spare Parts Dealers","AllLeadForm - SparePartsBrand [mahindra] [en] — Mahindra Spare Parts Dealers","2026-10-09","broken","2026-10-09","","","",""
"","2776","TC-CB-04: Call Now assistance lead submits successfully on Ashok Leyland Transit Mixers","AllLeadForm - CategoryBrand [transitMixerAshokLeyland] [en] — Ashok Leyland Transit Mixers","2026-10-09","passed","2026-10-09","","","",""
"","1425","TC-BUSVAR-03: Check Offers lead form rejects mobile that is not 10 digits on Tata Starbus Staff Contract 24+D LP 407/36 CNG","AllLeadForm - BusVariant [starbus24dLp407] [en] — Tata Starbus Staff Contract 24+D LP 407/36 CNG","2026-10-09","passed","2026-10-09","","","",""
"","282","TC-CL-04: Call Now assistance lead submits successfully on 12 Wheeler","CategoryPages - CategoryListing [twelveWheeler] [en] — 12 Wheeler","2026-10-09","skipped","2026-10-09","","","",""
"","2373","TC-BBG-03: Check Truck Price lead form rejects mobile that is not 10 digits on Ashok Leyland Trucks Under 30 Lakh","AllLeadForm - BrandBudget [ashokLeylandUnder30Lakh] [en] — Ashok Leyland Trucks Under 30 Lakh","2026-10-09","passed","2026-10-09","","","",""
"","1207","TC-CL-02: Check Truck Price lead form shows required validation when submitted empty on 8 Wheeler","CategoryPages - CategoryListing [eightWheeler] [en] — 8 Wheeler","2026-10-09","passed","2026-10-09","","","",""
"","571","TC-DBC-02: Talk To Dealer lead form shows required validation when submitted empty on Tata Truck Dealers in Ahmedabad, Gujarat","AllLeadForm - DealerBrandCity [tataAhmedabad] [en] — Tata Truck Dealers in Ahmedabad, Gujarat","2026-10-09","broken","2026-10-09","","","",""
"","5622","TC-CT-01: Check Offers lead submits successfully on Compare Trucks","AllLeadForm - CompareTrucks [en]","2026-10-09","passed","2026-10-09","","","",""
"","1230","TC-CB-02: Check Truck Price lead form shows required validation when submitted empty on Ashok Leyland Transit Mixers","AllLeadForm - CategoryBrand [transitMixerAshokLeyland] [en] — Ashok Leyland Transit Mixers","2026-10-09","passed","2026-10-09","","","",""
"","1729","TC-UTPDP-02: Contact Seller lead form shows required validation when submitted empty on Used Truck Detail","AllLeadForm - UsedTruckPdp [en]","2026-10-09","passed","2026-10-09","","","",""
"","587","TC-DLC-01: Talk To Dealer lead submits successfully on Truck Dealers in Jaipur, Rajasthan","AllLeadForm - DealerCity [jaipur] [en] — Truck Dealers in Jaipur, Rajasthan","2026-10-09","broken","2026-10-09","","","",""
"","1667","TC-BR-05: Download Brochure lead form shows required validation when submitted empty on Brochure","AllLeadForm - Brochure [en]","2026-10-09","passed","2026-10-09","","","",""
"","338","TC-CL-04: Call Now assistance lead submits successfully on Mini Trucks","CategoryPages - CategoryListing [miniTrucks] [en] — Mini Trucks","2026-10-09","skipped","2026-10-09","","","",""
"","1711","TC-BUS-03: lead form rejects mobile that is not 10 digits on New Buses","AllLeadForm - BusListing [newBuses] [en] — New Buses","2026-10-09","passed","2026-10-09","","","",""
"","432","TC-DLB-01: Talk To Dealer lead submits successfully on Atul 3 Wheeler Dealers","AllLeadForm - DealerBrand [atul] [en] — Atul 3 Wheeler Dealers","2026-10-09","broken","2026-10-09","","","",""
"**Test Case ID:** TC-NLP-04
**Title:** Notify Me lead submits successfully on Latest Trucks
**Language:** en

**Description:**
Open the Latest Trucks listing page, click Notify Me to open its lead form, fill name, mobile and city, and submit.

**Expected Result:**
A Thank You confirmation is shown after a successful lead submission. The submitted name is tagged with a page/CTA identifier for CRM traceability.

**Steps:**
1. Open the Latest Trucks listing page
2. Click Notify Me to open its lead form
3. Fill name, mobile and city
4. Submit and verify the confirmation","3267","TC-NLP-04: Notify Me lead submits successfully on Latest Trucks","ListingPages - NewListingPages [latestTrucks] [en] — Latest Trucks","2026-10-09","passed","2026-10-09","","","",""
"**Test Case ID:** TC-NLP-06
**Title:** Check Offers lead form shows required validation when submitted empty on Upcoming Trucks
**Language:** en

**Description:**
Open the Upcoming Trucks listing page, open Check Offers, and submit with name, mobile and city all left empty.

**Expected Result:**
The real, page-shown validation messages for name, mobile and location are displayed, and no lead is submitted.

**Steps:**
1. Open the Upcoming Trucks listing page
2. Click Check Offers to open its lead form
3. Leave name, mobile and city empty and submit
4. Verify all three required-field validation messages are shown","1423","TC-NLP-06: Check Offers lead form shows required validation when submitted empty on Upcoming Trucks","ListingPages - NewListingPages [upcomingTrucks] [en] — Upcoming Trucks","2026-10-09","passed","2026-10-09","","","",""
"","4974","TC-UTPDP-01: Contact Seller lead submits successfully on Used Truck Detail","AllLeadForm - UsedTruckPdp [en]","2026-10-09","passed","2026-10-09","","","",""
"**Test Case ID:** TC-NLP-05
**Title:** Call Now lead submits successfully on Find New Trucks
**Language:** en

**Description:**
Open the Find New Trucks listing page, click Call Now to open its lead form, fill name, mobile and city, and submit.

**Expected Result:**
The assistance lead form closes after a successful submission (verified via the real submit network call). The submitted name is tagged with a page/CTA identifier for CRM traceability.

**Steps:**
1. Open the Find New Trucks listing page
2. Click Call Now to open its lead form
3. Fill name, mobile and city
4. Submit and verify the confirmation","3144","TC-NLP-05: Call Now lead submits successfully on Find New Trucks","ListingPages - NewListingPages [newTrucks] [en] — Find New Trucks","2026-10-09","passed","2026-10-09","","","",""
"","1829","TC-DBC-02: Talk To Dealer lead form shows required validation when submitted empty on Tata Truck Dealers in Pune, Maharashtra","AllLeadForm - DealerBrandCity [tataPune] [en] — Tata Truck Dealers in Pune, Maharashtra","2026-10-09","broken","2026-10-09","","","",""
"","3577","TC-CL-01: Check Truck Price lead submits successfully on Auto Rickshaw","CategoryPages - CategoryListing [autoRickshaw] [en] — Auto Rickshaw","2026-10-09","passed","2026-10-09","","","",""
"","1642","TC-TSR-03: Check Truck Price lead form rejects mobile that is not 10 digits on Tata Ace","CategoryPages - CategoryListing [tataAce] [en] — Tata Ace","2026-10-09","passed","2026-10-09","","","",""
"**Test Case ID:** TC-NLP-06
**Title:** Check Offers lead form shows required validation when submitted empty on Best Trucks
**Language:** en

**Description:**
Open the Best Trucks listing page, open Check Offers, and submit with name, mobile and city all left empty.

**Expected Result:**
The real, page-shown validation messages for name, mobile and location are displayed, and no lead is submitted.

**Steps:**
1. Open the Best Trucks listing page
2. Click Check Offers to open its lead form
3. Leave name, mobile and city empty and submit
4. Verify all three required-field validation messages are shown","2366","TC-NLP-06: Check Offers lead form shows required validation when submitted empty on Best Trucks","ListingPages - NewListingPages [bestTrucks] [en] — Best Trucks","2026-10-09","passed","2026-10-09","","","",""
"","1524","TC-CB-03: Check Truck Price lead form rejects mobile that is not 10 digits on Ashok Leyland Mini Trucks","AllLeadForm - CategoryBrand [miniTruckAshokLeyland] [en] — Ashok Leyland Mini Trucks","2026-10-09","passed","2026-10-09","","","",""
"","1278","TC-BBG-02: Check Truck Price lead form shows required validation when submitted empty on Ashok Leyland Trucks Above 40 Lakh","AllLeadForm - BrandBudget [ashokLeylandAbove40Lakh] [en] — Ashok Leyland Trucks Above 40 Lakh","2026-10-09","passed","2026-10-09","","","",""
"","2451","TC-CL-03: Check Truck Price lead form rejects mobile that is not 10 digits on 3 Wheeler","CategoryPages - CategoryListing [threeWheeler] [en] — 3 Wheeler","2026-10-09","passed","2026-10-09","","","",""
"","5551","TC-BBG-01: Check Truck Price lead submits successfully on Ashok Leyland Trucks Above 40 Lakh","AllLeadForm - BrandBudget [ashokLeylandAbove40Lakh] [en] — Ashok Leyland Trucks Above 40 Lakh","2026-10-09","passed","2026-10-09","","","",""
"","2676","TC-NTPDP-03: Get Offers lead submits successfully for Eka 3W Cargo","AllLeadForm - NewTruckPdp [leastPopular] [en] — Eka 3W Cargo","2026-10-09","passed","2026-10-09","","","",""
"","267","TC-CL-04: Call Now assistance lead submits successfully on 14 Wheeler","CategoryPages - CategoryListing [fourteenWheeler] [en] — 14 Wheeler","2026-10-09","skipped","2026-10-09","","","",""
"","5356","TC-VHR-01: Check Offers lead submits successfully on Vehicle Report","AllLeadForm - VehicleReport [en]","2026-10-09","passed","2026-10-09","","","",""
"","1299","TC-CL-02: Check Truck Price lead form shows required validation when submitted empty on 6 Wheeler","CategoryPages - CategoryListing [sixWheeler] [en] — 6 Wheeler","2026-10-09","passed","2026-10-09","","","",""
"","4508","TC-LMC-07: one Check Offers lead from scv tab submits successfully","AllLeadForm - Homepage LatestModelsByCategory [en]","2026-10-09","passed","2026-10-09","","","",""
"","3764","TC-PDPI-02: Get On Road Price lead form shows required validation when submitted empty on Tata Yodha 2.0 Price in Gurgaon","PDP - NewTruckInternalPages [yodhaPriceGurgaon] [en] — Tata Yodha 2.0 Price in Gurgaon","2026-10-09","passed","2026-10-09","","","",""
"","17947","TC-CL-01: Check Truck Price lead submits successfully on ICV","CategoryPages - CategoryListing [icv] [en] — ICV","2026-10-09","failed","2026-10-09","","","",""
"","2764","TC-CB-04: Call Now assistance lead submits successfully on Ashok Leyland Pickups","AllLeadForm - CategoryBrand [pickupAshokLeyland] [en] — Ashok Leyland Pickups","2026-10-09","passed","2026-10-09","","","",""
"**Test Case ID:** TC-NLP-02
**Title:** Check Truck Price lead submits successfully on Find New Trucks
**Language:** en

**Description:**
Open the Find New Trucks listing page, click Check Truck Price to open its lead form, fill name, mobile and city, and submit.

**Expected Result:**
A Thank You confirmation is shown after a successful lead submission. The submitted name is tagged with a page/CTA identifier for CRM traceability.

**Steps:**
1. Open the Find New Trucks listing page
2. Click Check Truck Price to open its lead form
3. Fill name, mobile and city
4. Submit and verify the confirmation","3879","TC-NLP-02: Check Truck Price lead submits successfully on Find New Trucks","ListingPages - NewListingPages [newTrucks] [en] — Find New Trucks","2026-10-09","passed","2026-10-09","","","",""
"","7090","TC-LMC-05: one Check Offers lead from eRickshaw tab submits successfully","AllLeadForm - Homepage LatestModelsByCategory [en]","2026-10-09","passed","2026-10-09","","","",""
"","4879","TC-PL-01: Check Truck Price lead submits successfully on 5 ton - 10 ton Trucks","CategoryPages - CategoryListing [ton5to10] [en] — 5 ton - 10 ton Trucks","2026-10-09","passed","2026-10-09","","","",""
"","341","TC-NLP-04: Notify Me lead submits successfully on Best Trucks","ListingPages - NewListingPages [bestTrucks] [en] — Best Trucks","2026-10-09","skipped","2026-10-09","","","",""
"","4083","TC-BBG-04: Call Now assistance lead submits successfully on Eicher Trucks Under 20 Lakh","AllLeadForm - BrandBudget [eicherUnder20Lakh] [en] — Eicher Trucks Under 20 Lakh","2026-10-09","passed","2026-10-09","","","",""
"","489","TC-DBC-03: Talk To Dealer lead form rejects mobile that is not 10 digits on Tata Truck Dealers in Ahmedabad, Gujarat","AllLeadForm - DealerBrandCity [tataAhmedabad] [en] — Tata Truck Dealers in Ahmedabad, Gujarat","2026-10-09","broken","2026-10-09","","","",""
"**Test Case ID:** TC-NLP-07
**Title:** Check Offers lead form rejects mobile that is not 10 digits on Find New Trucks
**Language:** en

**Description:**
Open the Find New Trucks listing page, open Check Offers, fill a valid name, an invalid (5-digit) mobile number, and leave city empty, then submit.

**Expected Result:**
The real, page-shown mobile-format and location-required validation messages are displayed, and no lead is submitted.

**Steps:**
1. Open the Find New Trucks listing page
2. Click Check Offers to open its lead form
3. Fill a valid name and an invalid mobile number
4. Submit with city left empty
5. Verify the mobile-format and location validation messages are shown","2859","TC-NLP-07: Check Offers lead form rejects mobile that is not 10 digits on Find New Trucks","ListingPages - NewListingPages [newTrucks] [en] — Find New Trucks","2026-10-09","passed","2026-10-09","","","",""
"","1513","TC-CB-03: Check Truck Price lead form rejects mobile that is not 10 digits on Eicher Mini Trucks","AllLeadForm - CategoryBrand [miniTruckEicher] [en] — Eicher Mini Trucks","2026-10-09","passed","2026-10-09","","","",""
"","946","TC-BUSVAR-02: Check Offers lead form shows required validation when submitted empty on Tata Starbus Staff Contract 40+D AC LP 913/52 CNG","AllLeadForm - BusVariant [starbus40dAcLp913] [en] — Tata Starbus Staff Contract 40+D AC LP 913/52 CNG","2026-10-09","passed","2026-10-09","","","",""
"","5490","TC-LMC-04: one Check Offers lead from autoRickshaw tab submits successfully","AllLeadForm - Homepage LatestModelsByCategory [en]","2026-10-09","passed","2026-10-09","","","",""
"","2885","TC-ESC-04: Call Now assistance lead submits successfully on Electric 3 Wheeler","AllLeadForm - ElectricSubCategory [threeWheeler] [en] — Electric 3 Wheeler","2026-10-09","passed","2026-10-09","","","",""
"","1620","TC-CB-02: Check Truck Price lead form shows required validation when submitted empty on Ashok Leyland Tippers","AllLeadForm - CategoryBrand [tippersAshokLeyland] [en] — Ashok Leyland Tippers","2026-10-09","passed","2026-10-09","","","",""
"","3701","TC-CL-04: Call Now assistance lead submits successfully on Diesel Trucks","CategoryPages - CategoryListing [diesel] [en] — Diesel Trucks","2026-10-09","passed","2026-10-09","","","",""
"","3417","TC-CB-01: Check Truck Price lead submits successfully on Eicher Mini Trucks","AllLeadForm - CategoryBrand [miniTruckEicher] [en] — Eicher Mini Trucks","2026-10-09","passed","2026-10-09","","","",""
"","3102","TC-CL-03: Check Truck Price lead form rejects mobile that is not 10 digits on LNG Trucks","CategoryPages - CategoryListing [lng] [en] — LNG Trucks","2026-10-09","passed","2026-10-09","","","",""
"","421","TC-DLB-03: Talk To Dealer lead form rejects mobile that is not 10 digits on Ashok Leyland Truck Dealers","AllLeadForm - DealerBrand [ashokLeyland] [en] — Ashok Leyland Truck Dealers","2026-10-09","broken","2026-10-09","","","",""
"","2066","TC-VHR-03: Check Vehicle Report lead requests OTP successfully on Vehicle Report","AllLeadForm - VehicleReport [en]","2026-10-09","passed","2026-10-09","","","",""
"","1727","TC-BUS-03: lead form rejects mobile that is not 10 digits on Ashok Leyland Buses","AllLeadForm - BusListing [ashokLeylandBuses] [en] — Ashok Leyland Buses","2026-10-09","passed","2026-10-09","","","",""
"","1648","TC-BBG-03: Check Truck Price lead form rejects mobile that is not 10 digits on Ashok Leyland Trucks Under 15 Lakh","AllLeadForm - BrandBudget [ashokLeylandUnder15Lakh] [en] — Ashok Leyland Trucks Under 15 Lakh","2026-10-09","passed","2026-10-09","","","",""
"","3222","TC-TSR-01: Check Truck Price lead submits successfully on Mahindra Blazo","CategoryPages - CategoryListing [mahindraBlazo] [en] — Mahindra Blazo","2026-10-09","passed","2026-10-09","","","",""
"","1637","TC-CB-03: Check Truck Price lead form rejects mobile that is not 10 digits on Ashok Leyland 10 Wheeler Trucks","AllLeadForm - CategoryBrand [tenWheelerAshokLeyland] [en] — Ashok Leyland 10 Wheeler Trucks","2026-10-09","passed","2026-10-09","","","",""
"","17076","TC-BR-02: Download Brochure lead submits successfully from the ""Popular"" tab on Brochure","AllLeadForm - Brochure [en]","2026-10-09","failed","2026-10-09","","","",""
"","1584","TC-CL-03: Check Truck Price lead form rejects mobile that is not 10 digits on Hydrogen Trucks","CategoryPages - CategoryListing [hydrogen] [en] — Hydrogen Trucks","2026-10-09","passed","2026-10-09","","","",""
"","1609","TC-CB-03: Check Truck Price lead form rejects mobile that is not 10 digits on Ashok Leyland Pickups","AllLeadForm - CategoryBrand [pickupAshokLeyland] [en] — Ashok Leyland Pickups","2026-10-09","passed","2026-10-09","","","",""
"","216","TC-CL-04: Call Now assistance lead submits successfully on 8 Wheeler","CategoryPages - CategoryListing [eightWheeler] [en] — 8 Wheeler","2026-10-09","skipped","2026-10-09","","","",""
"","3677","TC-PDPI-02: Check Offers lead form shows required validation when submitted empty on Tata Yodha 2.0 Mileage","PDP - NewTruckInternalPages [yodhaMileage] [en] — Tata Yodha 2.0 Mileage","2026-10-09","passed","2026-10-09","","","",""
"**Test Case ID:** TC-NLP-07
**Title:** Check Offers lead form rejects mobile that is not 10 digits on BS6 Trucks
**Language:** en

**Description:**
Open the BS6 Trucks listing page, open Check Offers, fill a valid name, an invalid (5-digit) mobile number, and leave city empty, then submit.

**Expected Result:**
The real, page-shown mobile-format and location-required validation messages are displayed, and no lead is submitted.

**Steps:**
1. Open the BS6 Trucks listing page
2. Click Check Offers to open its lead form
3. Fill a valid name and an invalid mobile number
4. Submit with city left empty
5. Verify the mobile-format and location validation messages are shown","2838","TC-NLP-07: Check Offers lead form rejects mobile that is not 10 digits on BS6 Trucks","ListingPages - NewListingPages [bs6Trucks] [en] — BS6 Trucks","2026-10-09","passed","2026-10-09","","","",""
"","1751","TC-CL-03: Check Truck Price lead form rejects mobile that is not 10 digits on 4 Wheeler","CategoryPages - CategoryListing [fourWheeler] [en] — 4 Wheeler","2026-10-09","passed","2026-10-09","","","",""
"","2807","TC-PL-04: Call Now assistance lead submits successfully on 40 ton - 300 ton Trucks","CategoryPages - CategoryListing [ton40to300] [en] — 40 ton - 300 ton Trucks","2026-10-09","passed","2026-10-09","","","",""
"","298","TC-CL-04: Call Now assistance lead submits successfully on Transit Mixer","CategoryPages - CategoryListing [transitMixer] [en] — Transit Mixer","2026-10-09","skipped","2026-10-09","","","",""
"","3091","TC-TSR-01: Check Truck Price lead submits successfully on Mahindra Bolero","CategoryPages - CategoryListing [mahindraBolero] [en] — Mahindra Bolero","2026-10-09","passed","2026-10-09","","","",""
"","18366","TC-BGT-01: Check Truck Price lead submits successfully on Trucks Under 30 Lakh","AllLeadForm - Budget [under30Lakh] [en] — Trucks Under 30 Lakh","2026-10-09","failed","2026-10-09","","","",""
"","316","TC-TSR-04: Call Now assistance lead submits successfully on Ashok Leyland Dost","CategoryPages - CategoryListing [ashokLeylandDost] [en] — Ashok Leyland Dost","2026-10-09","skipped","2026-10-09","","","",""
"","1669","TC-BBG-02: Check Truck Price lead form shows required validation when submitted empty on Ashok Leyland Trucks Under 15 Lakh","AllLeadForm - BrandBudget [ashokLeylandUnder15Lakh] [en] — Ashok Leyland Trucks Under 15 Lakh","2026-10-09","passed","2026-10-09","","","",""
"","2927","TC-CB-04: Call Now assistance lead submits successfully on Ashok Leyland 10 Wheeler Trucks","AllLeadForm - CategoryBrand [tenWheelerAshokLeyland] [en] — Ashok Leyland 10 Wheeler Trucks","2026-10-09","passed","2026-10-09","","","",""
"","3235","TC-LMC-11: Check Offers lead form rejects mobile that is not 10 digits","AllLeadForm - Homepage LatestModelsByCategory [en]","2026-10-09","passed","2026-10-09","","","",""
"","733","TC-CL-04: Call Now assistance lead submits successfully on 4 Wheeler","CategoryPages - CategoryListing [fourWheeler] [en] — 4 Wheeler","2026-10-09","skipped","2026-10-09","","","",""
"","1805","TC-CL-03: Check Truck Price lead form rejects mobile that is not 10 digits on ICV","CategoryPages - CategoryListing [icv] [en] — ICV","2026-10-09","passed","2026-10-09","","","",""
"","1508","TC-BGT-02: Check Truck Price lead form shows required validation when submitted empty on Trucks Under 40 Lakh","AllLeadForm - Budget [under40Lakh] [en] — Trucks Under 40 Lakh","2026-10-09","passed","2026-10-09","","","",""
"","4385","TC-CB-01: Check Truck Price lead submits successfully on BharatBenz 6 Wheeler Trucks","AllLeadForm - CategoryBrand [sixWheelerBharatBenz] [en] — BharatBenz 6 Wheeler Trucks","2026-10-09","passed","2026-10-09","","","",""
"","1774","TC-CL-03: Check Truck Price lead form rejects mobile that is not 10 digits on CNG Trucks","CategoryPages - CategoryListing [cng] [en] — CNG Trucks","2026-10-09","passed","2026-10-09","","","",""
"","1465","TC-BBG-02: Check Truck Price lead form shows required validation when submitted empty on Ashok Leyland Trucks Under 30 Lakh","AllLeadForm - BrandBudget [ashokLeylandUnder30Lakh] [en] — Ashok Leyland Trucks Under 30 Lakh","2026-10-09","passed","2026-10-09","","","",""
"","556","TC-CL-04: Call Now assistance lead submits successfully on 3 Wheeler","CategoryPages - CategoryListing [threeWheeler] [en] — 3 Wheeler","2026-10-09","skipped","2026-10-09","","","",""
"**Test Case ID:** TC-NLP-01
**Title:** Check Offers lead submits successfully on Best Trucks
**Language:** en

**Description:**
Open the Best Trucks listing page, click Check Offers to open its lead form, fill name, mobile and city, and submit.

**Expected Result:**
A Thank You confirmation is shown after a successful lead submission. The submitted name is tagged with a page/CTA identifier for CRM traceability.

**Steps:**
1. Open the Best Trucks listing page
2. Click Check Offers to open its lead form
3. Fill name, mobile and city
4. Submit and verify the confirmation","10740","TC-NLP-01: Check Offers lead submits successfully on Best Trucks","ListingPages - NewListingPages [bestTrucks] [en] — Best Trucks","2026-10-09","passed","2026-10-09","","","",""
"","463","TC-SPB-02: Talk To Dealer lead form shows required validation when submitted empty on Eicher Spare Parts Dealers","AllLeadForm - SparePartsBrand [eicher] [en] — Eicher Spare Parts Dealers","2026-10-09","broken","2026-10-09","","","",""
"","1621","TC-PDPI-02: Check Offers lead form shows required validation when submitted empty on Tata Yodha 2.0 Videos","PDP - NewTruckInternalPages [yodhaVideos] [en] — Tata Yodha 2.0 Videos","2026-10-09","passed","2026-10-09","","","",""
"","479","TC-SPB-01: Talk To Dealer lead submits successfully on Eicher Spare Parts Dealers","AllLeadForm - SparePartsBrand [eicher] [en] — Eicher Spare Parts Dealers","2026-10-09","broken","2026-10-09","","","",""
"","17742","TC-BUS-01: lead submits successfully on Mahindra Buses","AllLeadForm - BusListing [mahindraBuses] [en] — Mahindra Buses","2026-10-09","failed","2026-10-09","","","",""
"","327","TC-CL-04: Call Now assistance lead submits successfully on Auto Rickshaw","CategoryPages - CategoryListing [autoRickshaw] [en] — Auto Rickshaw","2026-10-09","skipped","2026-10-09","","","",""
"","47740","TC-CB-04: Call Now assistance lead submits successfully on Altigreen Auto Rickshaw","AllLeadForm - CategoryBrand [autoRickshawAltigreen] [en] — Altigreen Auto Rickshaw","2026-10-09","failed","2026-10-09","","","",""
"","283","TC-CL-04: Call Now assistance lead submits successfully on 16 Wheeler","CategoryPages - CategoryListing [sixteenWheeler] [en] — 16 Wheeler","2026-10-09","skipped","2026-10-09","","","",""
"","3608","TC-CL-01: Check Truck Price lead submits successfully on Mini Trucks","CategoryPages - CategoryListing [miniTrucks] [en] — Mini Trucks","2026-10-09","passed","2026-10-09","","","",""
"","24980","TC-PDPI-01: Check Offers lead submits successfully on Tata Yodha 2.0 Images","PDP - NewTruckInternalPages [yodhaImages] [en] — Tata Yodha 2.0 Images","2026-10-09","failed","2026-10-09","","","",""
"","1638","TC-BUS-03: lead form rejects mobile that is not 10 digits on Tata Buses","AllLeadForm - BusListing [tataBuses] [en] — Tata Buses","2026-10-09","passed","2026-10-09","","","",""
"","1565","TC-BUS-02: lead form shows required validation when submitted empty on Ashok Leyland Buses","AllLeadForm - BusListing [ashokLeylandBuses] [en] — Ashok Leyland Buses","2026-10-09","passed","2026-10-09","","","",""
"","2913","TC-CL-04: Call Now assistance lead submits successfully on ICV","CategoryPages - CategoryListing [icv] [en] — ICV","2026-10-09","passed","2026-10-09","","","",""
"","14726","TC-PDPI-01: Get On Road Price lead submits successfully on Tata Yodha 2.0 Price in Gurgaon","PDP - NewTruckInternalPages [yodhaPriceGurgaon] [en] — Tata Yodha 2.0 Price in Gurgaon","2026-10-09","passed","2026-10-09","","","",""
"","4477","TC-TIY-19: Upcoming Check Offers submits lead and shows Thank You modal","AllLeadForm - Homepage TruckInIndia [en]","2026-10-09","passed","2026-10-09","","","",""
"","4064","TC-PL-01: Check Truck Price lead submits successfully on 40 ton - 300 ton Trucks","CategoryPages - CategoryListing [ton40to300] [en] — 40 ton - 300 ton Trucks","2026-10-09","passed","2026-10-09","","","",""
"","1719","TC-CB-02: Check Truck Price lead form shows required validation when submitted empty on Ashok Leyland 4 Wheeler Trucks","AllLeadForm - CategoryBrand [fourWheelerAshokLeyland] [en] — Ashok Leyland 4 Wheeler Trucks","2026-10-09","passed","2026-10-09","","","",""
"","49155","TC-PL-04: Call Now assistance lead submits successfully on 2.5 ton - 5 ton Trucks","CategoryPages - CategoryListing [ton2_5to5] [en] — 2.5 ton - 5 ton Trucks","2026-10-09","failed","2026-10-09","","","",""
"**Test Case ID:** TC-NLP-05
**Title:** Call Now lead submits successfully on Upcoming Trucks
**Language:** en

**Description:**
Open the Upcoming Trucks listing page, click Call Now to open its lead form, fill name, mobile and city, and submit.

**Expected Result:**
The assistance lead form closes after a successful submission (verified via the real submit network call). The submitted name is tagged with a page/CTA identifier for CRM traceability.

**Steps:**
1. Open the Upcoming Trucks listing page
2. Click Call Now to open its lead form
3. Fill name, mobile and city
4. Submit and verify the confirmation","5386","TC-NLP-05: Call Now lead submits successfully on Upcoming Trucks","ListingPages - NewListingPages [upcomingTrucks] [en] — Upcoming Trucks","2026-10-09","passed","2026-10-09","","","",""
"","334","TC-CL-04: Call Now assistance lead submits successfully on Tippers","CategoryPages - CategoryListing [tippers] [en] — Tippers","2026-10-09","skipped","2026-10-09","","","",""
"","278","TC-CL-04: Call Now assistance lead submits successfully on 22 Wheeler","CategoryPages - CategoryListing [twentyTwoWheeler] [en] — 22 Wheeler","2026-10-09","skipped","2026-10-09","","","",""
"","837","TC-DLB-02: Talk To Dealer lead form shows required validation when submitted empty on Tata Truck Dealers","AllLeadForm - DealerBrand [tata] [en] — Tata Truck Dealers","2026-10-09","broken","2026-10-09","","","",""
"","1469","TC-SCB-01: Talk To Dealer lead submits successfully on Tata Service Centers","AllLeadForm - ServiceCenterBrand [tata] [en] — Tata Service Centers","2026-10-09","broken","2026-10-09","","","",""
"","4012","TC-PDPI-03: Check Offers lead form rejects mobile that is not 10 digits on Tata Yodha 2.0 Mileage","PDP - NewTruckInternalPages [yodhaMileage] [en] — Tata Yodha 2.0 Mileage","2026-10-09","passed","2026-10-09","","","",""
"","1717","TC-CL-03: Check Truck Price lead form rejects mobile that is not 10 digits on Auto Rickshaw","CategoryPages - CategoryListing [autoRickshaw] [en] — Auto Rickshaw","2026-10-09","passed","2026-10-09","","","",""
"**Test Case ID:** TC-NLP-07
**Title:** Check Offers lead form rejects mobile that is not 10 digits on Latest Trucks
**Language:** en

**Description:**
Open the Latest Trucks listing page, open Check Offers, fill a valid name, an invalid (5-digit) mobile number, and leave city empty, then submit.

**Expected Result:**
The real, page-shown mobile-format and location-required validation messages are displayed, and no lead is submitted.

**Steps:**
1. Open the Latest Trucks listing page
2. Click Check Offers to open its lead form
3. Fill a valid name and an invalid mobile number
4. Submit with city left empty
5. Verify the mobile-format and location validation messages are shown","2267","TC-NLP-07: Check Offers lead form rejects mobile that is not 10 digits on Latest Trucks","ListingPages - NewListingPages [latestTrucks] [en] — Latest Trucks","2026-10-09","passed","2026-10-09","","","",""
"","4582","TC-CVP-01: Check Offers lead submits successfully on CV Permit","AllLeadForm - CvPermit [en]","2026-10-09","passed","2026-10-09","","","",""
"","1041","TC-CT-02: Check Offers lead form shows required validation when submitted empty on Compare Trucks","AllLeadForm - CompareTrucks [en]","2026-10-09","passed","2026-10-09","","","",""
"","1581","TC-CL-03: Check Truck Price lead form rejects mobile that is not 10 digits on 22 Wheeler","CategoryPages - CategoryListing [twentyTwoWheeler] [en] — 22 Wheeler","2026-10-09","passed","2026-10-09","","","",""
"","1773","TC-CL-02: Check Truck Price lead form shows required validation when submitted empty on LCV","CategoryPages - CategoryListing [lcv] [en] — LCV","2026-10-09","passed","2026-10-09","","","",""
"","2745","TC-CB-01: Check Truck Price lead submits successfully on Atul 3 Wheeler","AllLeadForm - CategoryBrand [threeWheelerAtul] [en] — Atul 3 Wheeler","2026-10-09","passed","2026-10-09","","","",""
"","1938","TC-PDPI-03: Check Offers lead form rejects mobile that is not 10 digits on Tata Yodha 2.0 Reviews","PDP - NewTruckInternalPages [yodhaReview] [en] — Tata Yodha 2.0 Reviews","2026-10-09","passed","2026-10-09","","","",""
"","3964","TC-PDPI-02: Check Offers lead form shows required validation when submitted empty on Tata Yodha 2.0 Images","PDP - NewTruckInternalPages [yodhaImages] [en] — Tata Yodha 2.0 Images","2026-10-09","passed","2026-10-09","","","",""
"","499","TC-SCB-03: Talk To Dealer lead form rejects mobile that is not 10 digits on Mahindra Service Centers","AllLeadForm - ServiceCenterBrand [mahindra] [en] — Mahindra Service Centers","2026-10-09","broken","2026-10-09","","","",""
"","5443","TC-CL-01: Check Truck Price lead submits successfully on Pickups","CategoryPages - CategoryListing [pickups] [en] — Pickups","2026-10-09","passed","2026-10-09","","","",""
"","267","TC-NLP-03: Contact Seller lead submits successfully on BS6 Trucks","ListingPages - NewListingPages [bs6Trucks] [en] — BS6 Trucks","2026-10-09","skipped","2026-10-09","","","",""
"","2217","TC-TMO-03: Check Offers lead form rejects mobile that is not 10 digits on Offers","AllLeadForm - TabbedModelOffers [offers] [en] — Offers","2026-10-09","passed","2026-10-09","","","",""
"","3054","TC-CL-01: Check Truck Price lead submits successfully on 14 Wheeler","CategoryPages - CategoryListing [fourteenWheeler] [en] — 14 Wheeler","2026-10-09","passed","2026-10-09","","","",""
"","1625","TC-CB-03: Check Truck Price lead form rejects mobile that is not 10 digits on Atul 3 Wheeler","AllLeadForm - CategoryBrand [threeWheelerAtul] [en] — Atul 3 Wheeler","2026-10-09","passed","2026-10-09","","","",""
"","1434","TC-CL-02: Check Truck Price lead form shows required validation when submitted empty on Pickups","CategoryPages - CategoryListing [pickups] [en] — Pickups","2026-10-09","passed","2026-10-09","","","",""
"","1290","TC-PL-02: Check Truck Price lead form shows required validation when submitted empty on 5 ton - 10 ton Trucks","CategoryPages - CategoryListing [ton5to10] [en] — 5 ton - 10 ton Trucks","2026-10-09","passed","2026-10-09","","","",""
"","414","TC-DLC-03: Talk To Dealer lead form rejects mobile that is not 10 digits on Truck Dealers in Ahmedabad, Gujarat","AllLeadForm - DealerCity [ahmedabad] [en] — Truck Dealers in Ahmedabad, Gujarat","2026-10-09","broken","2026-10-09","","","",""
"","48303","TC-CB-04: Call Now assistance lead submits successfully on Ashok Leyland 4 Wheeler Trucks","AllLeadForm - CategoryBrand [fourWheelerAshokLeyland] [en] — Ashok Leyland 4 Wheeler Trucks","2026-10-09","failed","2026-10-09","","","",""
"","1934","TC-BUSPDP-02: Check Offers lead form shows required validation when submitted empty on Tata Starbus Staff Contract","AllLeadForm - BusPdp [starbusStaffContract] [en] — Tata Starbus Staff Contract","2026-10-09","passed","2026-10-09","","","",""
"","2127","TC-TSR-02: Check Truck Price lead form shows required validation when submitted empty on Mahindra Bolero","CategoryPages - CategoryListing [mahindraBolero] [en] — Mahindra Bolero","2026-10-09","passed","2026-10-09","","","",""
"","4245","TC-CB-04: Call Now assistance lead submits successfully on Eicher 10 Wheeler Trucks","AllLeadForm - CategoryBrand [tenWheelerEicher] [en] — Eicher 10 Wheeler Trucks","2026-10-09","passed","2026-10-09","","","",""
"**Test Case ID:** TC-NLP-04
**Title:** Notify Me lead submits successfully on Upcoming Trucks
**Language:** en

**Description:**
Open the Upcoming Trucks listing page, click Notify Me to open its lead form, fill name, mobile and city, and submit.

**Expected Result:**
A Thank You confirmation is shown after a successful lead submission. The submitted name is tagged with a page/CTA identifier for CRM traceability.

**Steps:**
1. Open the Upcoming Trucks listing page
2. Click Notify Me to open its lead form
3. Fill name, mobile and city
4. Submit and verify the confirmation","18242","TC-NLP-04: Notify Me lead submits successfully on Upcoming Trucks","ListingPages - NewListingPages [upcomingTrucks] [en] — Upcoming Trucks","2026-10-09","failed","2026-10-09","","","",""
"","444","TC-DLC-02: Talk To Dealer lead form shows required validation when submitted empty on Truck Dealers in Ahmedabad, Gujarat","AllLeadForm - DealerCity [ahmedabad] [en] — Truck Dealers in Ahmedabad, Gujarat","2026-10-09","broken","2026-10-09","","","",""
"","839","TC-DBC-03: Talk To Dealer lead form rejects mobile that is not 10 digits on Tata Truck Dealers in Pune, Maharashtra","AllLeadForm - DealerBrandCity [tataPune] [en] — Tata Truck Dealers in Pune, Maharashtra","2026-10-09","broken","2026-10-09","","","",""
"","3178","TC-BGT-04: Call Now assistance lead submits successfully on Trucks Under 10 Lakh","AllLeadForm - Budget [under10Lakh] [en] — Trucks Under 10 Lakh","2026-10-09","passed","2026-10-09","","","",""
"","1728","TC-BBG-03: Check Truck Price lead form rejects mobile that is not 10 digits on Ashok Leyland Trucks Above 40 Lakh","AllLeadForm - BrandBudget [ashokLeylandAbove40Lakh] [en] — Ashok Leyland Trucks Above 40 Lakh","2026-10-09","passed","2026-10-09","","","",""
"","3955","TC-CB-01: Check Truck Price lead submits successfully on Allfine E Rickshaw","AllLeadForm - CategoryBrand [eRickshawAllfine] [en] — Allfine E Rickshaw","2026-10-09","passed","2026-10-09","","","",""
"","1279","TC-BUS-02: lead form shows required validation when submitted empty on Upcoming Buses","AllLeadForm - BusListing [upcomingBuses] [en] — Upcoming Buses","2026-10-09","passed","2026-10-09","","","",""
"","3758","TC-CL-04: Call Now assistance lead submits successfully on LPG Trucks","CategoryPages - CategoryListing [lpg] [en] — LPG Trucks","2026-10-09","passed","2026-10-09","","","",""
"","3057","TC-TBR-02: Check Truck Price lead form shows required validation when submitted empty on Eicher Trucks","CategoryPages - CategoryListing [eicherBrand] [en] — Eicher Trucks","2026-10-09","passed","2026-10-09","","","",""
"","1103","TC-NTPDP-04: Get Offers lead shows validation when empty for Tata Yodha 2.0","AllLeadForm - NewTruckPdp [mostPopular] [en] — Tata Yodha 2.0","2026-10-09","passed","2026-10-09","","","",""
"","2709","TC-CB-04: Call Now assistance lead submits successfully on Eicher Mini Trucks","AllLeadForm - CategoryBrand [miniTruckEicher] [en] — Eicher Mini Trucks","2026-10-09","passed","2026-10-09","","","",""
"","5422","TC-BBG-01: Check Truck Price lead submits successfully on Ashok Leyland Trucks Under 30 Lakh","AllLeadForm - BrandBudget [ashokLeylandUnder30Lakh] [en] — Ashok Leyland Trucks Under 30 Lakh","2026-10-09","passed","2026-10-09","","","",""
"","3391","TC-ESC-01: Check Truck Price lead submits successfully on Electric Commercial Vehicle Under 1 Lakh","AllLeadForm - ElectricSubCategory [under1Lakh] [en] — Electric Commercial Vehicle Under 1 Lakh","2026-10-09","passed","2026-10-09","","","",""
"","2707","TC-BUSVAR-03: Check Offers lead form rejects mobile that is not 10 digits on Tata Starbus Staff Contract 40+D AC LP 913/52 CNG","AllLeadForm - BusVariant [starbus40dAcLp913] [en] — Tata Starbus Staff Contract 40+D AC LP 913/52 CNG","2026-10-09","passed","2026-10-09","","","",""
"","2820","TC-TBR-02: Check Truck Price lead form shows required validation when submitted empty on Mahindra Trucks","CategoryPages - CategoryListing [mahindraBrand] [en] — Mahindra Trucks","2026-10-09","passed","2026-10-09","","","",""
"","1747","TC-CL-03: Check Truck Price lead form rejects mobile that is not 10 digits on 10 Wheeler","CategoryPages - CategoryListing [tenWheeler] [en] — 10 Wheeler","2026-10-09","passed","2026-10-09","","","",""
"","4636","TC-PDPI-02: Check Offers lead form shows required validation when submitted empty on Eka 3W Cargo Price in Mumbai","PDP - NewTruckInternalPages [ekaPriceMumbai] [en] — Eka 3W Cargo Price in Mumbai","2026-10-09","passed","2026-10-09","","","",""
"","9428","TC-BUT-01: Contact Seller lead submits successfully on Buy Used Trucks","AllLeadForm - BuyUsedTrucks [en]","2026-10-09","passed","2026-10-09","","","",""
"","258","TC-TSR-04: Call Now assistance lead submits successfully on Ashok Leyland Boss","CategoryPages - CategoryListing [ashokLeylandBoss] [en] — Ashok Leyland Boss","2026-10-09","skipped","2026-10-09","","","",""
"","3589","TC-PDPI-03: Check Offers lead form rejects mobile that is not 10 digits on Tata Yodha 2.0 Specifications","PDP - NewTruckInternalPages [yodhaSpecifications] [en] — Tata Yodha 2.0 Specifications","2026-10-09","passed","2026-10-09","","","",""
"","2844","TC-ESC-04: Call Now assistance lead submits successfully on Electric Mini Truck","AllLeadForm - ElectricSubCategory [miniTruck] [en] — Electric Mini Truck","2026-10-09","passed","2026-10-09","","","",""
"","3467","TC-CL-01: Check Truck Price lead submits successfully on CNG Trucks","CategoryPages - CategoryListing [cng] [en] — CNG Trucks","2026-10-09","passed","2026-10-09","","","",""
"","6069","TC-BGT-04: Call Now assistance lead submits successfully on Trucks Under 30 Lakh","AllLeadForm - Budget [under30Lakh] [en] — Trucks Under 30 Lakh","2026-10-09","passed","2026-10-09","","","",""
"","1579","TC-PL-03: Check Truck Price lead form rejects mobile that is not 10 digits on 20 ton - 40 ton Trucks","CategoryPages - CategoryListing [ton20to40] [en] — 20 ton - 40 ton Trucks","2026-10-09","passed","2026-10-09","","","",""
"","1176","TC-BUS-02: lead form shows required validation when submitted empty on Popular Buses","AllLeadForm - BusListing [popularBuses] [en] — Popular Buses","2026-10-09","passed","2026-10-09","","","",""
"","1578","TC-TYR-03: lead form rejects mobile that is not 10 digits on Tyres","AllLeadForm - Tyres [en] — Tyres","2026-10-09","passed","2026-10-09","","","",""
"","3597","TC-BBG-01: Check Truck Price lead submits successfully on Eicher Trucks Under 20 Lakh","AllLeadForm - BrandBudget [eicherUnder20Lakh] [en] — Eicher Trucks Under 20 Lakh","2026-10-09","passed","2026-10-09","","","",""
"","1292","TC-ESC-02: Check Truck Price lead form shows required validation when submitted empty on Electric 3 Wheeler","AllLeadForm - ElectricSubCategory [threeWheeler] [en] — Electric 3 Wheeler","2026-10-09","passed","2026-10-09","","","",""
"","2605","TC-BUSVAR-01: Check Offers lead submits successfully on Tata Starbus Staff Contract 40+D AC LP 913/52 CNG","AllLeadForm - BusVariant [starbus40dAcLp913] [en] — Tata Starbus Staff Contract 40+D AC LP 913/52 CNG","2026-10-09","passed","2026-10-09","","","",""
"","320","TC-CL-04: Call Now assistance lead submits successfully on Trailers","CategoryPages - CategoryListing [trailers] [en] — Trailers","2026-10-09","skipped","2026-10-09","","","",""
"","1197","TC-BGT-02: Check Truck Price lead form shows required validation when submitted empty on Trucks Above 40 Lakh","AllLeadForm - Budget [above40Lakh] [en] — Trucks Above 40 Lakh","2026-10-09","passed","2026-10-09","","","",""
"","1155","TC-BUS-02: lead form shows required validation when submitted empty on Eicher Buses","AllLeadForm - BusListing [eicherBuses] [en] — Eicher Buses","2026-10-09","passed","2026-10-09","","","",""
"","15678","TC-TBR-01: Check Truck Price lead submits successfully on Tata Trucks","CategoryPages - CategoryListing [tataBrand] [en] — Tata Trucks","2026-10-09","passed","2026-10-09","","","",""
"","1260","TC-CB-02: Check Truck Price lead form shows required validation when submitted empty on Eicher 4 Wheeler Trucks","AllLeadForm - CategoryBrand [fourWheelerEicher] [en] — Eicher 4 Wheeler Trucks","2026-10-09","passed","2026-10-09","","","",""
"","1483","TC-VHR-04: Check Offers lead form shows required validation when submitted empty on Vehicle Report","AllLeadForm - VehicleReport [en]","2026-10-09","passed","2026-10-09","","","",""
"","3756","TC-CL-01: Check Truck Price lead submits successfully on 6 Wheeler","CategoryPages - CategoryListing [sixWheeler] [en] — 6 Wheeler","2026-10-09","passed","2026-10-09","","","",""
"","510","TC-SPB-02: Talk To Dealer lead form shows required validation when submitted empty on Mahindra Spare Parts Dealers","AllLeadForm - SparePartsBrand [mahindra] [en] — Mahindra Spare Parts Dealers","2026-10-09","broken","2026-10-09","","","",""
"","1941","TC-CUS-03: Submit Request form rejects mobile that is not 10 digits on Contact Us","AllLeadForm - ContactUs [en] — Contact Us","2026-10-09","passed","2026-10-09","","","",""
"","1435","TC-CB-02: Check Truck Price lead form shows required validation when submitted empty on Ashok Leyland Pickups","AllLeadForm - CategoryBrand [pickupAshokLeyland] [en] — Ashok Leyland Pickups","2026-10-09","passed","2026-10-09","","","",""
"","3097","TC-CB-01: Check Truck Price lead submits successfully on Ashok Leyland Pickups","AllLeadForm - CategoryBrand [pickupAshokLeyland] [en] — Ashok Leyland Pickups","2026-10-09","passed","2026-10-09","","","",""
"","1381","TC-CL-02: Check Truck Price lead form shows required validation when submitted empty on 4 Wheeler","CategoryPages - CategoryListing [fourWheeler] [en] — 4 Wheeler","2026-10-09","passed","2026-10-09","","","",""
"","1619","TC-BUS-03: lead form rejects mobile that is not 10 digits on Eicher Buses","AllLeadForm - BusListing [eicherBuses] [en] — Eicher Buses","2026-10-09","passed","2026-10-09","","","",""
"","1341","TC-TSR-02: Check Truck Price lead form shows required validation when submitted empty on Ashok Leyland Dost","CategoryPages - CategoryListing [ashokLeylandDost] [en] — Ashok Leyland Dost","2026-10-09","passed","2026-10-09","","","",""
"","2412","TC-PDPI-02: Download Brochure lead form shows required validation when submitted empty on Tata Yodha 2.0 Brochure","PDP - NewTruckInternalPages [yodhaBrochure] [en] — Tata Yodha 2.0 Brochure","2026-10-09","passed","2026-10-09","","","",""
"","269","TC-PDPI-01: Check Offers lead submits successfully on Eka 3W Cargo Reviews","PDP - NewTruckInternalPages [ekaReview] [en] — Eka 3W Cargo Reviews","2026-10-09","broken","2026-10-09","","","",""
"","2997","TC-BGT-04: Call Now assistance lead submits successfully on Trucks Under 5 Lakh","AllLeadForm - Budget [under5Lakh] [en] — Trucks Under 5 Lakh","2026-10-09","passed","2026-10-09","","","",""
"","2888","TC-PDPI-05: Get On Road Price lead submits successfully on Tata Yodha 2.0 Videos","PDP - NewTruckInternalPages [yodhaVideos] [en] — Tata Yodha 2.0 Videos","2026-10-09","passed","2026-10-09","","","",""
"**Test Case ID:** TC-NLP-02
**Title:** Check Truck Price lead submits successfully on Best Trucks
**Language:** en

**Description:**
Open the Best Trucks listing page, click Check Truck Price to open its lead form, fill name, mobile and city, and submit.

**Expected Result:**
A Thank You confirmation is shown after a successful lead submission. The submitted name is tagged with a page/CTA identifier for CRM traceability.

**Steps:**
1. Open the Best Trucks listing page
2. Click Check Truck Price to open its lead form
3. Fill name, mobile and city
4. Submit and verify the confirmation","4291","TC-NLP-02: Check Truck Price lead submits successfully on Best Trucks","ListingPages - NewListingPages [bestTrucks] [en] — Best Trucks","2026-10-09","passed","2026-10-09","","","",""
"","513","TC-SCB-03: Talk To Dealer lead form rejects mobile that is not 10 digits on Ashok Leyland Service Centers","AllLeadForm - ServiceCenterBrand [ashokLeyland] [en] — Ashok Leyland Service Centers","2026-10-09","broken","2026-10-09","","","",""
"","1635","TC-CL-03: Check Truck Price lead form rejects mobile that is not 10 digits on 6 Wheeler","CategoryPages - CategoryListing [sixWheeler] [en] — 6 Wheeler","2026-10-09","passed","2026-10-09","","","",""
"","1864","TC-CL-03: Check Truck Price lead form rejects mobile that is not 10 digits on 8 Wheeler","CategoryPages - CategoryListing [eightWheeler] [en] — 8 Wheeler","2026-10-09","passed","2026-10-09","","","",""
"","4794","TC-BDM-01: Talk To Dealer lead submits successfully on Body Makers","AllLeadForm - BodyMakers [en] — Body Makers","2026-10-09","passed","2026-10-09","","","",""
"","1638","TC-TSR-03: Check Truck Price lead form rejects mobile that is not 10 digits on Ashok Leyland Boss","CategoryPages - CategoryListing [ashokLeylandBoss] [en] — Ashok Leyland Boss","2026-10-09","passed","2026-10-09","","","",""
"","1315","TC-BBG-02: Check Truck Price lead form shows required validation when submitted empty on Eicher Trucks Above 40 Lakh","AllLeadForm - BrandBudget [eicherAbove40Lakh] [en] — Eicher Trucks Above 40 Lakh","2026-10-09","passed","2026-10-09","","","",""
"","383","TC-NLP-03: Contact Seller lead submits successfully on Latest Trucks","ListingPages - NewListingPages [latestTrucks] [en] — Latest Trucks","2026-10-09","skipped","2026-10-09","","","",""
"","8242","TC-TYR-01: View October Offer lead submits successfully on Tyres","AllLeadForm - Tyres [en] — Tyres","2026-10-09","passed","2026-10-09","","","",""
"","5366","TC-TBR-03: Check Truck Price lead form rejects mobile that is not 10 digits on Mahindra Trucks","CategoryPages - CategoryListing [mahindraBrand] [en] — Mahindra Trucks","2026-10-09","passed","2026-10-09","","","",""
"**Test Case ID:** TC-NLP-02
**Title:** Check Truck Price lead submits successfully on BS6 Trucks
**Language:** en

**Description:**
Open the BS6 Trucks listing page, click Check Truck Price to open its lead form, fill name, mobile and city, and submit.

**Expected Result:**
A Thank You confirmation is shown after a successful lead submission. The submitted name is tagged with a page/CTA identifier for CRM traceability.

**Steps:**
1. Open the BS6 Trucks listing page
2. Click Check Truck Price to open its lead form
3. Fill name, mobile and city
4. Submit and verify the confirmation","3547","TC-NLP-02: Check Truck Price lead submits successfully on BS6 Trucks","ListingPages - NewListingPages [bs6Trucks] [en] — BS6 Trucks","2026-10-09","passed","2026-10-09","","","",""
"","282","TC-NLP-04: Notify Me lead submits successfully on BS6 Trucks","ListingPages - NewListingPages [bs6Trucks] [en] — BS6 Trucks","2026-10-09","skipped","2026-10-09","","","",""
"","5828","TC-ESC-01: Check Truck Price lead submits successfully on Electric Trucks","AllLeadForm - ElectricSubCategory [trucks] [en] — Electric Trucks","2026-10-09","passed","2026-10-09","","","",""
"","1633","TC-ESC-03: Check Truck Price lead form rejects mobile that is not 10 digits on Electric Trucks","AllLeadForm - ElectricSubCategory [trucks] [en] — Electric Trucks","2026-10-09","passed","2026-10-09","","","",""
"","50260","TC-BBG-04: Call Now assistance lead submits successfully on Eicher Trucks Above 40 Lakh","AllLeadForm - BrandBudget [eicherAbove40Lakh] [en] — Eicher Trucks Above 40 Lakh","2026-10-09","failed","2026-10-09","","","",""
"","3752","TC-CB-04: Call Now assistance lead submits successfully on Ashok Leyland Tractor Trailers","AllLeadForm - CategoryBrand [tractorAshokLeyland] [en] — Ashok Leyland Tractor Trailers","2026-10-09","passed","2026-10-09","","","",""
"","2787","TC-PL-02: Check Truck Price lead form shows required validation when submitted empty on Under 1 Ton Trucks","CategoryPages - CategoryListing [under1Ton] [en] — Under 1 Ton Trucks","2026-10-09","passed","2026-10-09","","","",""
"","28","TC-PDPI-03: Check Offers lead form rejects mobile that is not 10 digits on Eka 3W Cargo Reviews","PDP - NewTruckInternalPages [ekaReview] [en] — Eka 3W Cargo Reviews","2026-10-09","skipped","2026-10-09","","","",""
"","1363","TC-CL-02: Check Truck Price lead form shows required validation when submitted empty on Bi Fuel Trucks","CategoryPages - CategoryListing [biFuel] [en] — Bi Fuel Trucks","2026-10-09","passed","2026-10-09","","","",""
"","3407","TC-CB-02: Check Truck Price lead form shows required validation when submitted empty on Altigreen Auto Rickshaw","AllLeadForm - CategoryBrand [autoRickshawAltigreen] [en] — Altigreen Auto Rickshaw","2026-10-09","passed","2026-10-09","","","",""
"**Test Case ID:** TC-NLP-05
**Title:** Call Now lead submits successfully on BS6 Trucks
**Language:** en

**Description:**
Open the BS6 Trucks listing page, click Call Now to open its lead form, fill name, mobile and city, and submit.

**Expected Result:**
The assistance lead form closes after a successful submission (verified via the real submit network call). The submitted name is tagged with a page/CTA identifier for CRM traceability.

**Steps:**
1. Open the BS6 Trucks listing page
2. Click Call Now to open its lead form
3. Fill name, mobile and city
4. Submit and verify the confirmation","3009","TC-NLP-05: Call Now lead submits successfully on BS6 Trucks","ListingPages - NewListingPages [bs6Trucks] [en] — BS6 Trucks","2026-10-09","passed","2026-10-09","","","",""
"","10413","TC-PDPI-01: Check Offers lead submits successfully on Tata Yodha 2.0 Reviews","PDP - NewTruckInternalPages [yodhaReview] [en] — Tata Yodha 2.0 Reviews","2026-10-09","passed","2026-10-09","","","",""
"","1369","TC-CL-02: Check Truck Price lead form shows required validation when submitted empty on Transit Mixer","CategoryPages - CategoryListing [transitMixer] [en] — Transit Mixer","2026-10-09","passed","2026-10-09","","","",""
"","1310","TC-CL-02: Check Truck Price lead form shows required validation when submitted empty on CNG Trucks","CategoryPages - CategoryListing [cng] [en] — CNG Trucks","2026-10-09","passed","2026-10-09","","","",""
"","4611","TC-PL-04: Call Now assistance lead submits successfully on 20 ton - 40 ton Trucks","CategoryPages - CategoryListing [ton20to40] [en] — 20 ton - 40 ton Trucks","2026-10-09","passed","2026-10-09","","","",""
"","1259","TC-CB-02: Check Truck Price lead form shows required validation when submitted empty on Ashok Leyland 10 Wheeler Trucks","AllLeadForm - CategoryBrand [tenWheelerAshokLeyland] [en] — Ashok Leyland 10 Wheeler Trucks","2026-10-09","passed","2026-10-09","","","",""
"","3203","TC-ESC-01: Check Truck Price lead submits successfully on Electric Pickup","AllLeadForm - ElectricSubCategory [pickup] [en] — Electric Pickup","2026-10-09","passed","2026-10-09","","","",""
"","1620","TC-BUS-03: lead form rejects mobile that is not 10 digits on Popular Buses","AllLeadForm - BusListing [popularBuses] [en] — Popular Buses","2026-10-09","passed","2026-10-09","","","",""
"","2049","TC-BUSPDP-03: Check Offers lead form rejects mobile that is not 10 digits on Tata Starbus Staff Contract","AllLeadForm - BusPdp [starbusStaffContract] [en] — Tata Starbus Staff Contract","2026-10-09","passed","2026-10-09","","","",""
"","1661","TC-ESC-03: Check Truck Price lead form rejects mobile that is not 10 digits on Electric Mini Truck","AllLeadForm - ElectricSubCategory [miniTruck] [en] — Electric Mini Truck","2026-10-09","passed","2026-10-09","","","",""
"","6071","TC-BUS-01: lead submits successfully on SML ISUZU Buses","AllLeadForm - BusListing [smlIsuzuBuses] [en] — SML ISUZU Buses","2026-10-09","passed","2026-10-09","","","",""
"**Test Case ID:** TC-NLP-01
**Title:** Check Offers lead submits successfully on BS6 Trucks
**Language:** en

**Description:**
Open the BS6 Trucks listing page, click Check Offers to open its lead form, fill name, mobile and city, and submit.

**Expected Result:**
A Thank You confirmation is shown after a successful lead submission. The submitted name is tagged with a page/CTA identifier for CRM traceability.

**Steps:**
1. Open the BS6 Trucks listing page
2. Click Check Offers to open its lead form
3. Fill name, mobile and city
4. Submit and verify the confirmation","6980","TC-NLP-01: Check Offers lead submits successfully on BS6 Trucks","ListingPages - NewListingPages [bs6Trucks] [en] — BS6 Trucks","2026-10-09","passed","2026-10-09","","","",""
"","1582","TC-ESC-03: Check Truck Price lead form rejects mobile that is not 10 digits on Electric Commercial Vehicle Under 5 Lakh","AllLeadForm - ElectricSubCategory [under5Lakh] [en] — Electric Commercial Vehicle Under 5 Lakh","2026-10-09","passed","2026-10-09","","","",""
"","3560","TC-CL-01: Check Truck Price lead submits successfully on 8 Wheeler","CategoryPages - CategoryListing [eightWheeler] [en] — 8 Wheeler","2026-10-09","passed","2026-10-09","","","",""
"","654","TC-PDPI-05: lead submits successfully on Tata Yodha 2.0 Images","PDP - NewTruckInternalPages [yodhaImages] [en] — Tata Yodha 2.0 Images","2026-10-09","skipped","2026-10-09","","","",""
"","1716","TC-CL-03: Check Truck Price lead form rejects mobile that is not 10 digits on Trailers","CategoryPages - CategoryListing [trailers] [en] — Trailers","2026-10-09","passed","2026-10-09","","","",""
"","2283","TC-CL-02: Check Truck Price lead form shows required validation when submitted empty on Tempo Traveller","CategoryPages - CategoryListing [tempoTraveller] [en] — Tempo Traveller","2026-10-09","passed","2026-10-09","","","",""
"","1666","TC-CL-03: Check Truck Price lead form rejects mobile that is not 10 digits on Bi Fuel Trucks","CategoryPages - CategoryListing [biFuel] [en] — Bi Fuel Trucks","2026-10-09","passed","2026-10-09","","","",""
"","6013","TC-CL-01: Check Truck Price lead submits successfully on 3 Wheeler","CategoryPages - CategoryListing [threeWheeler] [en] — 3 Wheeler","2026-10-09","passed","2026-10-09","","","",""
"","48502","TC-ESC-04: Call Now assistance lead submits successfully on Electric Trucks","AllLeadForm - ElectricSubCategory [trucks] [en] — Electric Trucks","2026-10-09","failed","2026-10-09","","","",""
"","2177","TC-PDPI-03: Download Brochure lead form rejects mobile that is not 10 digits on Tata Yodha 2.0 Brochure","PDP - NewTruckInternalPages [yodhaBrochure] [en] — Tata Yodha 2.0 Brochure","2026-10-09","passed","2026-10-09","","","",""
"","3074","TC-CL-01: Check Truck Price lead submits successfully on SCV","CategoryPages - CategoryListing [scv] [en] — SCV","2026-10-09","passed","2026-10-09","","","",""
"","3771","TC-BUS-01: lead submits successfully on Upcoming Buses","AllLeadForm - BusListing [upcomingBuses] [en] — Upcoming Buses","2026-10-09","passed","2026-10-09","","","",""
"","3271","TC-PL-01: Check Truck Price lead submits successfully on 2.5 ton - 5 ton Trucks","CategoryPages - CategoryListing [ton2_5to5] [en] — 2.5 ton - 5 ton Trucks","2026-10-09","passed","2026-10-09","","","",""
"","1523","TC-TMO-02: Check Offers lead form shows required validation when submitted empty on Select Your Truck","AllLeadForm - TabbedModelOffers [selectYourTruck] [en] — Select Your Truck","2026-10-09","passed","2026-10-09","","","",""
"","1693","TC-CL-03: Check Truck Price lead form rejects mobile that is not 10 digits on Diesel Trucks","CategoryPages - CategoryListing [diesel] [en] — Diesel Trucks","2026-10-09","passed","2026-10-09","","","",""
"","1477","TC-TSR-02: Check Truck Price lead form shows required validation when submitted empty on Mahindra Blazo","CategoryPages - CategoryListing [mahindraBlazo] [en] — Mahindra Blazo","2026-10-09","passed","2026-10-09","","","",""
"","3330","TC-CB-01: Check Truck Price lead submits successfully on Eicher 4 Wheeler Trucks","AllLeadForm - CategoryBrand [fourWheelerEicher] [en] — Eicher 4 Wheeler Trucks","2026-10-09","passed","2026-10-09","","","",""
"","3781","TC-CL-01: Check Truck Price lead submits successfully on 16 Wheeler","CategoryPages - CategoryListing [sixteenWheeler] [en] — 16 Wheeler","2026-10-09","passed","2026-10-09","","","",""
"","518","TC-DLB-02: Talk To Dealer lead form shows required validation when submitted empty on Ashok Leyland Truck Dealers","AllLeadForm - DealerBrand [ashokLeyland] [en] — Ashok Leyland Truck Dealers","2026-10-09","broken","2026-10-09","","","",""
"","1948","TC-BGT-03: Check Truck Price lead form rejects mobile that is not 10 digits on Trucks Under 20 Lakh","AllLeadForm - Budget [under20Lakh] [en] — Trucks Under 20 Lakh","2026-10-09","passed","2026-10-09","","","",""
"","1298","TC-BGT-02: Check Truck Price lead form shows required validation when submitted empty on Trucks Under 20 Lakh","AllLeadForm - Budget [under20Lakh] [en] — Trucks Under 20 Lakh","2026-10-09","passed","2026-10-09","","","",""
"","1627","TC-CB-03: Check Truck Price lead form rejects mobile that is not 10 digits on Eicher 10 Wheeler Trucks","AllLeadForm - CategoryBrand [tenWheelerEicher] [en] — Eicher 10 Wheeler Trucks","2026-10-09","passed","2026-10-09","","","",""
"","1214","TC-CB-02: Check Truck Price lead form shows required validation when submitted empty on Ashok Leyland Tractor Trailers","AllLeadForm - CategoryBrand [tractorAshokLeyland] [en] — Ashok Leyland Tractor Trailers","2026-10-09","passed","2026-10-09","","","",""
"","10188","TC-LMC-03: one Check Offers lead from threeWheelers tab submits successfully","AllLeadForm - Homepage LatestModelsByCategory [en]","2026-10-09","passed","2026-10-09","","","",""
"","1595","TC-CL-03: Check Truck Price lead form rejects mobile that is not 10 digits on LPG Trucks","CategoryPages - CategoryListing [lpg] [en] — LPG Trucks","2026-10-09","passed","2026-10-09","","","",""
"","1771","TC-ESC-03: Check Truck Price lead form rejects mobile that is not 10 digits on Electric 3 Wheeler","AllLeadForm - ElectricSubCategory [threeWheeler] [en] — Electric 3 Wheeler","2026-10-09","passed","2026-10-09","","","",""
"","1203","TC-CL-02: Check Truck Price lead form shows required validation when submitted empty on LPG Trucks","CategoryPages - CategoryListing [lpg] [en] — LPG Trucks","2026-10-09","passed","2026-10-09","","","",""
"","4966","TC-TBR-01: Check Truck Price lead submits successfully on Eicher Trucks","CategoryPages - CategoryListing [eicherBrand] [en] — Eicher Trucks","2026-10-09","passed","2026-10-09","","","",""
"","5007","TC-BGT-01: Check Truck Price lead submits successfully on Trucks Under 40 Lakh","AllLeadForm - Budget [under40Lakh] [en] — Trucks Under 40 Lakh","2026-10-09","passed","2026-10-09","","","",""
"","2176","TC-CL-03: Check Truck Price lead form rejects mobile that is not 10 digits on 16 Wheeler","CategoryPages - CategoryListing [sixteenWheeler] [en] — 16 Wheeler","2026-10-09","passed","2026-10-09","","","",""
"","1680","TC-ESC-03: Check Truck Price lead form rejects mobile that is not 10 digits on Electric E Rickshaw","AllLeadForm - ElectricSubCategory [eRickshaw] [en] — Electric E Rickshaw","2026-10-09","passed","2026-10-09","","","",""
"","5973","TC-PDPI-05: Get On Road Price lead submits successfully on Tata Yodha 2.0 Specifications","PDP - NewTruckInternalPages [yodhaSpecifications] [en] — Tata Yodha 2.0 Specifications","2026-10-09","passed","2026-10-09","","","",""
"","1226","TC-PL-02: Check Truck Price lead form shows required validation when submitted empty on 2.5 ton - 5 ton Trucks","CategoryPages - CategoryListing [ton2_5to5] [en] — 2.5 ton - 5 ton Trucks","2026-10-09","passed","2026-10-09","","","",""
"","1227","TC-CB-02: Check Truck Price lead form shows required validation when submitted empty on Ashok Leyland 6 Wheeler Trucks","AllLeadForm - CategoryBrand [sixWheelerAshokLeyland] [en] — Ashok Leyland 6 Wheeler Trucks","2026-10-09","passed","2026-10-09","","","",""
"","4171","TC-CL-01: Check Truck Price lead submits successfully on 22 Wheeler","CategoryPages - CategoryListing [twentyTwoWheeler] [en] — 22 Wheeler","2026-10-09","passed","2026-10-09","","","",""
"","1215","TC-CB-02: Check Truck Price lead form shows required validation when submitted empty on Eicher 10 Wheeler Trucks","AllLeadForm - CategoryBrand [tenWheelerEicher] [en] — Eicher 10 Wheeler Trucks","2026-10-09","passed","2026-10-09","","","",""
"","3422","TC-BGT-04: Call Now assistance lead submits successfully on Trucks Under 20 Lakh","AllLeadForm - Budget [under20Lakh] [en] — Trucks Under 20 Lakh","2026-10-09","passed","2026-10-09","","","",""
"","3390","TC-BUS-01: lead submits successfully on Latest Buses","AllLeadForm - BusListing [latestBuses] [en] — Latest Buses","2026-10-09","passed","2026-10-09","","","",""
"","3517","TC-CL-04: Call Now assistance lead submits successfully on HCV","CategoryPages - CategoryListing [hcv] [en] — HCV","2026-10-09","passed","2026-10-09","","","",""
"","3072","TC-PL-01: Check Truck Price lead submits successfully on 1 ton - 2.5 ton Trucks","CategoryPages - CategoryListing [ton1to2_5] [en] — 1 ton - 2.5 ton Trucks","2026-10-09","passed","2026-10-09","","","",""
"","246","TC-CL-04: Call Now assistance lead submits successfully on 18 Wheeler","CategoryPages - CategoryListing [eighteenWheeler] [en] — 18 Wheeler","2026-10-09","skipped","2026-10-09","","","",""
"","17844","TC-CL-01: Check Truck Price lead submits successfully on Tempo Traveller","CategoryPages - CategoryListing [tempoTraveller] [en] — Tempo Traveller","2026-10-09","failed","2026-10-09","","","",""
"","1517","TC-CB-03: Check Truck Price lead form rejects mobile that is not 10 digits on Altigreen Auto Rickshaw","AllLeadForm - CategoryBrand [autoRickshawAltigreen] [en] — Altigreen Auto Rickshaw","2026-10-09","passed","2026-10-09","","","",""
"","1980","TC-BR-06: Download Brochure lead form rejects mobile that is not 10 digits on Brochure","AllLeadForm - Brochure [en]","2026-10-09","passed","2026-10-09","","","",""
"","1626","TC-CB-03: Check Truck Price lead form rejects mobile that is not 10 digits on Ashok Leyland Tractor Trailers","AllLeadForm - CategoryBrand [tractorAshokLeyland] [en] — Ashok Leyland Tractor Trailers","2026-10-09","passed","2026-10-09","","","",""
"","343","TC-NLP-04: Notify Me lead submits successfully on Find New Trucks","ListingPages - NewListingPages [newTrucks] [en] — Find New Trucks","2026-10-09","skipped","2026-10-09","","","",""
"","1297","TC-ESC-02: Check Truck Price lead form shows required validation when submitted empty on Electric E Rickshaw","AllLeadForm - ElectricSubCategory [eRickshaw] [en] — Electric E Rickshaw","2026-10-09","passed","2026-10-09","","","",""
"","1386","TC-BUS-02: lead form shows required validation when submitted empty on Mahindra Buses","AllLeadForm - BusListing [mahindraBuses] [en] — Mahindra Buses","2026-10-09","passed","2026-10-09","","","",""
"","3099","TC-CB-04: Call Now assistance lead submits successfully on Force Tempo Traveller","AllLeadForm - CategoryBrand [tempoTravellerForce] [en] — Force Tempo Traveller","2026-10-09","passed","2026-10-09","","","",""
"","1887","TC-BGT-03: Check Truck Price lead form rejects mobile that is not 10 digits on Trucks Under 5 Lakh","AllLeadForm - Budget [under5Lakh] [en] — Trucks Under 5 Lakh","2026-10-09","passed","2026-10-09","","","",""
"","2195","TC-CL-03: Check Truck Price lead form rejects mobile that is not 10 digits on Tempo Traveller","CategoryPages - CategoryListing [tempoTraveller] [en] — Tempo Traveller","2026-10-09","passed","2026-10-09","","","",""
"","885","TC-NTPDP-04: Get Offers lead shows validation when empty for Eka 3W Cargo","AllLeadForm - NewTruckPdp [leastPopular] [en] — Eka 3W Cargo","2026-10-09","passed","2026-10-09","","","",""
"","266","TC-CL-04: Call Now assistance lead submits successfully on 10 Wheeler","CategoryPages - CategoryListing [tenWheeler] [en] — 10 Wheeler","2026-10-09","skipped","2026-10-09","","","",""
"","990","TC-BDM-02: Talk To Dealer lead form shows required validation when submitted empty on Body Makers","AllLeadForm - BodyMakers [en] — Body Makers","2026-10-09","passed","2026-10-09","","","",""
"","1395","TC-CL-02: Check Truck Price lead form shows required validation when submitted empty on Trailers","CategoryPages - CategoryListing [trailers] [en] — Trailers","2026-10-09","passed","2026-10-09","","","",""
"","3469","TC-CB-04: Call Now assistance lead submits successfully on Allfine E Rickshaw","AllLeadForm - CategoryBrand [eRickshawAllfine] [en] — Allfine E Rickshaw","2026-10-09","passed","2026-10-09","","","",""
"","2973","TC-TBR-02: Check Truck Price lead form shows required validation when submitted empty on Ashok Leyland Trucks","CategoryPages - CategoryListing [ashokLeylandBrand] [en] — Ashok Leyland Trucks","2026-10-09","passed","2026-10-09","","","",""
"","1794","TC-PL-02: Check Truck Price lead form shows required validation when submitted empty on 1 ton - 2.5 ton Trucks","CategoryPages - CategoryListing [ton1to2_5] [en] — 1 ton - 2.5 ton Trucks","2026-10-09","passed","2026-10-09","","","",""
"","1399","TC-CL-02: Check Truck Price lead form shows required validation when submitted empty on SCV","CategoryPages - CategoryListing [scv] [en] — SCV","2026-10-09","passed","2026-10-09","","","",""
"","1174","TC-DLC-01: Talk To Dealer lead submits successfully on Truck Dealers in Pune, Maharashtra","AllLeadForm - DealerCity [pune] [en] — Truck Dealers in Pune, Maharashtra","2026-10-09","broken","2026-10-09","","","",""
"","1575","TC-ESC-03: Check Truck Price lead form rejects mobile that is not 10 digits on Electric Commercial Vehicle Under 1 Lakh","AllLeadForm - ElectricSubCategory [under1Lakh] [en] — Electric Commercial Vehicle Under 1 Lakh","2026-10-09","passed","2026-10-09","","","",""
"","3328","TC-UTPDP-06: Check Offers lead form rejects mobile that is not 10 digits on Used Truck Detail","AllLeadForm - UsedTruckPdp [en]","2026-10-09","passed","2026-10-09","","","",""
"","1768","TC-BBG-03: Check Truck Price lead form rejects mobile that is not 10 digits on Eicher Trucks Above 40 Lakh","AllLeadForm - BrandBudget [eicherAbove40Lakh] [en] — Eicher Trucks Above 40 Lakh","2026-10-09","passed","2026-10-09","","","",""
"","2266","TC-TSR-03: Check Truck Price lead form rejects mobile that is not 10 digits on Mahindra Bolero","CategoryPages - CategoryListing [mahindraBolero] [en] — Mahindra Bolero","2026-10-09","passed","2026-10-09","","","",""
"**Test Case ID:** TC-NLP-06
**Title:** Check Offers lead form shows required validation when submitted empty on Find New Trucks
**Language:** en

**Description:**
Open the Find New Trucks listing page, open Check Offers, and submit with name, mobile and city all left empty.

**Expected Result:**
The real, page-shown validation messages for name, mobile and location are displayed, and no lead is submitted.

**Steps:**
1. Open the Find New Trucks listing page
2. Click Check Offers to open its lead form
3. Leave name, mobile and city empty and submit
4. Verify all three required-field validation messages are shown","2605","TC-NLP-06: Check Offers lead form shows required validation when submitted empty on Find New Trucks","ListingPages - NewListingPages [newTrucks] [en] — Find New Trucks","2026-10-09","passed","2026-10-09","","","",""
"","2232","TC-PDPI-03: Check Offers lead form rejects mobile that is not 10 digits on Tata Yodha 2.0 Videos","PDP - NewTruckInternalPages [yodhaVideos] [en] — Tata Yodha 2.0 Videos","2026-10-09","passed","2026-10-09","","","",""
"","19148","TC-PDPI-01: Check Offers lead submits successfully on Tata Yodha 2.0 Mileage","PDP - NewTruckInternalPages [yodhaMileage] [en] — Tata Yodha 2.0 Mileage","2026-10-09","failed","2026-10-09","","","",""
"","4550","TC-UTPDP-04: Check Offers lead submits successfully on Used Truck Detail","AllLeadForm - UsedTruckPdp [en]","2026-10-09","passed","2026-10-09","","","",""
"","1405","TC-CL-02: Check Truck Price lead form shows required validation when submitted empty on Auto Rickshaw","CategoryPages - CategoryListing [autoRickshaw] [en] — Auto Rickshaw","2026-10-09","passed","2026-10-09","","","",""
"","5228","TC-CB-01: Check Truck Price lead submits successfully on Ashok Leyland Tractor Trailers","AllLeadForm - CategoryBrand [tractorAshokLeyland] [en] — Ashok Leyland Tractor Trailers","2026-10-09","passed","2026-10-09","","","",""
"","3496","TC-BGT-01: Check Truck Price lead submits successfully on Trucks Under 20 Lakh","AllLeadForm - Budget [under20Lakh] [en] — Trucks Under 20 Lakh","2026-10-09","passed","2026-10-09","","","",""
"","5014","TC-CL-01: Check Truck Price lead submits successfully on Trailers","CategoryPages - CategoryListing [trailers] [en] — Trailers","2026-10-09","passed","2026-10-09","","","",""
"","1281","TC-ESC-02: Check Truck Price lead form shows required validation when submitted empty on Electric Pickup","AllLeadForm - ElectricSubCategory [pickup] [en] — Electric Pickup","2026-10-09","passed","2026-10-09","","","",""
"","992","TC-TBR-04: Call Now assistance lead submits successfully on Mahindra Trucks","CategoryPages - CategoryListing [mahindraBrand] [en] — Mahindra Trucks","2026-10-09","skipped","2026-10-09","","","",""
"","3386","TC-CB-01: Check Truck Price lead submits successfully on Ashok Leyland 6 Wheeler Trucks","AllLeadForm - CategoryBrand [sixWheelerAshokLeyland] [en] — Ashok Leyland 6 Wheeler Trucks","2026-10-09","passed","2026-10-09","","","",""
"","3080","TC-ECV-06: Check Offers lead form rejects mobile that is not 10 digits","AllLeadForm - Homepage ElectricCommercialVehicles [en]","2026-10-09","passed","2026-10-09","","","",""
"","2923","TC-TIY-20: Check Offers lead form shows required validation when submitted empty","AllLeadForm - Homepage TruckInIndia [en]","2026-10-09","passed","2026-10-09","","","",""
"","1215","TC-BUS-02: lead form shows required validation when submitted empty on Latest Buses","AllLeadForm - BusListing [latestBuses] [en] — Latest Buses","2026-10-09","passed","2026-10-09","","","",""
"","1662","TC-CL-03: Check Truck Price lead form rejects mobile that is not 10 digits on 12 Wheeler","CategoryPages - CategoryListing [twelveWheeler] [en] — 12 Wheeler","2026-10-09","passed","2026-10-09","","","",""
"","12383","TC-TIY-17: Popular Check Offers submits lead and shows Thank You modal","AllLeadForm - Homepage TruckInIndia [en]","2026-10-09","passed","2026-10-09","","","",""
"","4579","TC-BBG-04: Call Now assistance lead submits successfully on Ashok Leyland Trucks Under 30 Lakh","AllLeadForm - BrandBudget [ashokLeylandUnder30Lakh] [en] — Ashok Leyland Trucks Under 30 Lakh","2026-10-09","passed","2026-10-09","","","",""
"","332","TC-TSR-04: Call Now assistance lead submits successfully on Mahindra Blazo","CategoryPages - CategoryListing [mahindraBlazo] [en] — Mahindra Blazo","2026-10-09","skipped","2026-10-09","","","",""
"","866","TC-DLB-01: Talk To Dealer lead submits successfully on Tata Truck Dealers","AllLeadForm - DealerBrand [tata] [en] — Tata Truck Dealers","2026-10-09","broken","2026-10-09","","","",""
"","2397","TC-CL-03: Check Truck Price lead form rejects mobile that is not 10 digits on SCV","CategoryPages - CategoryListing [scv] [en] — SCV","2026-10-09","passed","2026-10-09","","","",""
"","776","TC-TBR-04: Call Now assistance lead submits successfully on Eicher Trucks","CategoryPages - CategoryListing [eicherBrand] [en] — Eicher Trucks","2026-10-09","skipped","2026-10-09","","","",""
"","16413","TC-BGT-01: Check Truck Price lead submits successfully on Trucks Under 5 Lakh","AllLeadForm - Budget [under5Lakh] [en] — Trucks Under 5 Lakh","2026-10-09","passed","2026-10-09","","","",""
"","1772","TC-CL-03: Check Truck Price lead form rejects mobile that is not 10 digits on Tippers","CategoryPages - CategoryListing [tippers] [en] — Tippers","2026-10-09","passed","2026-10-09","","","",""
"**Test Case ID:** TC-NLP-05
**Title:** Call Now lead submits successfully on Latest Trucks
**Language:** en

**Description:**
Open the Latest Trucks listing page, click Call Now to open its lead form, fill name, mobile and city, and submit.

**Expected Result:**
The assistance lead form closes after a successful submission (verified via the real submit network call). The submitted name is tagged with a page/CTA identifier for CRM traceability.

**Steps:**
1. Open the Latest Trucks listing page
2. Click Call Now to open its lead form
3. Fill name, mobile and city
4. Submit and verify the confirmation","3103","TC-NLP-05: Call Now lead submits successfully on Latest Trucks","ListingPages - NewListingPages [latestTrucks] [en] — Latest Trucks","2026-10-09","passed","2026-10-09","","","",""
"","1193","TC-CB-02: Check Truck Price lead form shows required validation when submitted empty on Allfine E Rickshaw","AllLeadForm - CategoryBrand [eRickshawAllfine] [en] — Allfine E Rickshaw","2026-10-09","passed","2026-10-09","","","",""
"","6010","TC-CL-01: Check Truck Price lead submits successfully on 4 Wheeler","CategoryPages - CategoryListing [fourWheeler] [en] — 4 Wheeler","2026-10-09","passed","2026-10-09","","","",""
"","3805","TC-CL-01: Check Truck Price lead submits successfully on Bi Fuel Trucks","CategoryPages - CategoryListing [biFuel] [en] — Bi Fuel Trucks","2026-10-09","passed","2026-10-09","","","",""
"","660","TC-SPB-01: Talk To Dealer lead submits successfully on Mahindra Spare Parts Dealers","AllLeadForm - SparePartsBrand [mahindra] [en] — Mahindra Spare Parts Dealers","2026-10-09","broken","2026-10-09","","","",""
"","1685","TC-UTPDP-03: Contact Seller lead form rejects mobile that is not 10 digits on Used Truck Detail","AllLeadForm - UsedTruckPdp [en]","2026-10-09","passed","2026-10-09","","","",""
"","2422","TC-CVP-02: Check Permit Info lead requests OTP successfully on CV Permit","AllLeadForm - CvPermit [en]","2026-10-09","passed","2026-10-09","","","",""
"","2011","TC-SCB-02: Talk To Dealer lead form shows required validation when submitted empty on Tata Service Centers","AllLeadForm - ServiceCenterBrand [tata] [en] — Tata Service Centers","2026-10-09","broken","2026-10-09","","","",""
"","3134","TC-NTPDP-03: Get Offers lead submits successfully for Tata Yodha 2.0","AllLeadForm - NewTruckPdp [mostPopular] [en] — Tata Yodha 2.0","2026-10-09","passed","2026-10-09","","","",""
"","3476","TC-CB-01: Check Truck Price lead submits successfully on Eicher 10 Wheeler Trucks","AllLeadForm - CategoryBrand [tenWheelerEicher] [en] — Eicher 10 Wheeler Trucks","2026-10-09","passed","2026-10-09","","","",""
"","1611","TC-CB-03: Check Truck Price lead form rejects mobile that is not 10 digits on Ashok Leyland 4 Wheeler Trucks","AllLeadForm - CategoryBrand [fourWheelerAshokLeyland] [en] — Ashok Leyland 4 Wheeler Trucks","2026-10-09","passed","2026-10-09","","","",""
"**Test Case ID:** TC-NLP-01
**Title:** Check Offers lead submits successfully on Upcoming Trucks
**Language:** en

**Description:**
Open the Upcoming Trucks listing page, click Check Offers to open its lead form, fill name, mobile and city, and submit.

**Expected Result:**
A Thank You confirmation is shown after a successful lead submission. The submitted name is tagged with a page/CTA identifier for CRM traceability.

**Steps:**
1. Open the Upcoming Trucks listing page
2. Click Check Offers to open its lead form
3. Fill name, mobile and city
4. Submit and verify the confirmation","21536","TC-NLP-01: Check Offers lead submits successfully on Upcoming Trucks","ListingPages - NewListingPages [upcomingTrucks] [en] — Upcoming Trucks","2026-10-09","failed","2026-10-09","","","",""
"**Test Case ID:** TC-NLP-02
**Title:** Check Truck Price lead submits successfully on Latest Trucks
**Language:** en

**Description:**
Open the Latest Trucks listing page, click Check Truck Price to open its lead form, fill name, mobile and city, and submit.

**Expected Result:**
A Thank You confirmation is shown after a successful lead submission. The submitted name is tagged with a page/CTA identifier for CRM traceability.

**Steps:**
1. Open the Latest Trucks listing page
2. Click Check Truck Price to open its lead form
3. Fill name, mobile and city
4. Submit and verify the confirmation","15554","TC-NLP-02: Check Truck Price lead submits successfully on Latest Trucks","ListingPages - NewListingPages [latestTrucks] [en] — Latest Trucks","2026-10-09","failed","2026-10-09","","","",""
"","4533","TC-CL-01: Check Truck Price lead submits successfully on LCV","CategoryPages - CategoryListing [lcv] [en] — LCV","2026-10-09","passed","2026-10-09","","","",""
"","616","TC-SPB-03: Talk To Dealer lead form rejects mobile that is not 10 digits on Eicher Spare Parts Dealers","AllLeadForm - SparePartsBrand [eicher] [en] — Eicher Spare Parts Dealers","2026-10-09","broken","2026-10-09","","","",""
"","1612","TC-BUS-03: lead form rejects mobile that is not 10 digits on Upcoming Buses","AllLeadForm - BusListing [upcomingBuses] [en] — Upcoming Buses","2026-10-09","passed","2026-10-09","","","",""
"","3094","TC-PL-01: Check Truck Price lead submits successfully on 10 ton - 20 ton Trucks","CategoryPages - CategoryListing [ton10to20] [en] — 10 ton - 20 ton Trucks","2026-10-09","passed","2026-10-09","","","",""
"","3854","TC-BGT-04: Call Now assistance lead submits successfully on Trucks Under 40 Lakh","AllLeadForm - Budget [under40Lakh] [en] — Trucks Under 40 Lakh","2026-10-09","passed","2026-10-09","","","",""
"","757","TC-SCB-03: Talk To Dealer lead form rejects mobile that is not 10 digits on Tata Service Centers","AllLeadForm - ServiceCenterBrand [tata] [en] — Tata Service Centers","2026-10-09","broken","2026-10-09","","","",""
"","2185","TC-PL-03: Check Truck Price lead form rejects mobile that is not 10 digits on 1 ton - 2.5 ton Trucks","CategoryPages - CategoryListing [ton1to2_5] [en] — 1 ton - 2.5 ton Trucks","2026-10-09","passed","2026-10-09","","","",""
"","5317","TC-TBR-01: Check Truck Price lead submits successfully on Mahindra Trucks","CategoryPages - CategoryListing [mahindraBrand] [en] — Mahindra Trucks","2026-10-09","passed","2026-10-09","","","",""
"","6485","TC-TBR-01: Check Truck Price lead submits successfully on Ashok Leyland Trucks","CategoryPages - CategoryListing [ashokLeylandBrand] [en] — Ashok Leyland Trucks","2026-10-09","passed","2026-10-09","","","",""
"","3240","TC-BUSPDP-01: Check Offers lead submits successfully on Tata Starbus Ultra City Electric","AllLeadForm - BusPdp [starbusUltraCityElectric] [en] — Tata Starbus Ultra City Electric","2026-10-09","passed","2026-10-09","","","",""
"","2910","TC-VHR-02: Contact Seller lead submits successfully on Vehicle Report","AllLeadForm - VehicleReport [en]","2026-10-09","passed","2026-10-09","","","",""
"","1561","TC-ECH-04: Check Offers lead form rejects mobile that is not 10 digits on E Challan","AllLeadForm - EChallan [en]","2026-10-09","passed","2026-10-09","","","",""
"","3524","TC-CL-01: Check Truck Price lead submits successfully on 12 Wheeler","CategoryPages - CategoryListing [twelveWheeler] [en] — 12 Wheeler","2026-10-09","passed","2026-10-09","","","",""
"","232","TC-ESC-04: Call Now assistance lead submits successfully on Electric Commercial Vehicle Under 5 Lakh","AllLeadForm - ElectricSubCategory [under5Lakh] [en] — Electric Commercial Vehicle Under 5 Lakh","2026-10-09","skipped","2026-10-09","","","",""
"","2223","TC-ECV-05: Check Offers lead form shows required validation when submitted empty","AllLeadForm - Homepage ElectricCommercialVehicles [en]","2026-10-09","passed","2026-10-09","","","",""
"","293","TC-NLP-03: Contact Seller lead submits successfully on Upcoming Trucks","ListingPages - NewListingPages [upcomingTrucks] [en] — Upcoming Trucks","2026-10-09","skipped","2026-10-09","","","",""
"","1229","TC-BDM-03: Talk To Dealer lead form rejects mobile that is not 10 digits on Body Makers","AllLeadForm - BodyMakers [en] — Body Makers","2026-10-09","passed","2026-10-09","","","",""
"","8212","TC-CL-01: Check Truck Price lead submits successfully on Diesel Trucks","CategoryPages - CategoryListing [diesel] [en] — Diesel Trucks","2026-10-09","passed","2026-10-09","","","",""
"","13886","TC-PDPI-01: Check Offers lead submits successfully on Tata Yodha 2.0 Specifications","PDP - NewTruckInternalPages [yodhaSpecifications] [en] — Tata Yodha 2.0 Specifications","2026-10-09","passed","2026-10-09","","","",""
"","1527","TC-BGT-02: Check Truck Price lead form shows required validation when submitted empty on Trucks Under 15 Lakh","AllLeadForm - Budget [under15Lakh] [en] — Trucks Under 15 Lakh","2026-10-09","passed","2026-10-09","","","",""
"","5738","TC-PDPI-05: Get On Road Price lead submits successfully on Tata Yodha 2.0 Mileage","PDP - NewTruckInternalPages [yodhaMileage] [en] — Tata Yodha 2.0 Mileage","2026-10-09","passed","2026-10-09","","","",""
"","1970","TC-EV-03: Check Truck Price lead form shows required validation when submitted empty on Electric Commercial Vehicles","AllLeadForm - ElectricVehicle [en] — Electric Commercial Vehicles","2026-10-09","passed","2026-10-09","","","",""
"","5588","TC-PDPI-01: Check Offers lead submits successfully on Tata Yodha 2.0 Videos","PDP - NewTruckInternalPages [yodhaVideos] [en] — Tata Yodha 2.0 Videos","2026-10-09","passed","2026-10-09","","","",""
"","1662","TC-BUS-03: lead form rejects mobile that is not 10 digits on Latest Buses","AllLeadForm - BusListing [latestBuses] [en] — Latest Buses","2026-10-09","passed","2026-10-09","","","",""
"","1652","TC-TSR-03: Check Truck Price lead form rejects mobile that is not 10 digits on Ashok Leyland Dost","CategoryPages - CategoryListing [ashokLeylandDost] [en] — Ashok Leyland Dost","2026-10-09","passed","2026-10-09","","","",""
"","1187","TC-PL-02: Check Truck Price lead form shows required validation when submitted empty on 40 ton - 300 ton Trucks","CategoryPages - CategoryListing [ton40to300] [en] — 40 ton - 300 ton Trucks","2026-10-09","passed","2026-10-09","","","",""
"","1815","TC-BGT-03: Check Truck Price lead form rejects mobile that is not 10 digits on Trucks Under 15 Lakh","AllLeadForm - Budget [under15Lakh] [en] — Trucks Under 15 Lakh","2026-10-09","passed","2026-10-09","","","",""
"","3912","TC-TBR-02: Check Truck Price lead form shows required validation when submitted empty on Tata Trucks","CategoryPages - CategoryListing [tataBrand] [en] — Tata Trucks","2026-10-09","passed","2026-10-09","","","",""
"","1604","TC-CL-03: Check Truck Price lead form rejects mobile that is not 10 digits on 18 Wheeler","CategoryPages - CategoryListing [eighteenWheeler] [en] — 18 Wheeler","2026-10-09","passed","2026-10-09","","","",""
"","323","TC-CL-04: Call Now assistance lead submits successfully on 6 Wheeler","CategoryPages - CategoryListing [sixWheeler] [en] — 6 Wheeler","2026-10-09","skipped","2026-10-09","","","",""
"","5207","TC-PL-04: Call Now assistance lead submits successfully on 10 ton - 20 ton Trucks","CategoryPages - CategoryListing [ton10to20] [en] — 10 ton - 20 ton Trucks","2026-10-09","passed","2026-10-09","","","",""
"","1897","TC-CL-02: Check Truck Price lead form shows required validation when submitted empty on Diesel Trucks","CategoryPages - CategoryListing [diesel] [en] — Diesel Trucks","2026-10-09","passed","2026-10-09","","","",""
"","953","TC-BUSPDP-02: Check Offers lead form shows required validation when submitted empty on Tata Starbus Ultra City Electric","AllLeadForm - BusPdp [starbusUltraCityElectric] [en] — Tata Starbus Ultra City Electric","2026-10-09","passed","2026-10-09","","","",""
"","12450","TC-CB-01: Check Truck Price lead submits successfully on Ashok Leyland Tippers","AllLeadForm - CategoryBrand [tippersAshokLeyland] [en] — Ashok Leyland Tippers","2026-10-09","passed","2026-10-09","","","",""
"","1803","TC-CB-02: Check Truck Price lead form shows required validation when submitted empty on Atul 3 Wheeler","AllLeadForm - CategoryBrand [threeWheelerAtul] [en] — Atul 3 Wheeler","2026-10-09","passed","2026-10-09","","","",""
"","696","TC-DLC-02: Talk To Dealer lead form shows required validation when submitted empty on Truck Dealers in Pune, Maharashtra","AllLeadForm - DealerCity [pune] [en] — Truck Dealers in Pune, Maharashtra","2026-10-09","broken","2026-10-09","","","",""
"","3266","TC-ESC-01: Check Truck Price lead submits successfully on Electric E Rickshaw","AllLeadForm - ElectricSubCategory [eRickshaw] [en] — Electric E Rickshaw","2026-10-09","passed","2026-10-09","","","",""
"","452","TC-DLC-02: Talk To Dealer lead form shows required validation when submitted empty on Truck Dealers in Jaipur, Rajasthan","AllLeadForm - DealerCity [jaipur] [en] — Truck Dealers in Jaipur, Rajasthan","2026-10-09","broken","2026-10-09","","","",""
"","3910","TC-CL-01: Check Truck Price lead submits successfully on 18 Wheeler","CategoryPages - CategoryListing [eighteenWheeler] [en] — 18 Wheeler","2026-10-09","passed","2026-10-09","","","",""
"","6011","TC-ESC-01: Check Truck Price lead submits successfully on Electric 3 Wheeler","AllLeadForm - ElectricSubCategory [threeWheeler] [en] — Electric 3 Wheeler","2026-10-09","passed","2026-10-09","","","",""
"","4293","TC-BR-01: Download Brochure lead submits successfully on Brochure","AllLeadForm - Brochure [en]","2026-10-09","passed","2026-10-09","","","",""
"","1862","TC-TMO-02: Check Offers lead form shows required validation when submitted empty on Offers","AllLeadForm - TabbedModelOffers [offers] [en] — Offers","2026-10-09","passed","2026-10-09","","","",""
