"DESCRIPTION","DURATION IN MS","NAME","PARENT SUITE","START TIME","STATUS","STOP TIME","SUB SUITE","SUITE","TEST CLASS","TEST METHOD"
"","3072","TC-CB-04: Call Now assistance lead submits successfully on Ashok Leyland 4 Wheeler Trucks","AllLeadForm - CategoryBrand [fourWheelerAshokLeyland] [en] — Ashok Leyland 4 Wheeler Trucks","2026-10-10","passed","2026-10-10","","","",""
"","677","TC-TSR-04: Call Now assistance lead submits successfully on Mahindra Blazo","CategoryPages - CategoryListing [mahindraBlazo] [en] — Mahindra Blazo","2026-10-10","skipped","2026-10-10","","","",""
"","17159","TC-CB-01: Check Truck Price lead submits successfully on Eicher 10 Wheeler Trucks","AllLeadForm - CategoryBrand [tenWheelerEicher] [en] — Eicher 10 Wheeler Trucks","2026-10-10","failed","2026-10-10","","","",""
"","3806","TC-PDPI-03: Get On Road Price lead form rejects mobile that is not 10 digits on Tata Yodha 2.0 Price in Gurgaon","PDP - NewTruckInternalPages [yodhaPriceGurgaon] [en] — Tata Yodha 2.0 Price in Gurgaon","2026-10-10","passed","2026-10-10","","","",""
"","1037","TC-DBC-02: Talk To Dealer lead form shows required validation when submitted empty on Tata Truck Dealers in Pune, Maharashtra","AllLeadForm - DealerBrandCity [tataPune] [en] — Tata Truck Dealers in Pune, Maharashtra","2026-10-10","broken","2026-10-10","","","",""
"","5401","TC-BBG-01: Check Truck Price lead submits successfully on Eicher Trucks Under 20 Lakh","AllLeadForm - BrandBudget [eicherUnder20Lakh] [en] — Eicher Trucks Under 20 Lakh","2026-10-10","passed","2026-10-10","","","",""
"","3279","TC-BUSVAR-01: Check Offers lead submits successfully on Tata Starbus Staff Contract 40+D AC LP 913/52 CNG","AllLeadForm - BusVariant [starbus40dAcLp913] [en] — Tata Starbus Staff Contract 40+D AC LP 913/52 CNG","2026-10-10","passed","2026-10-10","","","",""
"","3408","TC-CL-01: Check Truck Price lead submits successfully on 18 Wheeler","CategoryPages - CategoryListing [eighteenWheeler] [en] — 18 Wheeler","2026-10-10","passed","2026-10-10","","","",""
"","438","TC-DLC-03: Talk To Dealer lead form rejects mobile that is not 10 digits on Truck Dealers in Jaipur, Rajasthan","AllLeadForm - DealerCity [jaipur] [en] — Truck Dealers in Jaipur, Rajasthan","2026-10-10","broken","2026-10-10","","","",""
"","1346","TC-SCB-02: Talk To Dealer lead form shows required validation when submitted empty on Tata Service Centers","AllLeadForm - ServiceCenterBrand [tata] [en] — Tata Service Centers","2026-10-10","broken","2026-10-10","","","",""
"","2917","TC-ESC-04: Call Now assistance lead submits successfully on Electric Pickup","AllLeadForm - ElectricSubCategory [pickup] [en] — Electric Pickup","2026-10-10","passed","2026-10-10","","","",""
"","3458","TC-CB-01: Check Truck Price lead submits successfully on Ashok Leyland Transit Mixers","AllLeadForm - CategoryBrand [transitMixerAshokLeyland] [en] — Ashok Leyland Transit Mixers","2026-10-10","passed","2026-10-10","","","",""
"","1440","TC-CL-02: Check Truck Price lead form shows required validation when submitted empty on Bi Fuel Trucks","CategoryPages - CategoryListing [biFuel] [en] — Bi Fuel Trucks","2026-10-10","passed","2026-10-10","","","",""
"","7451","TC-TYR-01: View October Offer lead submits successfully on Tyres","AllLeadForm - Tyres [en] — Tyres","2026-10-10","passed","2026-10-10","","","",""
"**Test Case ID:** TC-NLP-07
**Title:** Check Offers lead form rejects mobile that is not 10 digits on Find New Trucks
**Language:** en

**Description:**
Open the Find New Trucks listing page, open Check Offers, fill a valid name, an invalid (5-digit) mobile number, and leave city empty, then submit.

**Expected Result:**
The real, page-shown mobile-format and location-required validation messages are displayed, and no lead is submitted.

**Steps:**
1. Open the Find New Trucks listing page
2. Click Check Offers to open its lead form
3. Fill a valid name and an invalid mobile number
4. Submit with city left empty
5. Verify the mobile-format and location validation messages are shown","2982","TC-NLP-07: Check Offers lead form rejects mobile that is not 10 digits on Find New Trucks","ListingPages - NewListingPages [newTrucks] [en] — Find New Trucks","2026-10-10","passed","2026-10-10","","","",""
"","4259","TC-BGT-01: Check Truck Price lead submits successfully on Trucks Under 10 Lakh","AllLeadForm - Budget [under10Lakh] [en] — Trucks Under 10 Lakh","2026-10-10","passed","2026-10-10","","","",""
"","15832","TC-TBR-01: Check Truck Price lead submits successfully on Tata Trucks","CategoryPages - CategoryListing [tataBrand] [en] — Tata Trucks","2026-10-10","passed","2026-10-10","","","",""
"","2493","TC-BUSPDP-01: Check Offers lead submits successfully on Tata Starbus Ultra City Electric","AllLeadForm - BusPdp [starbusUltraCityElectric] [en] — Tata Starbus Ultra City Electric","2026-10-10","passed","2026-10-10","","","",""
"","17887","TC-CL-01: Check Truck Price lead submits successfully on LPG Trucks","CategoryPages - CategoryListing [lpg] [en] — LPG Trucks","2026-10-10","failed","2026-10-10","","","",""
"","1092","TC-BUS-02: lead form shows required validation when submitted empty on Upcoming Buses","AllLeadForm - BusListing [upcomingBuses] [en] — Upcoming Buses","2026-10-10","passed","2026-10-10","","","",""
"","1417","TC-CB-02: Check Truck Price lead form shows required validation when submitted empty on Ashok Leyland Pickups","AllLeadForm - CategoryBrand [pickupAshokLeyland] [en] — Ashok Leyland Pickups","2026-10-10","passed","2026-10-10","","","",""
"","3169","TC-BGT-04: Call Now assistance lead submits successfully on Trucks Under 30 Lakh","AllLeadForm - Budget [under30Lakh] [en] — Trucks Under 30 Lakh","2026-10-10","passed","2026-10-10","","","",""
"","1668","TC-PL-03: Check Truck Price lead form rejects mobile that is not 10 digits on 40 ton - 300 ton Trucks","CategoryPages - CategoryListing [ton40to300] [en] — 40 ton - 300 ton Trucks","2026-10-10","passed","2026-10-10","","","",""
"","2253","TC-BBG-02: Check Truck Price lead form shows required validation when submitted empty on Eicher Trucks Under 20 Lakh","AllLeadForm - BrandBudget [eicherUnder20Lakh] [en] — Eicher Trucks Under 20 Lakh","2026-10-10","passed","2026-10-10","","","",""
"","1650","TC-CVP-03: Check Offers lead form shows required validation when submitted empty on CV Permit","AllLeadForm - CvPermit [en]","2026-10-10","passed","2026-10-10","","","",""
"","3073","TC-PDPI-03: Check Offers lead form rejects mobile that is not 10 digits on Tata Yodha 2.0 Reviews","PDP - NewTruckInternalPages [yodhaReview] [en] — Tata Yodha 2.0 Reviews","2026-10-10","passed","2026-10-10","","","",""
"","1483","TC-ESC-03: Check Truck Price lead form rejects mobile that is not 10 digits on Electric Trucks","AllLeadForm - ElectricSubCategory [trucks] [en] — Electric Trucks","2026-10-10","passed","2026-10-10","","","",""
"","3306","TC-BUS-01: lead submits successfully on Ashok Leyland Buses","AllLeadForm - BusListing [ashokLeylandBuses] [en] — Ashok Leyland Buses","2026-10-10","passed","2026-10-10","","","",""
"","2469","TC-BBG-03: Check Truck Price lead form rejects mobile that is not 10 digits on Eicher Trucks Under 20 Lakh","AllLeadForm - BrandBudget [eicherUnder20Lakh] [en] — Eicher Trucks Under 20 Lakh","2026-10-10","passed","2026-10-10","","","",""
"","1599","TC-CL-03: Check Truck Price lead form rejects mobile that is not 10 digits on LCV","CategoryPages - CategoryListing [lcv] [en] — LCV","2026-10-10","passed","2026-10-10","","","",""
"","481","TC-CL-04: Call Now assistance lead submits successfully on 8 Wheeler","CategoryPages - CategoryListing [eightWheeler] [en] — 8 Wheeler","2026-10-10","skipped","2026-10-10","","","",""
"","6649","TC-LMC-04: one Check Offers lead from autoRickshaw tab submits successfully","AllLeadForm - Homepage LatestModelsByCategory [en]","2026-10-10","passed","2026-10-10","","","",""
"","324","TC-NLP-03: Contact Seller lead submits successfully on Find New Trucks","ListingPages - NewListingPages [newTrucks] [en] — Find New Trucks","2026-10-10","skipped","2026-10-10","","","",""
"","1075","TC-BUS-02: lead form shows required validation when submitted empty on Latest Buses","AllLeadForm - BusListing [latestBuses] [en] — Latest Buses","2026-10-10","passed","2026-10-10","","","",""
"","18","TC-PDPI-02: Check Offers lead form shows required validation when submitted empty on Eka 3W Cargo Reviews","PDP - NewTruckInternalPages [ekaReview] [en] — Eka 3W Cargo Reviews","2026-10-10","skipped","2026-10-10","","","",""
"","3595","TC-TBR-03: Check Truck Price lead form rejects mobile that is not 10 digits on Mahindra Trucks","CategoryPages - CategoryListing [mahindraBrand] [en] — Mahindra Trucks","2026-10-10","passed","2026-10-10","","","",""
"","3259","TC-ESC-01: Check Truck Price lead submits successfully on Electric Pickup","AllLeadForm - ElectricSubCategory [pickup] [en] — Electric Pickup","2026-10-10","passed","2026-10-10","","","",""
"","3075","TC-BBG-04: Call Now assistance lead submits successfully on Eicher Trucks Above 40 Lakh","AllLeadForm - BrandBudget [eicherAbove40Lakh] [en] — Eicher Trucks Above 40 Lakh","2026-10-10","passed","2026-10-10","","","",""
"","1564","TC-CB-03: Check Truck Price lead form rejects mobile that is not 10 digits on Force Tempo Traveller","AllLeadForm - CategoryBrand [tempoTravellerForce] [en] — Force Tempo Traveller","2026-10-10","passed","2026-10-10","","","",""
"","541","TC-DLC-01: Talk To Dealer lead submits successfully on Truck Dealers in Pune, Maharashtra","AllLeadForm - DealerCity [pune] [en] — Truck Dealers in Pune, Maharashtra","2026-10-10","broken","2026-10-10","","","",""
"","1768","TC-CL-03: Check Truck Price lead form rejects mobile that is not 10 digits on Mini Trucks","CategoryPages - CategoryListing [miniTrucks] [en] — Mini Trucks","2026-10-10","passed","2026-10-10","","","",""
"","2917","TC-PL-04: Call Now assistance lead submits successfully on 5 ton - 10 ton Trucks","CategoryPages - CategoryListing [ton5to10] [en] — 5 ton - 10 ton Trucks","2026-10-10","passed","2026-10-10","","","",""
"","350","TC-DLC-01: Talk To Dealer lead submits successfully on Truck Dealers in Jaipur, Rajasthan","AllLeadForm - DealerCity [jaipur] [en] — Truck Dealers in Jaipur, Rajasthan","2026-10-10","broken","2026-10-10","","","",""
"","3991","TC-PL-04: Call Now assistance lead submits successfully on 40 ton - 300 ton Trucks","CategoryPages - CategoryListing [ton40to300] [en] — 40 ton - 300 ton Trucks","2026-10-10","passed","2026-10-10","","","",""
"","1880","TC-BGT-03: Check Truck Price lead form rejects mobile that is not 10 digits on Trucks Under 10 Lakh","AllLeadForm - Budget [under10Lakh] [en] — Trucks Under 10 Lakh","2026-10-10","passed","2026-10-10","","","",""
"","1551","TC-PL-03: Check Truck Price lead form rejects mobile that is not 10 digits on Under 1 Ton Trucks","CategoryPages - CategoryListing [under1Ton] [en] — Under 1 Ton Trucks","2026-10-10","passed","2026-10-10","","","",""
"","3252","TC-CB-04: Call Now assistance lead submits successfully on Ashok Leyland 6 Wheeler Trucks","AllLeadForm - CategoryBrand [sixWheelerAshokLeyland] [en] — Ashok Leyland 6 Wheeler Trucks","2026-10-10","passed","2026-10-10","","","",""
"","17545","TC-CL-01: Check Truck Price lead submits successfully on CNG Trucks","CategoryPages - CategoryListing [cng] [en] — CNG Trucks","2026-10-10","failed","2026-10-10","","","",""
"","3903","TC-CB-01: Check Truck Price lead submits successfully on Allfine E Rickshaw","AllLeadForm - CategoryBrand [eRickshawAllfine] [en] — Allfine E Rickshaw","2026-10-10","passed","2026-10-10","","","",""
"","2147","TC-CB-03: Check Truck Price lead form rejects mobile that is not 10 digits on Eicher 10 Wheeler Trucks","AllLeadForm - CategoryBrand [tenWheelerEicher] [en] — Eicher 10 Wheeler Trucks","2026-10-10","passed","2026-10-10","","","",""
"","1938","TC-CL-03: Check Truck Price lead form rejects mobile that is not 10 digits on 12 Wheeler","CategoryPages - CategoryListing [twelveWheeler] [en] — 12 Wheeler","2026-10-10","passed","2026-10-10","","","",""
"","2677","TC-CB-03: Check Truck Price lead form rejects mobile that is not 10 digits on Ashok Leyland Pickups","AllLeadForm - CategoryBrand [pickupAshokLeyland] [en] — Ashok Leyland Pickups","2026-10-10","passed","2026-10-10","","","",""
"","3688","TC-PL-01: Check Truck Price lead submits successfully on 20 ton - 40 ton Trucks","CategoryPages - CategoryListing [ton20to40] [en] — 20 ton - 40 ton Trucks","2026-10-10","passed","2026-10-10","","","",""
"","4886","TC-PDPI-03: Check Offers lead form rejects mobile that is not 10 digits on Tata Yodha 2.0 Images","PDP - NewTruckInternalPages [yodhaImages] [en] — Tata Yodha 2.0 Images","2026-10-10","passed","2026-10-10","","","",""
"","1568","TC-PDPI-02: Download Brochure lead form shows required validation when submitted empty on Tata Yodha 2.0 Brochure","PDP - NewTruckInternalPages [yodhaBrochure] [en] — Tata Yodha 2.0 Brochure","2026-10-10","passed","2026-10-10","","","",""
"","322","TC-SCB-01: Talk To Dealer lead submits successfully on Mahindra Service Centers","AllLeadForm - ServiceCenterBrand [mahindra] [en] — Mahindra Service Centers","2026-10-10","broken","2026-10-10","","","",""
"","2433","TC-CB-02: Check Truck Price lead form shows required validation when submitted empty on Ashok Leyland Tippers","AllLeadForm - CategoryBrand [tippersAshokLeyland] [en] — Ashok Leyland Tippers","2026-10-10","passed","2026-10-10","","","",""
"","4089","TC-CL-01: Check Truck Price lead submits successfully on 10 Wheeler","CategoryPages - CategoryListing [tenWheeler] [en] — 10 Wheeler","2026-10-10","passed","2026-10-10","","","",""
"","1525","TC-DLB-03: Talk To Dealer lead form rejects mobile that is not 10 digits on Tata Truck Dealers","AllLeadForm - DealerBrand [tata] [en] — Tata Truck Dealers","2026-10-10","broken","2026-10-10","","","",""
"","1807","TC-ESC-02: Check Truck Price lead form shows required validation when submitted empty on Electric Auto Rickshaw","AllLeadForm - ElectricSubCategory [autoRickshaw] [en] — Electric Auto Rickshaw","2026-10-10","passed","2026-10-10","","","",""
"","1255","TC-BUSPDP-03: Check Offers lead form rejects mobile that is not 10 digits on Tata Starbus Ultra City Electric","AllLeadForm - BusPdp [starbusUltraCityElectric] [en] — Tata Starbus Ultra City Electric","2026-10-10","passed","2026-10-10","","","",""
"","1064","TC-VHR-04: Check Offers lead form shows required validation when submitted empty on Vehicle Report","AllLeadForm - VehicleReport [en]","2026-10-10","passed","2026-10-10","","","",""
"","2843","TC-ESC-04: Call Now assistance lead submits successfully on Electric Auto Rickshaw","AllLeadForm - ElectricSubCategory [autoRickshaw] [en] — Electric Auto Rickshaw","2026-10-10","passed","2026-10-10","","","",""
"","4716","TC-ESC-01: Check Truck Price lead submits successfully on Electric Auto Rickshaw","AllLeadForm - ElectricSubCategory [autoRickshaw] [en] — Electric Auto Rickshaw","2026-10-10","passed","2026-10-10","","","",""
"","20044","TC-BUSVAR-01: Check Offers lead submits successfully on Tata Starbus Staff Contract 40+D LP 909/52 CNG","AllLeadForm - BusVariant [starbus40dLp909] [en] — Tata Starbus Staff Contract 40+D LP 909/52 CNG","2026-10-10","failed","2026-10-10","","","",""
"","10457","TC-BGT-01: Check Truck Price lead submits successfully on Trucks Under 5 Lakh","AllLeadForm - Budget [under5Lakh] [en] — Trucks Under 5 Lakh","2026-10-10","passed","2026-10-10","","","",""
"","1734","TC-CB-03: Check Truck Price lead form rejects mobile that is not 10 digits on Ashok Leyland Tippers","AllLeadForm - CategoryBrand [tippersAshokLeyland] [en] — Ashok Leyland Tippers","2026-10-10","passed","2026-10-10","","","",""
"","3514","TC-BBG-04: Call Now assistance lead submits successfully on Ashok Leyland Trucks Under 15 Lakh","AllLeadForm - BrandBudget [ashokLeylandUnder15Lakh] [en] — Ashok Leyland Trucks Under 15 Lakh","2026-10-10","passed","2026-10-10","","","",""
"","3266","TC-CB-01: Check Truck Price lead submits successfully on Atul 3 Wheeler","AllLeadForm - CategoryBrand [threeWheelerAtul] [en] — Atul 3 Wheeler","2026-10-10","passed","2026-10-10","","","",""
"","5851","TC-PDPI-01: Check Offers lead submits successfully on Eka 3W Cargo Price in Mumbai","PDP - NewTruckInternalPages [ekaPriceMumbai] [en] — Eka 3W Cargo Price in Mumbai","2026-10-10","passed","2026-10-10","","","",""
"","1566","TC-TSR-02: Check Truck Price lead form shows required validation when submitted empty on Tata Ace","CategoryPages - CategoryListing [tataAce] [en] — Tata Ace","2026-10-10","passed","2026-10-10","","","",""
"","6379","TC-BGT-04: Call Now assistance lead submits successfully on Trucks Under 10 Lakh","AllLeadForm - Budget [under10Lakh] [en] — Trucks Under 10 Lakh","2026-10-10","passed","2026-10-10","","","",""
"","1351","TC-BUSVAR-03: Check Offers lead form rejects mobile that is not 10 digits on Tata Starbus Staff Contract 40+D AC LP 913/52 CNG","AllLeadForm - BusVariant [starbus40dAcLp913] [en] — Tata Starbus Staff Contract 40+D AC LP 913/52 CNG","2026-10-10","passed","2026-10-10","","","",""
"","3336","TC-CB-01: Check Truck Price lead submits successfully on Eicher 4 Wheeler Trucks","AllLeadForm - CategoryBrand [fourWheelerEicher] [en] — Eicher 4 Wheeler Trucks","2026-10-10","passed","2026-10-10","","","",""
"**Test Case ID:** TC-NLP-02
**Title:** Check Truck Price lead submits successfully on Latest Trucks
**Language:** en

**Description:**
Open the Latest Trucks listing page, click Check Truck Price to open its lead form, fill name, mobile and city, and submit.

**Expected Result:**
A Thank You confirmation is shown after a successful lead submission. The submitted name is tagged with a page/CTA identifier for CRM traceability.

**Steps:**
1. Open the Latest Trucks listing page
2. Click Check Truck Price to open its lead form
3. Fill name, mobile and city
4. Submit and verify the confirmation","16118","TC-NLP-02: Check Truck Price lead submits successfully on Latest Trucks","ListingPages - NewListingPages [latestTrucks] [en] — Latest Trucks","2026-10-10","failed","2026-10-10","","","",""
"","365","TC-SPB-03: Talk To Dealer lead form rejects mobile that is not 10 digits on Mahindra Spare Parts Dealers","AllLeadForm - SparePartsBrand [mahindra] [en] — Mahindra Spare Parts Dealers","2026-10-10","broken","2026-10-10","","","",""
"","256","TC-ESC-04: Call Now assistance lead submits successfully on Electric Commercial Vehicle Under 1 Lakh","AllLeadForm - ElectricSubCategory [under1Lakh] [en] — Electric Commercial Vehicle Under 1 Lakh","2026-10-10","skipped","2026-10-10","","","",""
"","2176","TC-CL-03: Check Truck Price lead form rejects mobile that is not 10 digits on ICV","CategoryPages - CategoryListing [icv] [en] — ICV","2026-10-10","passed","2026-10-10","","","",""
"","1884","TC-BGT-03: Check Truck Price lead form rejects mobile that is not 10 digits on Trucks Under 20 Lakh","AllLeadForm - Budget [under20Lakh] [en] — Trucks Under 20 Lakh","2026-10-10","passed","2026-10-10","","","",""
"","4488","TC-CL-01: Check Truck Price lead submits successfully on Petrol Trucks","CategoryPages - CategoryListing [petrol] [en] — Petrol Trucks","2026-10-10","passed","2026-10-10","","","",""
"","1474","TC-PL-03: Check Truck Price lead form rejects mobile that is not 10 digits on 1 ton - 2.5 ton Trucks","CategoryPages - CategoryListing [ton1to2_5] [en] — 1 ton - 2.5 ton Trucks","2026-10-10","passed","2026-10-10","","","",""
"","6454","TC-TIY-18: Latest Check Offers submits lead and shows Thank You modal","AllLeadForm - Homepage TruckInIndia [en]","2026-10-10","passed","2026-10-10","","","",""
"","431","TC-DLC-03: Talk To Dealer lead form rejects mobile that is not 10 digits on Truck Dealers in Ahmedabad, Gujarat","AllLeadForm - DealerCity [ahmedabad] [en] — Truck Dealers in Ahmedabad, Gujarat","2026-10-10","broken","2026-10-10","","","",""
"","3263","TC-BBG-01: Check Truck Price lead submits successfully on Ashok Leyland Trucks Above 40 Lakh","AllLeadForm - BrandBudget [ashokLeylandAbove40Lakh] [en] — Ashok Leyland Trucks Above 40 Lakh","2026-10-10","passed","2026-10-10","","","",""
"","3038","TC-ESC-01: Check Truck Price lead submits successfully on Electric E Rickshaw","AllLeadForm - ElectricSubCategory [eRickshaw] [en] — Electric E Rickshaw","2026-10-10","passed","2026-10-10","","","",""
"","7734","TC-CL-01: Check Truck Price lead submits successfully on 3 Wheeler","CategoryPages - CategoryListing [threeWheeler] [en] — 3 Wheeler","2026-10-10","passed","2026-10-10","","","",""
"","6111","TC-TIY-19: Upcoming Check Offers submits lead and shows Thank You modal","AllLeadForm - Homepage TruckInIndia [en]","2026-10-10","passed","2026-10-10","","","",""
"","2943","TC-CL-04: Call Now assistance lead submits successfully on Petrol Trucks","CategoryPages - CategoryListing [petrol] [en] — Petrol Trucks","2026-10-10","passed","2026-10-10","","","",""
"","1831","TC-CL-02: Check Truck Price lead form shows required validation when submitted empty on ICV","CategoryPages - CategoryListing [icv] [en] — ICV","2026-10-10","passed","2026-10-10","","","",""
"","2085","TC-CL-03: Check Truck Price lead form rejects mobile that is not 10 digits on Trailers","CategoryPages - CategoryListing [trailers] [en] — Trailers","2026-10-10","passed","2026-10-10","","","",""
"","1533","TC-CB-03: Check Truck Price lead form rejects mobile that is not 10 digits on Ashok Leyland Transit Mixers","AllLeadForm - CategoryBrand [transitMixerAshokLeyland] [en] — Ashok Leyland Transit Mixers","2026-10-10","passed","2026-10-10","","","",""
"","1519","TC-ESC-03: Check Truck Price lead form rejects mobile that is not 10 digits on Electric 3 Wheeler","AllLeadForm - ElectricSubCategory [threeWheeler] [en] — Electric 3 Wheeler","2026-10-10","passed","2026-10-10","","","",""
"","588","TC-SPB-02: Talk To Dealer lead form shows required validation when submitted empty on Eicher Spare Parts Dealers","AllLeadForm - SparePartsBrand [eicher] [en] — Eicher Spare Parts Dealers","2026-10-10","broken","2026-10-10","","","",""
"**Test Case ID:** TC-NLP-05
**Title:** Call Now lead submits successfully on Popular Truck
**Language:** en

**Description:**
Open the Popular Truck listing page, click Call Now to open its lead form, fill name, mobile and city, and submit.

**Expected Result:**
The assistance lead form closes after a successful submission (verified via the real submit network call). The submitted name is tagged with a page/CTA identifier for CRM traceability.

**Steps:**
1. Open the Popular Truck listing page
2. Click Call Now to open its lead form
3. Fill name, mobile and city
4. Submit and verify the confirmation","3110","TC-NLP-05: Call Now lead submits successfully on Popular Truck","ListingPages - NewListingPages [popularTrucks] [en] — Popular Truck","2026-10-10","passed","2026-10-10","","","",""
"","1639","TC-BUS-02: lead form shows required validation when submitted empty on Mahindra Buses","AllLeadForm - BusListing [mahindraBuses] [en] — Mahindra Buses","2026-10-10","passed","2026-10-10","","","",""
"","3562","TC-BUS-01: lead submits successfully on SML ISUZU Buses","AllLeadForm - BusListing [smlIsuzuBuses] [en] — SML ISUZU Buses","2026-10-10","passed","2026-10-10","","","",""
"","5230","TC-LMC-05: one Check Offers lead from eRickshaw tab submits successfully","AllLeadForm - Homepage LatestModelsByCategory [en]","2026-10-10","passed","2026-10-10","","","",""
"","4162","TC-CB-04: Call Now assistance lead submits successfully on Ashok Leyland Pickups","AllLeadForm - CategoryBrand [pickupAshokLeyland] [en] — Ashok Leyland Pickups","2026-10-10","passed","2026-10-10","","","",""
"","738","TC-DBC-03: Talk To Dealer lead form rejects mobile that is not 10 digits on Tata Truck Dealers in Pune, Maharashtra","AllLeadForm - DealerBrandCity [tataPune] [en] — Tata Truck Dealers in Pune, Maharashtra","2026-10-10","broken","2026-10-10","","","",""
"","1666","TC-BBG-03: Check Truck Price lead form rejects mobile that is not 10 digits on Ashok Leyland Trucks Above 40 Lakh","AllLeadForm - BrandBudget [ashokLeylandAbove40Lakh] [en] — Ashok Leyland Trucks Above 40 Lakh","2026-10-10","passed","2026-10-10","","","",""
"","1512","TC-CL-03: Check Truck Price lead form rejects mobile that is not 10 digits on HCV","CategoryPages - CategoryListing [hcv] [en] — HCV","2026-10-10","passed","2026-10-10","","","",""
"","5129","TC-TBR-01: Check Truck Price lead submits successfully on Ashok Leyland Trucks","CategoryPages - CategoryListing [ashokLeylandBrand] [en] — Ashok Leyland Trucks","2026-10-10","passed","2026-10-10","","","",""
"","287","TC-CL-04: Call Now assistance lead submits successfully on Mini Trucks","CategoryPages - CategoryListing [miniTrucks] [en] — Mini Trucks","2026-10-10","skipped","2026-10-10","","","",""
"","501","TC-CL-04: Call Now assistance lead submits successfully on Transit Mixer","CategoryPages - CategoryListing [transitMixer] [en] — Transit Mixer","2026-10-10","skipped","2026-10-10","","","",""
"","1331","TC-SCB-01: Talk To Dealer lead submits successfully on Tata Service Centers","AllLeadForm - ServiceCenterBrand [tata] [en] — Tata Service Centers","2026-10-10","broken","2026-10-10","","","",""
"","2661","TC-CL-02: Check Truck Price lead form shows required validation when submitted empty on 3 Wheeler","CategoryPages - CategoryListing [threeWheeler] [en] — 3 Wheeler","2026-10-10","passed","2026-10-10","","","",""
"","2208","TC-BUT-03: Contact Seller lead form rejects mobile that is not 10 digits on Buy Used Trucks","AllLeadForm - BuyUsedTrucks [en]","2026-10-10","passed","2026-10-10","","","",""
"","1607","TC-CL-03: Check Truck Price lead form rejects mobile that is not 10 digits on 22 Wheeler","CategoryPages - CategoryListing [twentyTwoWheeler] [en] — 22 Wheeler","2026-10-10","passed","2026-10-10","","","",""
"","413","TC-SPB-01: Talk To Dealer lead submits successfully on Mahindra Spare Parts Dealers","AllLeadForm - SparePartsBrand [mahindra] [en] — Mahindra Spare Parts Dealers","2026-10-10","broken","2026-10-10","","","",""
"","1459","TC-ESC-03: Check Truck Price lead form rejects mobile that is not 10 digits on Electric Commercial Vehicle Under 5 Lakh","AllLeadForm - ElectricSubCategory [under5Lakh] [en] — Electric Commercial Vehicle Under 5 Lakh","2026-10-10","passed","2026-10-10","","","",""
"**Test Case ID:** TC-NLP-06
**Title:** Check Offers lead form shows required validation when submitted empty on Best Trucks
**Language:** en

**Description:**
Open the Best Trucks listing page, open Check Offers, and submit with name, mobile and city all left empty.

**Expected Result:**
The real, page-shown validation messages for name, mobile and location are displayed, and no lead is submitted.

**Steps:**
1. Open the Best Trucks listing page
2. Click Check Offers to open its lead form
3. Leave name, mobile and city empty and submit
4. Verify all three required-field validation messages are shown","3181","TC-NLP-06: Check Offers lead form shows required validation when submitted empty on Best Trucks","ListingPages - NewListingPages [bestTrucks] [en] — Best Trucks","2026-10-10","passed","2026-10-10","","","",""
"","1120","TC-PL-02: Check Truck Price lead form shows required validation when submitted empty on 20 ton - 40 ton Trucks","CategoryPages - CategoryListing [ton20to40] [en] — 20 ton - 40 ton Trucks","2026-10-10","passed","2026-10-10","","","",""
"","1134","TC-CL-02: Check Truck Price lead form shows required validation when submitted empty on LPG Trucks","CategoryPages - CategoryListing [lpg] [en] — LPG Trucks","2026-10-10","passed","2026-10-10","","","",""
"","2662","TC-PL-01: Check Truck Price lead submits successfully on 40 ton - 300 ton Trucks","CategoryPages - CategoryListing [ton40to300] [en] — 40 ton - 300 ton Trucks","2026-10-10","passed","2026-10-10","","","",""
"","5029","TC-PDPI-05: Get On Road Price lead submits successfully on Tata Yodha 2.0 Mileage","PDP - NewTruckInternalPages [yodhaMileage] [en] — Tata Yodha 2.0 Mileage","2026-10-10","passed","2026-10-10","","","",""
"","1560","TC-CB-02: Check Truck Price lead form shows required validation when submitted empty on Atul 3 Wheeler","AllLeadForm - CategoryBrand [threeWheelerAtul] [en] — Atul 3 Wheeler","2026-10-10","passed","2026-10-10","","","",""
"","4614","TC-LMC-06: one Check Offers lead from miniTrucks tab submits successfully","AllLeadForm - Homepage LatestModelsByCategory [en]","2026-10-10","passed","2026-10-10","","","",""
"","1358","TC-PL-02: Check Truck Price lead form shows required validation when submitted empty on 5 ton - 10 ton Trucks","CategoryPages - CategoryListing [ton5to10] [en] — 5 ton - 10 ton Trucks","2026-10-10","passed","2026-10-10","","","",""
"","47429","TC-PL-04: Call Now assistance lead submits successfully on 2.5 ton - 5 ton Trucks","CategoryPages - CategoryListing [ton2_5to5] [en] — 2.5 ton - 5 ton Trucks","2026-10-10","failed","2026-10-10","","","",""
"**Test Case ID:** TC-NLP-02
**Title:** Check Truck Price lead submits successfully on Popular Truck
**Language:** en

**Description:**
Open the Popular Truck listing page, click Check Truck Price to open its lead form, fill name, mobile and city, and submit.

**Expected Result:**
A Thank You confirmation is shown after a successful lead submission. The submitted name is tagged with a page/CTA identifier for CRM traceability.

**Steps:**
1. Open the Popular Truck listing page
2. Click Check Truck Price to open its lead form
3. Fill name, mobile and city
4. Submit and verify the confirmation","4731","TC-NLP-02: Check Truck Price lead submits successfully on Popular Truck","ListingPages - NewListingPages [popularTrucks] [en] — Popular Truck","2026-10-10","passed","2026-10-10","","","",""
"","2532","TC-CL-02: Check Truck Price lead form shows required validation when submitted empty on 16 Wheeler","CategoryPages - CategoryListing [sixteenWheeler] [en] — 16 Wheeler","2026-10-10","passed","2026-10-10","","","",""
"","1653","TC-BBG-03: Check Truck Price lead form rejects mobile that is not 10 digits on Ashok Leyland Trucks Under 15 Lakh","AllLeadForm - BrandBudget [ashokLeylandUnder15Lakh] [en] — Ashok Leyland Trucks Under 15 Lakh","2026-10-10","passed","2026-10-10","","","",""
"","2441","TC-BGT-02: Check Truck Price lead form shows required validation when submitted empty on Trucks Under 5 Lakh","AllLeadForm - Budget [under5Lakh] [en] — Trucks Under 5 Lakh","2026-10-10","passed","2026-10-10","","","",""
"","5415","TC-TSR-01: Check Truck Price lead submits successfully on Ashok Leyland Dost","CategoryPages - CategoryListing [ashokLeylandDost] [en] — Ashok Leyland Dost","2026-10-10","passed","2026-10-10","","","",""
"","1704","TC-CB-02: Check Truck Price lead form shows required validation when submitted empty on Eicher 10 Wheeler Trucks","AllLeadForm - CategoryBrand [tenWheelerEicher] [en] — Eicher 10 Wheeler Trucks","2026-10-10","passed","2026-10-10","","","",""
"","748","TC-DLB-02: Talk To Dealer lead form shows required validation when submitted empty on Ashok Leyland Truck Dealers","AllLeadForm - DealerBrand [ashokLeyland] [en] — Ashok Leyland Truck Dealers","2026-10-10","broken","2026-10-10","","","",""
"**Test Case ID:** TC-NLP-07
**Title:** Check Offers lead form rejects mobile that is not 10 digits on Latest Trucks
**Language:** en

**Description:**
Open the Latest Trucks listing page, open Check Offers, fill a valid name, an invalid (5-digit) mobile number, and leave city empty, then submit.

**Expected Result:**
The real, page-shown mobile-format and location-required validation messages are displayed, and no lead is submitted.

**Steps:**
1. Open the Latest Trucks listing page
2. Click Check Offers to open its lead form
3. Fill a valid name and an invalid mobile number
4. Submit with city left empty
5. Verify the mobile-format and location validation messages are shown","2177","TC-NLP-07: Check Offers lead form rejects mobile that is not 10 digits on Latest Trucks","ListingPages - NewListingPages [latestTrucks] [en] — Latest Trucks","2026-10-10","passed","2026-10-10","","","",""
"","5117","TC-CB-01: Check Truck Price lead submits successfully on Ashok Leyland 4 Wheeler Trucks","AllLeadForm - CategoryBrand [fourWheelerAshokLeyland] [en] — Ashok Leyland 4 Wheeler Trucks","2026-10-10","passed","2026-10-10","","","",""
"","4333","TC-CL-01: Check Truck Price lead submits successfully on Auto Rickshaw","CategoryPages - CategoryListing [autoRickshaw] [en] — Auto Rickshaw","2026-10-10","passed","2026-10-10","","","",""
"","17457","TC-BR-02: Download Brochure lead submits successfully from the ""Popular"" tab on Brochure","AllLeadForm - Brochure [en]","2026-10-10","failed","2026-10-10","","","",""
"","1603","TC-BUSVAR-03: Check Offers lead form rejects mobile that is not 10 digits on Tata Starbus Staff Contract 40+D LP 909/52 CNG","AllLeadForm - BusVariant [starbus40dLp909] [en] — Tata Starbus Staff Contract 40+D LP 909/52 CNG","2026-10-10","passed","2026-10-10","","","",""
"","1144","TC-ESC-02: Check Truck Price lead form shows required validation when submitted empty on Electric Trucks","AllLeadForm - ElectricSubCategory [trucks] [en] — Electric Trucks","2026-10-10","passed","2026-10-10","","","",""
"","2135","TC-CB-03: Check Truck Price lead form rejects mobile that is not 10 digits on Ashok Leyland 6 Wheeler Trucks","AllLeadForm - CategoryBrand [sixWheelerAshokLeyland] [en] — Ashok Leyland 6 Wheeler Trucks","2026-10-10","passed","2026-10-10","","","",""
"","1312","TC-BUT-02: Contact Seller lead form shows required validation when submitted empty on Buy Used Trucks","AllLeadForm - BuyUsedTrucks [en]","2026-10-10","passed","2026-10-10","","","",""
"","1389","TC-BUSPDP-03: Check Offers lead form rejects mobile that is not 10 digits on Tata Starbus Staff Contract","AllLeadForm - BusPdp [starbusStaffContract] [en] — Tata Starbus Staff Contract","2026-10-10","passed","2026-10-10","","","",""
"","2724","TC-ESC-04: Call Now assistance lead submits successfully on Electric Mini Truck","AllLeadForm - ElectricSubCategory [miniTruck] [en] — Electric Mini Truck","2026-10-10","passed","2026-10-10","","","",""
"","9625","TC-CL-01: Check Truck Price lead submits successfully on Tippers","CategoryPages - CategoryListing [tippers] [en] — Tippers","2026-10-10","passed","2026-10-10","","","",""
"","269","TC-CL-04: Call Now assistance lead submits successfully on 22 Wheeler","CategoryPages - CategoryListing [twentyTwoWheeler] [en] — 22 Wheeler","2026-10-10","skipped","2026-10-10","","","",""
"","2770","TC-PDPI-02: Check Offers lead form shows required validation when submitted empty on Tata Yodha 2.0 Videos","PDP - NewTruckInternalPages [yodhaVideos] [en] — Tata Yodha 2.0 Videos","2026-10-10","passed","2026-10-10","","","",""
"","1568","TC-ECH-04: Check Offers lead form rejects mobile that is not 10 digits on E Challan","AllLeadForm - EChallan [en]","2026-10-10","passed","2026-10-10","","","",""
"","1524","TC-TMO-03: Check Offers lead form rejects mobile that is not 10 digits on Select Your Truck","AllLeadForm - TabbedModelOffers [selectYourTruck] [en] — Select Your Truck","2026-10-10","passed","2026-10-10","","","",""
"","1305","TC-TSR-02: Check Truck Price lead form shows required validation when submitted empty on Ashok Leyland Boss","CategoryPages - CategoryListing [ashokLeylandBoss] [en] — Ashok Leyland Boss","2026-10-10","passed","2026-10-10","","","",""
"","2723","TC-CB-04: Call Now assistance lead submits successfully on Ashok Leyland Tractor Trailers","AllLeadForm - CategoryBrand [tractorAshokLeyland] [en] — Ashok Leyland Tractor Trailers","2026-10-10","passed","2026-10-10","","","",""
"","2759","TC-CB-04: Call Now assistance lead submits successfully on Ashok Leyland Mini Trucks","AllLeadForm - CategoryBrand [miniTruckAshokLeyland] [en] — Ashok Leyland Mini Trucks","2026-10-10","passed","2026-10-10","","","",""
"","1485","TC-CVP-04: Check Offers lead form rejects mobile that is not 10 digits on CV Permit","AllLeadForm - CvPermit [en]","2026-10-10","passed","2026-10-10","","","",""
"","4665","TC-BR-01: Download Brochure lead submits successfully on Brochure","AllLeadForm - Brochure [en]","2026-10-10","passed","2026-10-10","","","",""
"","882","TC-PDPI-05: lead submits successfully on Tata Yodha 2.0 Images","PDP - NewTruckInternalPages [yodhaImages] [en] — Tata Yodha 2.0 Images","2026-10-10","skipped","2026-10-10","","","",""
"","2115","TC-BGT-03: Check Truck Price lead form rejects mobile that is not 10 digits on Trucks Under 15 Lakh","AllLeadForm - Budget [under15Lakh] [en] — Trucks Under 15 Lakh","2026-10-10","passed","2026-10-10","","","",""
"","2028","TC-VHR-03: Check Vehicle Report lead requests OTP successfully on Vehicle Report","AllLeadForm - VehicleReport [en]","2026-10-10","passed","2026-10-10","","","",""
"","1334","TC-CL-02: Check Truck Price lead form shows required validation when submitted empty on LCV","CategoryPages - CategoryListing [lcv] [en] — LCV","2026-10-10","passed","2026-10-10","","","",""
"","1348","TC-BGT-02: Check Truck Price lead form shows required validation when submitted empty on Trucks Under 20 Lakh","AllLeadForm - Budget [under20Lakh] [en] — Trucks Under 20 Lakh","2026-10-10","passed","2026-10-10","","","",""
"","1614","TC-CB-03: Check Truck Price lead form rejects mobile that is not 10 digits on Eicher 4 Wheeler Trucks","AllLeadForm - CategoryBrand [fourWheelerEicher] [en] — Eicher 4 Wheeler Trucks","2026-10-10","passed","2026-10-10","","","",""
"","529","TC-NLP-03: Contact Seller lead submits successfully on Latest Trucks","ListingPages - NewListingPages [latestTrucks] [en] — Latest Trucks","2026-10-10","skipped","2026-10-10","","","",""
"","19645","TC-LMC-03: one Check Offers lead from threeWheelers tab submits successfully","AllLeadForm - Homepage LatestModelsByCategory [en]","2026-10-10","passed","2026-10-10","","","",""
"","1904","TC-BUS-03: lead form rejects mobile that is not 10 digits on New Buses","AllLeadForm - BusListing [newBuses] [en] — New Buses","2026-10-10","passed","2026-10-10","","","",""
"","2122","TC-BUS-03: lead form rejects mobile that is not 10 digits on SML ISUZU Buses","AllLeadForm - BusListing [smlIsuzuBuses] [en] — SML ISUZU Buses","2026-10-10","passed","2026-10-10","","","",""
"","467","TC-SCB-02: Talk To Dealer lead form shows required validation when submitted empty on Mahindra Service Centers","AllLeadForm - ServiceCenterBrand [mahindra] [en] — Mahindra Service Centers","2026-10-10","broken","2026-10-10","","","",""
"","1448","TC-BUS-02: lead form shows required validation when submitted empty on SML ISUZU Buses","AllLeadForm - BusListing [smlIsuzuBuses] [en] — SML ISUZU Buses","2026-10-10","passed","2026-10-10","","","",""
"","3139","TC-CB-01: Check Truck Price lead submits successfully on Ashok Leyland Tractor Trailers","AllLeadForm - CategoryBrand [tractorAshokLeyland] [en] — Ashok Leyland Tractor Trailers","2026-10-10","passed","2026-10-10","","","",""
"","1856","TC-CB-02: Check Truck Price lead form shows required validation when submitted empty on BharatBenz 6 Wheeler Trucks","AllLeadForm - CategoryBrand [sixWheelerBharatBenz] [en] — BharatBenz 6 Wheeler Trucks","2026-10-10","passed","2026-10-10","","","",""
"","1093","TC-PL-02: Check Truck Price lead form shows required validation when submitted empty on 10 ton - 20 ton Trucks","CategoryPages - CategoryListing [ton10to20] [en] — 10 ton - 20 ton Trucks","2026-10-10","passed","2026-10-10","","","",""
"","2612","TC-BBG-02: Check Truck Price lead form shows required validation when submitted empty on Ashok Leyland Trucks Under 15 Lakh","AllLeadForm - BrandBudget [ashokLeylandUnder15Lakh] [en] — Ashok Leyland Trucks Under 15 Lakh","2026-10-10","passed","2026-10-10","","","",""
"**Test Case ID:** TC-NLP-03
**Title:** Contact Seller lead submits successfully on Best Trucks
**Language:** en

**Description:**
Open the Best Trucks listing page, click Contact Seller to open its lead form, fill name, mobile and city, and submit.

**Expected Result:**
A “Thank You For Contact” confirmation is shown after a successful Contact Seller submission.

**Steps:**
1. Open the Best Trucks listing page
2. Click Contact Seller to open its lead form
3. Fill name, mobile and city
4. Submit and verify the confirmation","4032","TC-NLP-03: Contact Seller lead submits successfully on Best Trucks","ListingPages - NewListingPages [bestTrucks] [en] — Best Trucks","2026-10-10","passed","2026-10-10","","","",""
"**Test Case ID:** TC-NLP-01
**Title:** Check Offers lead submits successfully on Best Trucks
**Language:** en

**Description:**
Open the Best Trucks listing page, click Check Offers to open its lead form, fill name, mobile and city, and submit.

**Expected Result:**
A Thank You confirmation is shown after a successful lead submission. The submitted name is tagged with a page/CTA identifier for CRM traceability.

**Steps:**
1. Open the Best Trucks listing page
2. Click Check Offers to open its lead form
3. Fill name, mobile and city
4. Submit and verify the confirmation","13037","TC-NLP-01: Check Offers lead submits successfully on Best Trucks","ListingPages - NewListingPages [bestTrucks] [en] — Best Trucks","2026-10-10","passed","2026-10-10","","","",""
"","3430","TC-ESC-01: Check Truck Price lead submits successfully on Electric Trucks","AllLeadForm - ElectricSubCategory [trucks] [en] — Electric Trucks","2026-10-10","passed","2026-10-10","","","",""
"","1634","TC-BGT-03: Check Truck Price lead form rejects mobile that is not 10 digits on Trucks Under 30 Lakh","AllLeadForm - Budget [under30Lakh] [en] — Trucks Under 30 Lakh","2026-10-10","passed","2026-10-10","","","",""
"","362","TC-CL-04: Call Now assistance lead submits successfully on Tempo Traveller","CategoryPages - CategoryListing [tempoTraveller] [en] — Tempo Traveller","2026-10-10","skipped","2026-10-10","","","",""
"","4702","TC-ECH-01: Check Offers lead submits successfully on E Challan","AllLeadForm - EChallan [en]","2026-10-10","passed","2026-10-10","","","",""
"","2173","TC-CL-02: Check Truck Price lead form shows required validation when submitted empty on Trailers","CategoryPages - CategoryListing [trailers] [en] — Trailers","2026-10-10","passed","2026-10-10","","","",""
"","3203","TC-PDPI-02: Check Offers lead form shows required validation when submitted empty on Tata Yodha 2.0 Mileage","PDP - NewTruckInternalPages [yodhaMileage] [en] — Tata Yodha 2.0 Mileage","2026-10-10","passed","2026-10-10","","","",""
"","1873","TC-PDPI-03: Check Offers lead form rejects mobile that is not 10 digits on Tata Yodha 2.0 Videos","PDP - NewTruckInternalPages [yodhaVideos] [en] — Tata Yodha 2.0 Videos","2026-10-10","passed","2026-10-10","","","",""
"","4298","TC-ESC-01: Check Truck Price lead submits successfully on Electric Commercial Vehicle Under 1 Lakh","AllLeadForm - ElectricSubCategory [under1Lakh] [en] — Electric Commercial Vehicle Under 1 Lakh","2026-10-10","passed","2026-10-10","","","",""
"**Test Case ID:** TC-NLP-05
**Title:** Call Now lead submits successfully on Upcoming Trucks
**Language:** en

**Description:**
Open the Upcoming Trucks listing page, click Call Now to open its lead form, fill name, mobile and city, and submit.

**Expected Result:**
The assistance lead form closes after a successful submission (verified via the real submit network call). The submitted name is tagged with a page/CTA identifier for CRM traceability.

**Steps:**
1. Open the Upcoming Trucks listing page
2. Click Call Now to open its lead form
3. Fill name, mobile and city
4. Submit and verify the confirmation","6542","TC-NLP-05: Call Now lead submits successfully on Upcoming Trucks","ListingPages - NewListingPages [upcomingTrucks] [en] — Upcoming Trucks","2026-10-10","passed","2026-10-10","","","",""
"","19039","TC-CL-01: Check Truck Price lead submits successfully on Hydrogen Trucks","CategoryPages - CategoryListing [hydrogen] [en] — Hydrogen Trucks","2026-10-10","failed","2026-10-10","","","",""
"","529","TC-NLP-02: Check Truck Price lead submits successfully on Upcoming Trucks","ListingPages - NewListingPages [upcomingTrucks] [en] — Upcoming Trucks","2026-10-10","skipped","2026-10-10","","","",""
"","17654","TC-BUS-01: lead submits successfully on Eicher Buses","AllLeadForm - BusListing [eicherBuses] [en] — Eicher Buses","2026-10-10","failed","2026-10-10","","","",""
"","385","TC-SCB-02: Talk To Dealer lead form shows required validation when submitted empty on Ashok Leyland Service Centers","AllLeadForm - ServiceCenterBrand [ashokLeyland] [en] — Ashok Leyland Service Centers","2026-10-10","broken","2026-10-10","","","",""
"","1349","TC-TSR-02: Check Truck Price lead form shows required validation when submitted empty on Mahindra Bolero","CategoryPages - CategoryListing [mahindraBolero] [en] — Mahindra Bolero","2026-10-10","passed","2026-10-10","","","",""
"","1745","TC-UTPDP-03: Contact Seller lead form rejects mobile that is not 10 digits on Used Truck Detail","AllLeadForm - UsedTruckPdp [en]","2026-10-10","passed","2026-10-10","","","",""
"","17898","TC-CL-01: Check Truck Price lead submits successfully on LNG Trucks","CategoryPages - CategoryListing [lng] [en] — LNG Trucks","2026-10-10","failed","2026-10-10","","","",""
"","3716","TC-BUS-01: lead submits successfully on Mahindra Buses","AllLeadForm - BusListing [mahindraBuses] [en] — Mahindra Buses","2026-10-10","passed","2026-10-10","","","",""
"","451","TC-CL-04: Call Now assistance lead submits successfully on 6 Wheeler","CategoryPages - CategoryListing [sixWheeler] [en] — 6 Wheeler","2026-10-10","skipped","2026-10-10","","","",""
"","2467","TC-ECH-02: Check Challan lead requests OTP successfully on E Challan","AllLeadForm - EChallan [en]","2026-10-10","passed","2026-10-10","","","",""
"","3884","TC-CL-01: Check Truck Price lead submits successfully on Pickups","CategoryPages - CategoryListing [pickups] [en] — Pickups","2026-10-10","passed","2026-10-10","","","",""
"","2772","TC-PL-04: Call Now assistance lead submits successfully on 20 ton - 40 ton Trucks","CategoryPages - CategoryListing [ton20to40] [en] — 20 ton - 40 ton Trucks","2026-10-10","passed","2026-10-10","","","",""
"","1770","TC-BBG-03: Check Truck Price lead form rejects mobile that is not 10 digits on Ashok Leyland Trucks Under 30 Lakh","AllLeadForm - BrandBudget [ashokLeylandUnder30Lakh] [en] — Ashok Leyland Trucks Under 30 Lakh","2026-10-10","passed","2026-10-10","","","",""
"","5926","TC-BBG-04: Call Now assistance lead submits successfully on Eicher Trucks Under 20 Lakh","AllLeadForm - BrandBudget [eicherUnder20Lakh] [en] — Eicher Trucks Under 20 Lakh","2026-10-10","passed","2026-10-10","","","",""
"","3716","TC-ESC-01: Check Truck Price lead submits successfully on Electric Mini Truck","AllLeadForm - ElectricSubCategory [miniTruck] [en] — Electric Mini Truck","2026-10-10","passed","2026-10-10","","","",""
"","6846","TC-CT-01: Check Offers lead submits successfully on Compare Trucks","AllLeadForm - CompareTrucks [en]","2026-10-10","passed","2026-10-10","","","",""
"","3714","TC-TBR-03: Check Truck Price lead form rejects mobile that is not 10 digits on Ashok Leyland Trucks","CategoryPages - CategoryListing [ashokLeylandBrand] [en] — Ashok Leyland Trucks","2026-10-10","passed","2026-10-10","","","",""
"","1342","TC-CL-02: Check Truck Price lead form shows required validation when submitted empty on Pickups","CategoryPages - CategoryListing [pickups] [en] — Pickups","2026-10-10","passed","2026-10-10","","","",""
"","2595","TC-TSR-02: Check Truck Price lead form shows required validation when submitted empty on Mahindra Blazo","CategoryPages - CategoryListing [mahindraBlazo] [en] — Mahindra Blazo","2026-10-10","passed","2026-10-10","","","",""
"","937","TC-BUSPDP-02: Check Offers lead form shows required validation when submitted empty on Tata Starbus Ultra City Electric","AllLeadForm - BusPdp [starbusUltraCityElectric] [en] — Tata Starbus Ultra City Electric","2026-10-10","passed","2026-10-10","","","",""
"","675","TC-TSR-04: Call Now assistance lead submits successfully on Tata Ace","CategoryPages - CategoryListing [tataAce] [en] — Tata Ace","2026-10-10","skipped","2026-10-10","","","",""
"","2924","TC-CB-04: Call Now assistance lead submits successfully on Eicher 4 Wheeler Trucks","AllLeadForm - CategoryBrand [fourWheelerEicher] [en] — Eicher 4 Wheeler Trucks","2026-10-10","passed","2026-10-10","","","",""
"","17373","TC-CL-01: Check Truck Price lead submits successfully on ICV","CategoryPages - CategoryListing [icv] [en] — ICV","2026-10-10","failed","2026-10-10","","","",""
"","3968","TC-BBG-01: Check Truck Price lead submits successfully on Eicher Trucks Above 40 Lakh","AllLeadForm - BrandBudget [eicherAbove40Lakh] [en] — Eicher Trucks Above 40 Lakh","2026-10-10","passed","2026-10-10","","","",""
"","6529","TC-CL-01: Check Truck Price lead submits successfully on Bi Fuel Trucks","CategoryPages - CategoryListing [biFuel] [en] — Bi Fuel Trucks","2026-10-10","passed","2026-10-10","","","",""
"","2531","TC-BGT-02: Check Truck Price lead form shows required validation when submitted empty on Trucks Under 15 Lakh","AllLeadForm - Budget [under15Lakh] [en] — Trucks Under 15 Lakh","2026-10-10","passed","2026-10-10","","","",""
"**Test Case ID:** TC-NLP-01
**Title:** Check Offers lead submits successfully on Upcoming Trucks
**Language:** en

**Description:**
Open the Upcoming Trucks listing page, click Check Offers to open its lead form, fill name, mobile and city, and submit.

**Expected Result:**
A Thank You confirmation is shown after a successful lead submission. The submitted name is tagged with a page/CTA identifier for CRM traceability.

**Steps:**
1. Open the Upcoming Trucks listing page
2. Click Check Offers to open its lead form
3. Fill name, mobile and city
4. Submit and verify the confirmation","4606","TC-NLP-01: Check Offers lead submits successfully on Upcoming Trucks","ListingPages - NewListingPages [upcomingTrucks] [en] — Upcoming Trucks","2026-10-10","passed","2026-10-10","","","",""
"","1143","TC-ESC-02: Check Truck Price lead form shows required validation when submitted empty on Electric Mini Truck","AllLeadForm - ElectricSubCategory [miniTruck] [en] — Electric Mini Truck","2026-10-10","passed","2026-10-10","","","",""
"","1151","TC-CT-02: Check Offers lead form shows required validation when submitted empty on Compare Trucks","AllLeadForm - CompareTrucks [en]","2026-10-10","passed","2026-10-10","","","",""
"","340","TC-SPB-01: Talk To Dealer lead submits successfully on Eicher Spare Parts Dealers","AllLeadForm - SparePartsBrand [eicher] [en] — Eicher Spare Parts Dealers","2026-10-10","broken","2026-10-10","","","",""
"","3661","TC-BGT-01: Check Truck Price lead submits successfully on Trucks Above 40 Lakh","AllLeadForm - Budget [above40Lakh] [en] — Trucks Above 40 Lakh","2026-10-10","passed","2026-10-10","","","",""
"","3657","TC-CL-01: Check Truck Price lead submits successfully on Tempo Traveller","CategoryPages - CategoryListing [tempoTraveller] [en] — Tempo Traveller","2026-10-10","passed","2026-10-10","","","",""
"","2452","TC-CL-03: Check Truck Price lead form rejects mobile that is not 10 digits on 6 Wheeler","CategoryPages - CategoryListing [sixWheeler] [en] — 6 Wheeler","2026-10-10","passed","2026-10-10","","","",""
"","3598","TC-CB-04: Call Now assistance lead submits successfully on BharatBenz 6 Wheeler Trucks","AllLeadForm - CategoryBrand [sixWheelerBharatBenz] [en] — BharatBenz 6 Wheeler Trucks","2026-10-10","passed","2026-10-10","","","",""
"","17935","TC-TMO-01: Check Offers lead submits successfully on every tab of Select Your Truck","AllLeadForm - TabbedModelOffers [selectYourTruck] [en] — Select Your Truck","2026-10-10","failed","2026-10-10","","","",""
"","1543","TC-BUS-03: lead form rejects mobile that is not 10 digits on Ashok Leyland Buses","AllLeadForm - BusListing [ashokLeylandBuses] [en] — Ashok Leyland Buses","2026-10-10","passed","2026-10-10","","","",""
"","3282","TC-BGT-04: Call Now assistance lead submits successfully on Trucks Under 20 Lakh","AllLeadForm - Budget [under20Lakh] [en] — Trucks Under 20 Lakh","2026-10-10","passed","2026-10-10","","","",""
"","1131","TC-ECH-03: Check Offers lead form shows required validation when submitted empty on E Challan","AllLeadForm - EChallan [en]","2026-10-10","passed","2026-10-10","","","",""
"","2167","TC-CL-02: Check Truck Price lead form shows required validation when submitted empty on 4 Wheeler","CategoryPages - CategoryListing [fourWheeler] [en] — 4 Wheeler","2026-10-10","passed","2026-10-10","","","",""
"","1913","TC-CL-03: Check Truck Price lead form rejects mobile that is not 10 digits on 4 Wheeler","CategoryPages - CategoryListing [fourWheeler] [en] — 4 Wheeler","2026-10-10","passed","2026-10-10","","","",""
"","1419","TC-BBG-02: Check Truck Price lead form shows required validation when submitted empty on Eicher Trucks Above 40 Lakh","AllLeadForm - BrandBudget [eicherAbove40Lakh] [en] — Eicher Trucks Above 40 Lakh","2026-10-10","passed","2026-10-10","","","",""
"","7205","TC-NTPDP-01: Get Offers lead opens on launch for Eka 3W Cargo","AllLeadForm - NewTruckPdp [leastPopular] [en] — Eka 3W Cargo","2026-10-10","passed","2026-10-10","","","",""
"","4063","TC-EV-02: Call Now assistance lead submits successfully on Electric Commercial Vehicles","AllLeadForm - ElectricVehicle [en] — Electric Commercial Vehicles","2026-10-10","passed","2026-10-10","","","",""
"","14821","TC-PDPI-01: Get On Road Price lead submits successfully on Tata Yodha 2.0 Price in Gurgaon","PDP - NewTruckInternalPages [yodhaPriceGurgaon] [en] — Tata Yodha 2.0 Price in Gurgaon","2026-10-10","passed","2026-10-10","","","",""
"","1839","TC-TMO-02: Check Offers lead form shows required validation when submitted empty on Offers","AllLeadForm - TabbedModelOffers [offers] [en] — Offers","2026-10-10","passed","2026-10-10","","","",""
"**Test Case ID:** TC-NLP-04
**Title:** Notify Me lead submits successfully on Upcoming Trucks
**Language:** en

**Description:**
Open the Upcoming Trucks listing page, click Notify Me to open its lead form, fill name, mobile and city, and submit.

**Expected Result:**
A Thank You confirmation is shown after a successful lead submission. The submitted name is tagged with a page/CTA identifier for CRM traceability.

**Steps:**
1. Open the Upcoming Trucks listing page
2. Click Notify Me to open its lead form
3. Fill name, mobile and city
4. Submit and verify the confirmation","3423","TC-NLP-04: Notify Me lead submits successfully on Upcoming Trucks","ListingPages - NewListingPages [upcomingTrucks] [en] — Upcoming Trucks","2026-10-10","passed","2026-10-10","","","",""
"","1943","TC-CL-02: Check Truck Price lead form shows required validation when submitted empty on Tippers","CategoryPages - CategoryListing [tippers] [en] — Tippers","2026-10-10","passed","2026-10-10","","","",""
"","810","TC-NLP-04: Notify Me lead submits successfully on Popular Truck","ListingPages - NewListingPages [popularTrucks] [en] — Popular Truck","2026-10-10","skipped","2026-10-10","","","",""
"","2826","TC-TIY-22: Check Offers lead form requires location even when name and mobile are valid","AllLeadForm - Homepage TruckInIndia [en]","2026-10-10","passed","2026-10-10","","","",""
"","768","TC-NTPDP-04: Get Offers lead shows validation when empty for Eka 3W Cargo","AllLeadForm - NewTruckPdp [leastPopular] [en] — Eka 3W Cargo","2026-10-10","passed","2026-10-10","","","",""
"","1489","TC-PL-03: Check Truck Price lead form rejects mobile that is not 10 digits on 2.5 ton - 5 ton Trucks","CategoryPages - CategoryListing [ton2_5to5] [en] — 2.5 ton - 5 ton Trucks","2026-10-10","passed","2026-10-10","","","",""
"","2375","TC-CL-02: Check Truck Price lead form shows required validation when submitted empty on 14 Wheeler","CategoryPages - CategoryListing [fourteenWheeler] [en] — 14 Wheeler","2026-10-10","passed","2026-10-10","","","",""
"**Test Case ID:** TC-ECV-03
**Title:** One Check Offers lead submits successfully
**Language:** en

**Description:**
Open Check Offers once from a card in Electric Commercial Vehicles, fill name, mobile and city, and submit.

**Expected Result:**
A Thank You confirmation is shown after a successful lead submission.

**Steps:**
1. Open Electric Commercial Vehicles
2. Open Check Offers
3. Fill and submit the lead form","12481","TC-ECV-03: one Check Offers lead submits successfully","AllLeadForm - Homepage ElectricCommercialVehicles [en]","2026-10-10","passed","2026-10-10","","","",""
"**Test Case ID:** TC-NLP-03
**Title:** Contact Seller lead submits successfully on Popular Truck
**Language:** en

**Description:**
Open the Popular Truck listing page, click Contact Seller to open its lead form, fill name, mobile and city, and submit.

**Expected Result:**
A “Thank You For Contact” confirmation is shown after a successful Contact Seller submission.

**Steps:**
1. Open the Popular Truck listing page
2. Click Contact Seller to open its lead form
3. Fill name, mobile and city
4. Submit and verify the confirmation","4122","TC-NLP-03: Contact Seller lead submits successfully on Popular Truck","ListingPages - NewListingPages [popularTrucks] [en] — Popular Truck","2026-10-10","passed","2026-10-10","","","",""
"","5546","TC-LMC-10: Check Offers lead form shows required validation when submitted empty","AllLeadForm - Homepage LatestModelsByCategory [en]","2026-10-10","passed","2026-10-10","","","",""
"","2524","TC-BDM-03: Talk To Dealer lead form rejects mobile that is not 10 digits on Body Makers","AllLeadForm - BodyMakers [en] — Body Makers","2026-10-10","passed","2026-10-10","","","",""
"","3582","TC-CB-01: Check Truck Price lead submits successfully on Ashok Leyland Pickups","AllLeadForm - CategoryBrand [pickupAshokLeyland] [en] — Ashok Leyland Pickups","2026-10-10","passed","2026-10-10","","","",""
"","1805","TC-PL-02: Check Truck Price lead form shows required validation when submitted empty on Under 1 Ton Trucks","CategoryPages - CategoryListing [under1Ton] [en] — Under 1 Ton Trucks","2026-10-10","passed","2026-10-10","","","",""
"","211","TC-PDPI-01: Check Offers lead submits successfully on Eka 3W Cargo Reviews","PDP - NewTruckInternalPages [ekaReview] [en] — Eka 3W Cargo Reviews","2026-10-10","broken","2026-10-10","","","",""
"","2927","TC-BR-04: Download Brochure lead submits successfully from the ""Latest"" tab on Brochure","AllLeadForm - Brochure [en]","2026-10-10","passed","2026-10-10","","","",""
"","1629","TC-ESC-03: Check Truck Price lead form rejects mobile that is not 10 digits on Electric Commercial Vehicle Under 1 Lakh","AllLeadForm - ElectricSubCategory [under1Lakh] [en] — Electric Commercial Vehicle Under 1 Lakh","2026-10-10","passed","2026-10-10","","","",""
"","15348","TC-PDPI-01: Check Offers lead submits successfully on Tata Yodha 2.0 Specifications","PDP - NewTruckInternalPages [yodhaSpecifications] [en] — Tata Yodha 2.0 Specifications","2026-10-10","passed","2026-10-10","","","",""
"","4234","TC-PDPI-03: Check Offers lead form rejects mobile that is not 10 digits on Eka 3W Cargo Price in Mumbai","PDP - NewTruckInternalPages [ekaPriceMumbai] [en] — Eka 3W Cargo Price in Mumbai","2026-10-10","passed","2026-10-10","","","",""
"","3600","TC-TSR-01: Check Truck Price lead submits successfully on Ashok Leyland Boss","CategoryPages - CategoryListing [ashokLeylandBoss] [en] — Ashok Leyland Boss","2026-10-10","passed","2026-10-10","","","",""
"**Test Case ID:** TC-NLP-06
**Title:** Check Offers lead form shows required validation when submitted empty on Latest Trucks
**Language:** en

**Description:**
Open the Latest Trucks listing page, open Check Offers, and submit with name, mobile and city all left empty.

**Expected Result:**
The real, page-shown validation messages for name, mobile and location are displayed, and no lead is submitted.

**Steps:**
1. Open the Latest Trucks listing page
2. Click Check Offers to open its lead form
3. Leave name, mobile and city empty and submit
4. Verify all three required-field validation messages are shown","2152","TC-NLP-06: Check Offers lead form shows required validation when submitted empty on Latest Trucks","ListingPages - NewListingPages [latestTrucks] [en] — Latest Trucks","2026-10-10","passed","2026-10-10","","","",""
"","1939","TC-CL-03: Check Truck Price lead form rejects mobile that is not 10 digits on 10 Wheeler","CategoryPages - CategoryListing [tenWheeler] [en] — 10 Wheeler","2026-10-10","passed","2026-10-10","","","",""
"","866","TC-BUSPDP-02: Check Offers lead form shows required validation when submitted empty on Tata Starbus Staff Contract","AllLeadForm - BusPdp [starbusStaffContract] [en] — Tata Starbus Staff Contract","2026-10-10","passed","2026-10-10","","","",""
"","941","TC-BUSVAR-02: Check Offers lead form shows required validation when submitted empty on Tata Starbus Staff Contract 24+D LP 407/36 CNG","AllLeadForm - BusVariant [starbus24dLp407] [en] — Tata Starbus Staff Contract 24+D LP 407/36 CNG","2026-10-10","passed","2026-10-10","","","",""
"","1367","TC-CL-02: Check Truck Price lead form shows required validation when submitted empty on Petrol Trucks","CategoryPages - CategoryListing [petrol] [en] — Petrol Trucks","2026-10-10","passed","2026-10-10","","","",""
"","6319","TC-PDPI-01: Check Offers lead submits successfully on Tata Yodha 2.0 Videos","PDP - NewTruckInternalPages [yodhaVideos] [en] — Tata Yodha 2.0 Videos","2026-10-10","passed","2026-10-10","","","",""
"","1313","TC-CL-02: Check Truck Price lead form shows required validation when submitted empty on 22 Wheeler","CategoryPages - CategoryListing [twentyTwoWheeler] [en] — 22 Wheeler","2026-10-10","passed","2026-10-10","","","",""
"","4919","TC-BUS-01: lead submits successfully on New Buses","AllLeadForm - BusListing [newBuses] [en] — New Buses","2026-10-10","passed","2026-10-10","","","",""
"","5647","TC-PDPI-01: Download Brochure lead submits successfully on Tata Yodha 2.0 Brochure","PDP - NewTruckInternalPages [yodhaBrochure] [en] — Tata Yodha 2.0 Brochure","2026-10-10","passed","2026-10-10","","","",""
"","326","TC-DLC-01: Talk To Dealer lead submits successfully on Truck Dealers in Ahmedabad, Gujarat","AllLeadForm - DealerCity [ahmedabad] [en] — Truck Dealers in Ahmedabad, Gujarat","2026-10-10","broken","2026-10-10","","","",""
"","1493","TC-BR-06: Download Brochure lead form rejects mobile that is not 10 digits on Brochure","AllLeadForm - Brochure [en]","2026-10-10","passed","2026-10-10","","","",""
"","3941","TC-BUS-01: lead submits successfully on Popular Buses","AllLeadForm - BusListing [popularBuses] [en] — Popular Buses","2026-10-10","passed","2026-10-10","","","",""
"","11882","TC-CB-01: Check Truck Price lead submits successfully on Ashok Leyland Tippers","AllLeadForm - CategoryBrand [tippersAshokLeyland] [en] — Ashok Leyland Tippers","2026-10-10","passed","2026-10-10","","","",""
"","5487","TC-BUT-01: Contact Seller lead submits successfully on Buy Used Trucks","AllLeadForm - BuyUsedTrucks [en]","2026-10-10","passed","2026-10-10","","","",""
"","4677","TC-PDPI-02: Get On Road Price lead form shows required validation when submitted empty on Tata Yodha 2.0 Price in Gurgaon","PDP - NewTruckInternalPages [yodhaPriceGurgaon] [en] — Tata Yodha 2.0 Price in Gurgaon","2026-10-10","passed","2026-10-10","","","",""
"","679","TC-DLB-01: Talk To Dealer lead submits successfully on Ashok Leyland Truck Dealers","AllLeadForm - DealerBrand [ashokLeyland] [en] — Ashok Leyland Truck Dealers","2026-10-10","broken","2026-10-10","","","",""
"","629","TC-CL-04: Call Now assistance lead submits successfully on Trailers","CategoryPages - CategoryListing [trailers] [en] — Trailers","2026-10-10","skipped","2026-10-10","","","",""
"","487","TC-DLB-03: Talk To Dealer lead form rejects mobile that is not 10 digits on Ashok Leyland Truck Dealers","AllLeadForm - DealerBrand [ashokLeyland] [en] — Ashok Leyland Truck Dealers","2026-10-10","broken","2026-10-10","","","",""
"","4297","TC-VHR-01: Check Offers lead submits successfully on Vehicle Report","AllLeadForm - VehicleReport [en]","2026-10-10","passed","2026-10-10","","","",""
"","22388","TC-PDPI-01: Check Offers lead submits successfully on Tata Yodha 2.0 Reviews","PDP - NewTruckInternalPages [yodhaReview] [en] — Tata Yodha 2.0 Reviews","2026-10-10","passed","2026-10-10","","","",""
"","1498","TC-CB-03: Check Truck Price lead form rejects mobile that is not 10 digits on Eicher Mini Trucks","AllLeadForm - CategoryBrand [miniTruckEicher] [en] — Eicher Mini Trucks","2026-10-10","passed","2026-10-10","","","",""
"","3238","TC-ECV-06: Check Offers lead form rejects mobile that is not 10 digits","AllLeadForm - Homepage ElectricCommercialVehicles [en]","2026-10-10","passed","2026-10-10","","","",""
"","5313","TC-CL-01: Check Truck Price lead submits successfully on Mini Trucks","CategoryPages - CategoryListing [miniTrucks] [en] — Mini Trucks","2026-10-10","passed","2026-10-10","","","",""
"","292","TC-NLP-07: Check Offers lead form rejects mobile that is not 10 digits on Popular Truck","ListingPages - NewListingPages [popularTrucks] [en] — Popular Truck","2026-10-10","skipped","2026-10-10","","","",""
"","252","TC-CL-04: Call Now assistance lead submits successfully on Auto Rickshaw","CategoryPages - CategoryListing [autoRickshaw] [en] — Auto Rickshaw","2026-10-10","skipped","2026-10-10","","","",""
"","2116","TC-PDPI-03: Download Brochure lead form rejects mobile that is not 10 digits on Tata Yodha 2.0 Brochure","PDP - NewTruckInternalPages [yodhaBrochure] [en] — Tata Yodha 2.0 Brochure","2026-10-10","passed","2026-10-10","","","",""
"","3406","TC-ESC-04: Call Now assistance lead submits successfully on Electric E Rickshaw","AllLeadForm - ElectricSubCategory [eRickshaw] [en] — Electric E Rickshaw","2026-10-10","passed","2026-10-10","","","",""
"","19642","TC-PDPI-01: Check Offers lead submits successfully on Tata Yodha 2.0 Mileage","PDP - NewTruckInternalPages [yodhaMileage] [en] — Tata Yodha 2.0 Mileage","2026-10-10","failed","2026-10-10","","","",""
"","3895","TC-PDPI-05: Get On Road Price lead submits successfully on Tata Yodha 2.0 Videos","PDP - NewTruckInternalPages [yodhaVideos] [en] — Tata Yodha 2.0 Videos","2026-10-10","passed","2026-10-10","","","",""
"","708","TC-DLB-01: Talk To Dealer lead submits successfully on Atul 3 Wheeler Dealers","AllLeadForm - DealerBrand [atul] [en] — Atul 3 Wheeler Dealers","2026-10-10","broken","2026-10-10","","","",""
"","445","TC-SCB-01: Talk To Dealer lead submits successfully on Ashok Leyland Service Centers","AllLeadForm - ServiceCenterBrand [ashokLeyland] [en] — Ashok Leyland Service Centers","2026-10-10","broken","2026-10-10","","","",""
"","410","TC-SPB-03: Talk To Dealer lead form rejects mobile that is not 10 digits on Eicher Spare Parts Dealers","AllLeadForm - SparePartsBrand [eicher] [en] — Eicher Spare Parts Dealers","2026-10-10","broken","2026-10-10","","","",""
"","234","TC-CL-04: Call Now assistance lead submits successfully on Tippers","CategoryPages - CategoryListing [tippers] [en] — Tippers","2026-10-10","skipped","2026-10-10","","","",""
"","1987","TC-BUS-03: lead form rejects mobile that is not 10 digits on Mahindra Buses","AllLeadForm - BusListing [mahindraBuses] [en] — Mahindra Buses","2026-10-10","passed","2026-10-10","","","",""
"","4296","TC-BGT-04: Call Now assistance lead submits successfully on Trucks Under 5 Lakh","AllLeadForm - Budget [under5Lakh] [en] — Trucks Under 5 Lakh","2026-10-10","passed","2026-10-10","","","",""
"","3194","TC-CL-04: Call Now assistance lead submits successfully on Hydrogen Trucks","CategoryPages - CategoryListing [hydrogen] [en] — Hydrogen Trucks","2026-10-10","passed","2026-10-10","","","",""
"","465","TC-DLB-03: Talk To Dealer lead form rejects mobile that is not 10 digits on Atul 3 Wheeler Dealers","AllLeadForm - DealerBrand [atul] [en] — Atul 3 Wheeler Dealers","2026-10-10","broken","2026-10-10","","","",""
"","1979","TC-CB-03: Check Truck Price lead form rejects mobile that is not 10 digits on BharatBenz 6 Wheeler Trucks","AllLeadForm - CategoryBrand [sixWheelerBharatBenz] [en] — BharatBenz 6 Wheeler Trucks","2026-10-10","passed","2026-10-10","","","",""
"","2349","TC-TMO-03: Check Offers lead form rejects mobile that is not 10 digits on Offers","AllLeadForm - TabbedModelOffers [offers] [en] — Offers","2026-10-10","passed","2026-10-10","","","",""
"","2847","TC-TBR-02: Check Truck Price lead form shows required validation when submitted empty on Mahindra Trucks","CategoryPages - CategoryListing [mahindraBrand] [en] — Mahindra Trucks","2026-10-10","passed","2026-10-10","","","",""
"","1137","TC-CB-02: Check Truck Price lead form shows required validation when submitted empty on Force Tempo Traveller","AllLeadForm - CategoryBrand [tempoTravellerForce] [en] — Force Tempo Traveller","2026-10-10","passed","2026-10-10","","","",""
"","3214","TC-ESC-01: Check Truck Price lead submits successfully on Electric Commercial Vehicle Under 5 Lakh","AllLeadForm - ElectricSubCategory [under5Lakh] [en] — Electric Commercial Vehicle Under 5 Lakh","2026-10-10","passed","2026-10-10","","","",""
"","427","TC-TBR-04: Call Now assistance lead submits successfully on Eicher Trucks","CategoryPages - CategoryListing [eicherBrand] [en] — Eicher Trucks","2026-10-10","skipped","2026-10-10","","","",""
"","17392","TC-CL-01: Check Truck Price lead submits successfully on 6 Wheeler","CategoryPages - CategoryListing [sixWheeler] [en] — 6 Wheeler","2026-10-10","failed","2026-10-10","","","",""
"","1303","TC-CL-02: Check Truck Price lead form shows required validation when submitted empty on Hydrogen Trucks","CategoryPages - CategoryListing [hydrogen] [en] — Hydrogen Trucks","2026-10-10","passed","2026-10-10","","","",""
"","4358","TC-UTPDP-04: Check Offers lead submits successfully on Used Truck Detail","AllLeadForm - UsedTruckPdp [en]","2026-10-10","passed","2026-10-10","","","",""
"","4607","TC-ESC-01: Check Truck Price lead submits successfully on Electric 3 Wheeler","AllLeadForm - ElectricSubCategory [threeWheeler] [en] — Electric 3 Wheeler","2026-10-10","passed","2026-10-10","","","",""
"**Test Case ID:** TC-NLP-07
**Title:** Check Offers lead form rejects mobile that is not 10 digits on Upcoming Trucks
**Language:** en

**Description:**
Open the Upcoming Trucks listing page, open Check Offers, fill a valid name, an invalid (5-digit) mobile number, and leave city empty, then submit.

**Expected Result:**
The real, page-shown mobile-format and location-required validation messages are displayed, and no lead is submitted.

**Steps:**
1. Open the Upcoming Trucks listing page
2. Click Check Offers to open its lead form
3. Fill a valid name and an invalid mobile number
4. Submit with city left empty
5. Verify the mobile-format and location validation messages are shown","2303","TC-NLP-07: Check Offers lead form rejects mobile that is not 10 digits on Upcoming Trucks","ListingPages - NewListingPages [upcomingTrucks] [en] — Upcoming Trucks","2026-10-10","passed","2026-10-10","","","",""
"","1109","TC-BUSVAR-02: Check Offers lead form shows required validation when submitted empty on Tata Starbus Staff Contract 40+D AC LP 913/52 CNG","AllLeadForm - BusVariant [starbus40dAcLp913] [en] — Tata Starbus Staff Contract 40+D AC LP 913/52 CNG","2026-10-10","passed","2026-10-10","","","",""
"","1602","TC-BBG-02: Check Truck Price lead form shows required validation when submitted empty on Ashok Leyland Trucks Above 40 Lakh","AllLeadForm - BrandBudget [ashokLeylandAbove40Lakh] [en] — Ashok Leyland Trucks Above 40 Lakh","2026-10-10","passed","2026-10-10","","","",""
"","1129","TC-CB-02: Check Truck Price lead form shows required validation when submitted empty on Ashok Leyland 10 Wheeler Trucks","AllLeadForm - CategoryBrand [tenWheelerAshokLeyland] [en] — Ashok Leyland 10 Wheeler Trucks","2026-10-10","passed","2026-10-10","","","",""
"","1657","TC-CB-03: Check Truck Price lead form rejects mobile that is not 10 digits on Ashok Leyland Tractor Trailers","AllLeadForm - CategoryBrand [tractorAshokLeyland] [en] — Ashok Leyland Tractor Trailers","2026-10-10","passed","2026-10-10","","","",""
"","1615","TC-BUS-03: lead form rejects mobile that is not 10 digits on Eicher Buses","AllLeadForm - BusListing [eicherBuses] [en] — Eicher Buses","2026-10-10","passed","2026-10-10","","","",""
"","1562","TC-CL-03: Check Truck Price lead form rejects mobile that is not 10 digits on LNG Trucks","CategoryPages - CategoryListing [lng] [en] — LNG Trucks","2026-10-10","passed","2026-10-10","","","",""
"","3528","TC-PL-04: Call Now assistance lead submits successfully on 10 ton - 20 ton Trucks","CategoryPages - CategoryListing [ton10to20] [en] — 10 ton - 20 ton Trucks","2026-10-10","passed","2026-10-10","","","",""
"","4270","TC-BUSPDP-01: Check Offers lead submits successfully on Tata Starbus Staff Contract","AllLeadForm - BusPdp [starbusStaffContract] [en] — Tata Starbus Staff Contract","2026-10-10","passed","2026-10-10","","","",""
"","1615","TC-BGT-02: Check Truck Price lead form shows required validation when submitted empty on Trucks Above 40 Lakh","AllLeadForm - Budget [above40Lakh] [en] — Trucks Above 40 Lakh","2026-10-10","passed","2026-10-10","","","",""
"","4870","TC-CL-04: Call Now assistance lead submits successfully on ICV","CategoryPages - CategoryListing [icv] [en] — ICV","2026-10-10","passed","2026-10-10","","","",""
"","3362","TC-PL-01: Check Truck Price lead submits successfully on 1 ton - 2.5 ton Trucks","CategoryPages - CategoryListing [ton1to2_5] [en] — 1 ton - 2.5 ton Trucks","2026-10-10","passed","2026-10-10","","","",""
"","1171","TC-CB-02: Check Truck Price lead form shows required validation when submitted empty on Ashok Leyland Transit Mixers","AllLeadForm - CategoryBrand [transitMixerAshokLeyland] [en] — Ashok Leyland Transit Mixers","2026-10-10","passed","2026-10-10","","","",""
"","4321","TC-CL-01: Check Truck Price lead submits successfully on 12 Wheeler","CategoryPages - CategoryListing [twelveWheeler] [en] — 12 Wheeler","2026-10-10","passed","2026-10-10","","","",""
"","3459","TC-LMC-11: Check Offers lead form rejects mobile that is not 10 digits","AllLeadForm - Homepage LatestModelsByCategory [en]","2026-10-10","passed","2026-10-10","","","",""
"","1118","TC-BUS-02: lead form shows required validation when submitted empty on Tata Buses","AllLeadForm - BusListing [tataBuses] [en] — Tata Buses","2026-10-10","passed","2026-10-10","","","",""
"","222","TC-NLP-04: Notify Me lead submits successfully on Find New Trucks","ListingPages - NewListingPages [newTrucks] [en] — Find New Trucks","2026-10-10","skipped","2026-10-10","","","",""
"","1187","TC-CB-02: Check Truck Price lead form shows required validation when submitted empty on Ashok Leyland Tractor Trailers","AllLeadForm - CategoryBrand [tractorAshokLeyland] [en] — Ashok Leyland Tractor Trailers","2026-10-10","passed","2026-10-10","","","",""
"","3807","TC-BGT-01: Check Truck Price lead submits successfully on Trucks Under 20 Lakh","AllLeadForm - Budget [under20Lakh] [en] — Trucks Under 20 Lakh","2026-10-10","passed","2026-10-10","","","",""
"","7245","TC-PDPI-02: Check Offers lead form shows required validation when submitted empty on Tata Yodha 2.0 Images","PDP - NewTruckInternalPages [yodhaImages] [en] — Tata Yodha 2.0 Images","2026-10-10","passed","2026-10-10","","","",""
"","566","TC-DBC-01: Talk To Dealer lead submits successfully on Tata Truck Dealers in Ahmedabad, Gujarat","AllLeadForm - DealerBrandCity [tataAhmedabad] [en] — Tata Truck Dealers in Ahmedabad, Gujarat","2026-10-10","broken","2026-10-10","","","",""
"","1716","TC-CL-03: Check Truck Price lead form rejects mobile that is not 10 digits on Pickups","CategoryPages - CategoryListing [pickups] [en] — Pickups","2026-10-10","passed","2026-10-10","","","",""
"","3914","TC-CB-01: Check Truck Price lead submits successfully on Altigreen Auto Rickshaw","AllLeadForm - CategoryBrand [autoRickshawAltigreen] [en] — Altigreen Auto Rickshaw","2026-10-10","passed","2026-10-10","","","",""
"","12058","TC-TBR-01: Check Truck Price lead submits successfully on Eicher Trucks","CategoryPages - CategoryListing [eicherBrand] [en] — Eicher Trucks","2026-10-10","passed","2026-10-10","","","",""
"","48889","TC-CL-04: Call Now assistance lead submits successfully on LCV","CategoryPages - CategoryListing [lcv] [en] — LCV","2026-10-10","failed","2026-10-10","","","",""
"","3910","TC-PDPI-03: Check Offers lead form rejects mobile that is not 10 digits on Tata Yodha 2.0 Mileage","PDP - NewTruckInternalPages [yodhaMileage] [en] — Tata Yodha 2.0 Mileage","2026-10-10","passed","2026-10-10","","","",""
"","4807","TC-PDPI-05: Download Brochure lead submits successfully on Tata Yodha 2.0 Price in Gurgaon","PDP - NewTruckInternalPages [yodhaPriceGurgaon] [en] — Tata Yodha 2.0 Price in Gurgaon","2026-10-10","passed","2026-10-10","","","",""
"","4536","TC-BGT-01: Check Truck Price lead submits successfully on Trucks Under 15 Lakh","AllLeadForm - Budget [under15Lakh] [en] — Trucks Under 15 Lakh","2026-10-10","passed","2026-10-10","","","",""
"**Test Case ID:** TC-NLP-02
**Title:** Check Truck Price lead submits successfully on Best Trucks
**Language:** en

**Description:**
Open the Best Trucks listing page, click Check Truck Price to open its lead form, fill name, mobile and city, and submit.

**Expected Result:**
A Thank You confirmation is shown after a successful lead submission. The submitted name is tagged with a page/CTA identifier for CRM traceability.

**Steps:**
1. Open the Best Trucks listing page
2. Click Check Truck Price to open its lead form
3. Fill name, mobile and city
4. Submit and verify the confirmation","4769","TC-NLP-02: Check Truck Price lead submits successfully on Best Trucks","ListingPages - NewListingPages [bestTrucks] [en] — Best Trucks","2026-10-10","passed","2026-10-10","","","",""
"","1569","TC-PL-03: Check Truck Price lead form rejects mobile that is not 10 digits on 10 ton - 20 ton Trucks","CategoryPages - CategoryListing [ton10to20] [en] — 10 ton - 20 ton Trucks","2026-10-10","passed","2026-10-10","","","",""
"","3604","TC-TSR-01: Check Truck Price lead submits successfully on Mahindra Bolero","CategoryPages - CategoryListing [mahindraBolero] [en] — Mahindra Bolero","2026-10-10","passed","2026-10-10","","","",""
"","430","TC-CL-04: Call Now assistance lead submits successfully on 3 Wheeler","CategoryPages - CategoryListing [threeWheeler] [en] — 3 Wheeler","2026-10-10","skipped","2026-10-10","","","",""
"","1331","TC-CL-02: Check Truck Price lead form shows required validation when submitted empty on LNG Trucks","CategoryPages - CategoryListing [lng] [en] — LNG Trucks","2026-10-10","passed","2026-10-10","","","",""
"","3146","TC-CB-01: Check Truck Price lead submits successfully on Eicher Mini Trucks","AllLeadForm - CategoryBrand [miniTruckEicher] [en] — Eicher Mini Trucks","2026-10-10","passed","2026-10-10","","","",""
"","1599","TC-CB-03: Check Truck Price lead form rejects mobile that is not 10 digits on Ashok Leyland 4 Wheeler Trucks","AllLeadForm - CategoryBrand [fourWheelerAshokLeyland] [en] — Ashok Leyland 4 Wheeler Trucks","2026-10-10","passed","2026-10-10","","","",""
"","435","TC-CL-04: Call Now assistance lead submits successfully on 18 Wheeler","CategoryPages - CategoryListing [eighteenWheeler] [en] — 18 Wheeler","2026-10-10","skipped","2026-10-10","","","",""
"","2362","TC-CL-03: Check Truck Price lead form rejects mobile that is not 10 digits on 3 Wheeler","CategoryPages - CategoryListing [threeWheeler] [en] — 3 Wheeler","2026-10-10","passed","2026-10-10","","","",""
"","5951","TC-CVP-01: Check Offers lead submits successfully on CV Permit","AllLeadForm - CvPermit [en]","2026-10-10","passed","2026-10-10","","","",""
"","3332","TC-CL-01: Check Truck Price lead submits successfully on SCV","CategoryPages - CategoryListing [scv] [en] — SCV","2026-10-10","passed","2026-10-10","","","",""
"","1626","TC-CL-03: Check Truck Price lead form rejects mobile that is not 10 digits on Bi Fuel Trucks","CategoryPages - CategoryListing [biFuel] [en] — Bi Fuel Trucks","2026-10-10","passed","2026-10-10","","","",""
"","1789","TC-BGT-03: Check Truck Price lead form rejects mobile that is not 10 digits on Trucks Above 40 Lakh","AllLeadForm - Budget [above40Lakh] [en] — Trucks Above 40 Lakh","2026-10-10","passed","2026-10-10","","","",""
"","3761","TC-CB-01: Check Truck Price lead submits successfully on BharatBenz 6 Wheeler Trucks","AllLeadForm - CategoryBrand [sixWheelerBharatBenz] [en] — BharatBenz 6 Wheeler Trucks","2026-10-10","passed","2026-10-10","","","",""
"","2299","TC-CB-03: Check Truck Price lead form rejects mobile that is not 10 digits on Atul 3 Wheeler","AllLeadForm - CategoryBrand [threeWheelerAtul] [en] — Atul 3 Wheeler","2026-10-10","passed","2026-10-10","","","",""
"","2902","TC-CL-04: Call Now assistance lead submits successfully on LPG Trucks","CategoryPages - CategoryListing [lpg] [en] — LPG Trucks","2026-10-10","passed","2026-10-10","","","",""
"","2705","TC-TBR-02: Check Truck Price lead form shows required validation when submitted empty on Ashok Leyland Trucks","CategoryPages - CategoryListing [ashokLeylandBrand] [en] — Ashok Leyland Trucks","2026-10-10","passed","2026-10-10","","","",""
"","1362","TC-CL-02: Check Truck Price lead form shows required validation when submitted empty on Auto Rickshaw","CategoryPages - CategoryListing [autoRickshaw] [en] — Auto Rickshaw","2026-10-10","passed","2026-10-10","","","",""
"","2223","TC-ESC-03: Check Truck Price lead form rejects mobile that is not 10 digits on Electric E Rickshaw","AllLeadForm - ElectricSubCategory [eRickshaw] [en] — Electric E Rickshaw","2026-10-10","passed","2026-10-10","","","",""
"","1703","TC-CL-03: Check Truck Price lead form rejects mobile that is not 10 digits on Tippers","CategoryPages - CategoryListing [tippers] [en] — Tippers","2026-10-10","passed","2026-10-10","","","",""
"","5193","TC-CB-04: Call Now assistance lead submits successfully on Atul 3 Wheeler","AllLeadForm - CategoryBrand [threeWheelerAtul] [en] — Atul 3 Wheeler","2026-10-10","passed","2026-10-10","","","",""
"","798","TC-SCB-03: Talk To Dealer lead form rejects mobile that is not 10 digits on Ashok Leyland Service Centers","AllLeadForm - ServiceCenterBrand [ashokLeyland] [en] — Ashok Leyland Service Centers","2026-10-10","broken","2026-10-10","","","",""
"","3180","TC-PL-01: Check Truck Price lead submits successfully on 5 ton - 10 ton Trucks","CategoryPages - CategoryListing [ton5to10] [en] — 5 ton - 10 ton Trucks","2026-10-10","passed","2026-10-10","","","",""
"","1514","TC-BUS-02: lead form shows required validation when submitted empty on New Buses","AllLeadForm - BusListing [newBuses] [en] — New Buses","2026-10-10","passed","2026-10-10","","","",""
"","1918","TC-CB-03: Check Truck Price lead form rejects mobile that is not 10 digits on Allfine E Rickshaw","AllLeadForm - CategoryBrand [eRickshawAllfine] [en] — Allfine E Rickshaw","2026-10-10","passed","2026-10-10","","","",""
"","1656","TC-CL-03: Check Truck Price lead form rejects mobile that is not 10 digits on SCV","CategoryPages - CategoryListing [scv] [en] — SCV","2026-10-10","passed","2026-10-10","","","",""
"","1844","TC-BGT-03: Check Truck Price lead form rejects mobile that is not 10 digits on Trucks Under 5 Lakh","AllLeadForm - Budget [under5Lakh] [en] — Trucks Under 5 Lakh","2026-10-10","passed","2026-10-10","","","",""
"","1076","TC-BUS-02: lead form shows required validation when submitted empty on Ashok Leyland Buses","AllLeadForm - BusListing [ashokLeylandBuses] [en] — Ashok Leyland Buses","2026-10-10","passed","2026-10-10","","","",""
"**Test Case ID:** TC-NLP-01
**Title:** Check Offers lead submits successfully on Find New Trucks
**Language:** en

**Description:**
Open the Find New Trucks listing page, click Check Offers to open its lead form, fill name, mobile and city, and submit.

**Expected Result:**
A Thank You confirmation is shown after a successful lead submission. The submitted name is tagged with a page/CTA identifier for CRM traceability.

**Steps:**
1. Open the Find New Trucks listing page
2. Click Check Offers to open its lead form
3. Fill name, mobile and city
4. Submit and verify the confirmation","20882","TC-NLP-01: Check Offers lead submits successfully on Find New Trucks","ListingPages - NewListingPages [newTrucks] [en] — Find New Trucks","2026-10-10","failed","2026-10-10","","","",""
"","1478","TC-BDM-02: Talk To Dealer lead form shows required validation when submitted empty on Body Makers","AllLeadForm - BodyMakers [en] — Body Makers","2026-10-10","passed","2026-10-10","","","",""
"","2210","TC-BUS-03: lead form rejects mobile that is not 10 digits on Popular Buses","AllLeadForm - BusListing [popularBuses] [en] — Popular Buses","2026-10-10","passed","2026-10-10","","","",""
"","3222","TC-CB-04: Call Now assistance lead submits successfully on Ashok Leyland Tippers","AllLeadForm - CategoryBrand [tippersAshokLeyland] [en] — Ashok Leyland Tippers","2026-10-10","passed","2026-10-10","","","",""
"","2848","TC-CL-03: Check Truck Price lead form rejects mobile that is not 10 digits on 8 Wheeler","CategoryPages - CategoryListing [eightWheeler] [en] — 8 Wheeler","2026-10-10","passed","2026-10-10","","","",""
"","4378","TC-PDPI-05: Get On Road Price lead submits successfully on Tata Yodha 2.0 Specifications","PDP - NewTruckInternalPages [yodhaSpecifications] [en] — Tata Yodha 2.0 Specifications","2026-10-10","passed","2026-10-10","","","",""
"","3074","TC-PL-01: Check Truck Price lead submits successfully on 2.5 ton - 5 ton Trucks","CategoryPages - CategoryListing [ton2_5to5] [en] — 2.5 ton - 5 ton Trucks","2026-10-10","passed","2026-10-10","","","",""
"","1967","TC-CL-02: Check Truck Price lead form shows required validation when submitted empty on Transit Mixer","CategoryPages - CategoryListing [transitMixer] [en] — Transit Mixer","2026-10-10","passed","2026-10-10","","","",""
"","3339","TC-CB-01: Check Truck Price lead submits successfully on Force Tempo Traveller","AllLeadForm - CategoryBrand [tempoTravellerForce] [en] — Force Tempo Traveller","2026-10-10","passed","2026-10-10","","","",""
"","2344","TC-CUS-02: Submit Request form shows required validation when submitted empty on Contact Us","AllLeadForm - ContactUs [en] — Contact Us","2026-10-10","passed","2026-10-10","","","",""
"","471","TC-TBR-04: Call Now assistance lead submits successfully on Tata Trucks","CategoryPages - CategoryListing [tataBrand] [en] — Tata Trucks","2026-10-10","skipped","2026-10-10","","","",""
"","4704","TC-PDPI-02: Check Offers lead form shows required validation when submitted empty on Tata Yodha 2.0 Reviews","PDP - NewTruckInternalPages [yodhaReview] [en] — Tata Yodha 2.0 Reviews","2026-10-10","passed","2026-10-10","","","",""
"","3765","TC-CB-04: Call Now assistance lead submits successfully on Eicher 10 Wheeler Trucks","AllLeadForm - CategoryBrand [tenWheelerEicher] [en] — Eicher 10 Wheeler Trucks","2026-10-10","passed","2026-10-10","","","",""
"","14537","TC-CL-01: Check Truck Price lead submits successfully on 4 Wheeler","CategoryPages - CategoryListing [fourWheeler] [en] — 4 Wheeler","2026-10-10","passed","2026-10-10","","","",""
"","1443","TC-CB-02: Check Truck Price lead form shows required validation when submitted empty on Allfine E Rickshaw","AllLeadForm - CategoryBrand [eRickshawAllfine] [en] — Allfine E Rickshaw","2026-10-10","passed","2026-10-10","","","",""
"","1424","TC-ESC-02: Check Truck Price lead form shows required validation when submitted empty on Electric Commercial Vehicle Under 1 Lakh","AllLeadForm - ElectricSubCategory [under1Lakh] [en] — Electric Commercial Vehicle Under 1 Lakh","2026-10-10","passed","2026-10-10","","","",""
"","2961","TC-PL-01: Check Truck Price lead submits successfully on 10 ton - 20 ton Trucks","CategoryPages - CategoryListing [ton10to20] [en] — 10 ton - 20 ton Trucks","2026-10-10","passed","2026-10-10","","","",""
"","1574","TC-TSR-03: Check Truck Price lead form rejects mobile that is not 10 digits on Ashok Leyland Boss","CategoryPages - CategoryListing [ashokLeylandBoss] [en] — Ashok Leyland Boss","2026-10-10","passed","2026-10-10","","","",""
"**Test Case ID:** TC-NLP-05
**Title:** Call Now lead submits successfully on Latest Trucks
**Language:** en

**Description:**
Open the Latest Trucks listing page, click Call Now to open its lead form, fill name, mobile and city, and submit.

**Expected Result:**
The assistance lead form closes after a successful submission (verified via the real submit network call). The submitted name is tagged with a page/CTA identifier for CRM traceability.

**Steps:**
1. Open the Latest Trucks listing page
2. Click Call Now to open its lead form
3. Fill name, mobile and city
4. Submit and verify the confirmation","4043","TC-NLP-05: Call Now lead submits successfully on Latest Trucks","ListingPages - NewListingPages [latestTrucks] [en] — Latest Trucks","2026-10-10","passed","2026-10-10","","","",""
"","2017","TC-BGT-02: Check Truck Price lead form shows required validation when submitted empty on Trucks Under 10 Lakh","AllLeadForm - Budget [under10Lakh] [en] — Trucks Under 10 Lakh","2026-10-10","passed","2026-10-10","","","",""
"","467","TC-SPB-03: Talk To Dealer lead form rejects mobile that is not 10 digits on Tata Spare Parts Dealers","AllLeadForm - SparePartsBrand [tata] [en] — Tata Spare Parts Dealers","2026-10-10","broken","2026-10-10","","","",""
"","4762","TC-UTPDP-01: Contact Seller lead submits successfully on Used Truck Detail","AllLeadForm - UsedTruckPdp [en]","2026-10-10","passed","2026-10-10","","","",""
"","1549","TC-CB-03: Check Truck Price lead form rejects mobile that is not 10 digits on Ashok Leyland 10 Wheeler Trucks","AllLeadForm - CategoryBrand [tenWheelerAshokLeyland] [en] — Ashok Leyland 10 Wheeler Trucks","2026-10-10","passed","2026-10-10","","","",""
"","1589","TC-SPB-01: Talk To Dealer lead submits successfully on Tata Spare Parts Dealers","AllLeadForm - SparePartsBrand [tata] [en] — Tata Spare Parts Dealers","2026-10-10","broken","2026-10-10","","","",""
"","342","TC-CL-04: Call Now assistance lead submits successfully on Pickups","CategoryPages - CategoryListing [pickups] [en] — Pickups","2026-10-10","skipped","2026-10-10","","","",""
"","1546","TC-CB-03: Check Truck Price lead form rejects mobile that is not 10 digits on Ashok Leyland Mini Trucks","AllLeadForm - CategoryBrand [miniTruckAshokLeyland] [en] — Ashok Leyland Mini Trucks","2026-10-10","passed","2026-10-10","","","",""
"","1448","TC-ESC-03: Check Truck Price lead form rejects mobile that is not 10 digits on Electric Pickup","AllLeadForm - ElectricSubCategory [pickup] [en] — Electric Pickup","2026-10-10","passed","2026-10-10","","","",""
"","1042","TC-SPB-02: Talk To Dealer lead form shows required validation when submitted empty on Tata Spare Parts Dealers","AllLeadForm - SparePartsBrand [tata] [en] — Tata Spare Parts Dealers","2026-10-10","broken","2026-10-10","","","",""
"**Test Case ID:** TC-NLP-07
**Title:** Check Offers lead form rejects mobile that is not 10 digits on BS6 Trucks
**Language:** en

**Description:**
Open the BS6 Trucks listing page, open Check Offers, fill a valid name, an invalid (5-digit) mobile number, and leave city empty, then submit.

**Expected Result:**
The real, page-shown mobile-format and location-required validation messages are displayed, and no lead is submitted.

**Steps:**
1. Open the BS6 Trucks listing page
2. Click Check Offers to open its lead form
3. Fill a valid name and an invalid mobile number
4. Submit with city left empty
5. Verify the mobile-format and location validation messages are shown","3218","TC-NLP-07: Check Offers lead form rejects mobile that is not 10 digits on BS6 Trucks","ListingPages - NewListingPages [bs6Trucks] [en] — BS6 Trucks","2026-10-10","passed","2026-10-10","","","",""
"","417","TC-DLC-02: Talk To Dealer lead form shows required validation when submitted empty on Truck Dealers in Ahmedabad, Gujarat","AllLeadForm - DealerCity [ahmedabad] [en] — Truck Dealers in Ahmedabad, Gujarat","2026-10-10","broken","2026-10-10","","","",""
"","1233","TC-CT-03: Check Offers lead form rejects mobile that is not 10 digits on Compare Trucks","AllLeadForm - CompareTrucks [en]","2026-10-10","passed","2026-10-10","","","",""
"","1566","TC-CB-02: Check Truck Price lead form shows required validation when submitted empty on Ashok Leyland 6 Wheeler Trucks","AllLeadForm - CategoryBrand [sixWheelerAshokLeyland] [en] — Ashok Leyland 6 Wheeler Trucks","2026-10-10","passed","2026-10-10","","","",""
"","5987","TC-PDPI-05: Get On Road Price lead submits successfully on Eka 3W Cargo Price in Mumbai","PDP - NewTruckInternalPages [ekaPriceMumbai] [en] — Eka 3W Cargo Price in Mumbai","2026-10-10","passed","2026-10-10","","","",""
"","332","TC-TSR-04: Call Now assistance lead submits successfully on Ashok Leyland Boss","CategoryPages - CategoryListing [ashokLeylandBoss] [en] — Ashok Leyland Boss","2026-10-10","skipped","2026-10-10","","","",""
"","2095","TC-TSR-03: Check Truck Price lead form rejects mobile that is not 10 digits on Tata Ace","CategoryPages - CategoryListing [tataAce] [en] — Tata Ace","2026-10-10","passed","2026-10-10","","","",""
"","3348","TC-TBR-02: Check Truck Price lead form shows required validation when submitted empty on Eicher Trucks","CategoryPages - CategoryListing [eicherBrand] [en] — Eicher Trucks","2026-10-10","passed","2026-10-10","","","",""
"","5395","TC-LMC-07: one Check Offers lead from scv tab submits successfully","AllLeadForm - Homepage LatestModelsByCategory [en]","2026-10-10","passed","2026-10-10","","","",""
"","363","TC-SCB-03: Talk To Dealer lead form rejects mobile that is not 10 digits on Tata Service Centers","AllLeadForm - ServiceCenterBrand [tata] [en] — Tata Service Centers","2026-10-10","broken","2026-10-10","","","",""
"","1303","TC-CB-02: Check Truck Price lead form shows required validation when submitted empty on Ashok Leyland 4 Wheeler Trucks","AllLeadForm - CategoryBrand [fourWheelerAshokLeyland] [en] — Ashok Leyland 4 Wheeler Trucks","2026-10-10","passed","2026-10-10","","","",""
"","19671","TC-TSR-01: Check Truck Price lead submits successfully on Tata Ace","CategoryPages - CategoryListing [tataAce] [en] — Tata Ace","2026-10-10","failed","2026-10-10","","","",""
"","1543","TC-CL-03: Check Truck Price lead form rejects mobile that is not 10 digits on Diesel Trucks","CategoryPages - CategoryListing [diesel] [en] — Diesel Trucks","2026-10-10","passed","2026-10-10","","","",""
"","1994","TC-BGT-02: Check Truck Price lead form shows required validation when submitted empty on Trucks Under 30 Lakh","AllLeadForm - Budget [under30Lakh] [en] — Trucks Under 30 Lakh","2026-10-10","passed","2026-10-10","","","",""
"","1689","TC-TBR-04: Call Now assistance lead submits successfully on Ashok Leyland Trucks","CategoryPages - CategoryListing [ashokLeylandBrand] [en] — Ashok Leyland Trucks","2026-10-10","skipped","2026-10-10","","","",""
"","7639","TC-CL-01: Check Truck Price lead submits successfully on 16 Wheeler","CategoryPages - CategoryListing [sixteenWheeler] [en] — 16 Wheeler","2026-10-10","passed","2026-10-10","","","",""
"","393","TC-NLP-06: Check Offers lead form shows required validation when submitted empty on Popular Truck","ListingPages - NewListingPages [popularTrucks] [en] — Popular Truck","2026-10-10","skipped","2026-10-10","","","",""
"","4860","TC-CL-04: Call Now assistance lead submits successfully on Bi Fuel Trucks","CategoryPages - CategoryListing [biFuel] [en] — Bi Fuel Trucks","2026-10-10","passed","2026-10-10","","","",""
"","491","TC-NLP-05: Call Now lead submits successfully on Best Trucks","ListingPages - NewListingPages [bestTrucks] [en] — Best Trucks","2026-10-10","skipped","2026-10-10","","","",""
"","1338","TC-TYR-03: lead form rejects mobile that is not 10 digits on Tyres","AllLeadForm - Tyres [en] — Tyres","2026-10-10","passed","2026-10-10","","","",""
"","1698","TC-BGT-02: Check Truck Price lead form shows required validation when submitted empty on Trucks Under 40 Lakh","AllLeadForm - Budget [under40Lakh] [en] — Trucks Under 40 Lakh","2026-10-10","passed","2026-10-10","","","",""
"","1825","TC-CL-03: Check Truck Price lead form rejects mobile that is not 10 digits on 18 Wheeler","CategoryPages - CategoryListing [eighteenWheeler] [en] — 18 Wheeler","2026-10-10","passed","2026-10-10","","","",""
"","1547","TC-VHR-05: Check Offers lead form rejects mobile that is not 10 digits on Vehicle Report","AllLeadForm - VehicleReport [en]","2026-10-10","passed","2026-10-10","","","",""
"","1361","TC-BUSVAR-03: Check Offers lead form rejects mobile that is not 10 digits on Tata Starbus Staff Contract 24+D LP 407/36 CNG","AllLeadForm - BusVariant [starbus24dLp407] [en] — Tata Starbus Staff Contract 24+D LP 407/36 CNG","2026-10-10","passed","2026-10-10","","","",""
"","4477","TC-BUS-01: lead submits successfully on Upcoming Buses","AllLeadForm - BusListing [upcomingBuses] [en] — Upcoming Buses","2026-10-10","passed","2026-10-10","","","",""
"","406","TC-DLC-02: Talk To Dealer lead form shows required validation when submitted empty on Truck Dealers in Jaipur, Rajasthan","AllLeadForm - DealerCity [jaipur] [en] — Truck Dealers in Jaipur, Rajasthan","2026-10-10","broken","2026-10-10","","","",""
"","1477","TC-CL-03: Check Truck Price lead form rejects mobile that is not 10 digits on Petrol Trucks","CategoryPages - CategoryListing [petrol] [en] — Petrol Trucks","2026-10-10","passed","2026-10-10","","","",""
"","3270","TC-CB-04: Call Now assistance lead submits successfully on Altigreen Auto Rickshaw","AllLeadForm - CategoryBrand [autoRickshawAltigreen] [en] — Altigreen Auto Rickshaw","2026-10-10","passed","2026-10-10","","","",""
"","321","TC-SPB-02: Talk To Dealer lead form shows required validation when submitted empty on Mahindra Spare Parts Dealers","AllLeadForm - SparePartsBrand [mahindra] [en] — Mahindra Spare Parts Dealers","2026-10-10","broken","2026-10-10","","","",""
"","422","TC-SCB-03: Talk To Dealer lead form rejects mobile that is not 10 digits on Mahindra Service Centers","AllLeadForm - ServiceCenterBrand [mahindra] [en] — Mahindra Service Centers","2026-10-10","broken","2026-10-10","","","",""
"","1582","TC-EV-03: Check Truck Price lead form shows required validation when submitted empty on Electric Commercial Vehicles","AllLeadForm - ElectricVehicle [en] — Electric Commercial Vehicles","2026-10-10","passed","2026-10-10","","","",""
"","5374","TC-BGT-01: Check Truck Price lead submits successfully on Trucks Under 40 Lakh","AllLeadForm - Budget [under40Lakh] [en] — Trucks Under 40 Lakh","2026-10-10","passed","2026-10-10","","","",""
"","3356","TC-CVP-02: Check Permit Info lead requests OTP successfully on CV Permit","AllLeadForm - CvPermit [en]","2026-10-10","passed","2026-10-10","","","",""
"","1594","TC-PL-03: Check Truck Price lead form rejects mobile that is not 10 digits on 20 ton - 40 ton Trucks","CategoryPages - CategoryListing [ton20to40] [en] — 20 ton - 40 ton Trucks","2026-10-10","passed","2026-10-10","","","",""
"","1292","TC-ESC-02: Check Truck Price lead form shows required validation when submitted empty on Electric 3 Wheeler","AllLeadForm - ElectricSubCategory [threeWheeler] [en] — Electric 3 Wheeler","2026-10-10","passed","2026-10-10","","","",""
"","3765","TC-CB-04: Call Now assistance lead submits successfully on Force Tempo Traveller","AllLeadForm - CategoryBrand [tempoTravellerForce] [en] — Force Tempo Traveller","2026-10-10","passed","2026-10-10","","","",""
"","4073","TC-ECV-05: Check Offers lead form shows required validation when submitted empty","AllLeadForm - Homepage ElectricCommercialVehicles [en]","2026-10-10","passed","2026-10-10","","","",""
"","15685","TC-NTPDP-01: Get Offers lead opens on launch for Tata Yodha 2.0","AllLeadForm - NewTruckPdp [mostPopular] [en] — Tata Yodha 2.0","2026-10-10","passed","2026-10-10","","","",""
"","5049","TC-PDPI-02: Check Offers lead form shows required validation when submitted empty on Eka 3W Cargo Price in Mumbai","PDP - NewTruckInternalPages [ekaPriceMumbai] [en] — Eka 3W Cargo Price in Mumbai","2026-10-10","passed","2026-10-10","","","",""
"","3213","TC-TBR-03: Check Truck Price lead form rejects mobile that is not 10 digits on Eicher Trucks","CategoryPages - CategoryListing [eicherBrand] [en] — Eicher Trucks","2026-10-10","passed","2026-10-10","","","",""
"","1330","TC-CL-02: Check Truck Price lead form shows required validation when submitted empty on Tempo Traveller","CategoryPages - CategoryListing [tempoTraveller] [en] — Tempo Traveller","2026-10-10","passed","2026-10-10","","","",""
"**Test Case ID:** TC-NLP-02
**Title:** Check Truck Price lead submits successfully on Find New Trucks
**Language:** en

**Description:**
Open the Find New Trucks listing page, click Check Truck Price to open its lead form, fill name, mobile and city, and submit.

**Expected Result:**
A Thank You confirmation is shown after a successful lead submission. The submitted name is tagged with a page/CTA identifier for CRM traceability.

**Steps:**
1. Open the Find New Trucks listing page
2. Click Check Truck Price to open its lead form
3. Fill name, mobile and city
4. Submit and verify the confirmation","3157","TC-NLP-02: Check Truck Price lead submits successfully on Find New Trucks","ListingPages - NewListingPages [newTrucks] [en] — Find New Trucks","2026-10-10","passed","2026-10-10","","","",""
"","401","TC-TBR-04: Call Now assistance lead submits successfully on Mahindra Trucks","CategoryPages - CategoryListing [mahindraBrand] [en] — Mahindra Trucks","2026-10-10","skipped","2026-10-10","","","",""
"**Test Case ID:** TC-NLP-06
**Title:** Check Offers lead form shows required validation when submitted empty on Upcoming Trucks
**Language:** en

**Description:**
Open the Upcoming Trucks listing page, open Check Offers, and submit with name, mobile and city all left empty.

**Expected Result:**
The real, page-shown validation messages for name, mobile and location are displayed, and no lead is submitted.

**Steps:**
1. Open the Upcoming Trucks listing page
2. Click Check Offers to open its lead form
3. Leave name, mobile and city empty and submit
4. Verify all three required-field validation messages are shown","2886","TC-NLP-06: Check Offers lead form shows required validation when submitted empty on Upcoming Trucks","ListingPages - NewListingPages [upcomingTrucks] [en] — Upcoming Trucks","2026-10-10","passed","2026-10-10","","","",""
"","552","TC-CL-04: Call Now assistance lead submits successfully on 14 Wheeler","CategoryPages - CategoryListing [fourteenWheeler] [en] — 14 Wheeler","2026-10-10","skipped","2026-10-10","","","",""
"","919","TC-BUSVAR-02: Check Offers lead form shows required validation when submitted empty on Tata Starbus Staff Contract 40+D LP 909/52 CNG","AllLeadForm - BusVariant [starbus40dLp909] [en] — Tata Starbus Staff Contract 40+D LP 909/52 CNG","2026-10-10","passed","2026-10-10","","","",""
"","3228","TC-PL-04: Call Now assistance lead submits successfully on Under 1 Ton Trucks","CategoryPages - CategoryListing [under1Ton] [en] — Under 1 Ton Trucks","2026-10-10","passed","2026-10-10","","","",""
"","360","TC-ESC-04: Call Now assistance lead submits successfully on Electric Commercial Vehicle Under 5 Lakh","AllLeadForm - ElectricSubCategory [under5Lakh] [en] — Electric Commercial Vehicle Under 5 Lakh","2026-10-10","skipped","2026-10-10","","","",""
"**Test Case ID:** TC-NLP-01
**Title:** Check Offers lead submits successfully on BS6 Trucks
**Language:** en

**Description:**
Open the BS6 Trucks listing page, click Check Offers to open its lead form, fill name, mobile and city, and submit.

**Expected Result:**
A Thank You confirmation is shown after a successful lead submission. The submitted name is tagged with a page/CTA identifier for CRM traceability.

**Steps:**
1. Open the BS6 Trucks listing page
2. Click Check Offers to open its lead form
3. Fill name, mobile and city
4. Submit and verify the confirmation","5809","TC-NLP-01: Check Offers lead submits successfully on BS6 Trucks","ListingPages - NewListingPages [bs6Trucks] [en] — BS6 Trucks","2026-10-10","passed","2026-10-10","","","",""
"","49988","TC-CL-04: Call Now assistance lead submits successfully on LNG Trucks","CategoryPages - CategoryListing [lng] [en] — LNG Trucks","2026-10-10","failed","2026-10-10","","","",""
"","4985","TC-CL-01: Check Truck Price lead submits successfully on Transit Mixer","CategoryPages - CategoryListing [transitMixer] [en] — Transit Mixer","2026-10-10","passed","2026-10-10","","","",""
"","757","TC-NLP-01: Check Offers lead submits successfully on Popular Truck","ListingPages - NewListingPages [popularTrucks] [en] — Popular Truck","2026-10-10","skipped","2026-10-10","","","",""
"","2229","TC-TSR-03: Check Truck Price lead form rejects mobile that is not 10 digits on Ashok Leyland Dost","CategoryPages - CategoryListing [ashokLeylandDost] [en] — Ashok Leyland Dost","2026-10-10","passed","2026-10-10","","","",""
"","303","TC-TSR-04: Call Now assistance lead submits successfully on Mahindra Bolero","CategoryPages - CategoryListing [mahindraBolero] [en] — Mahindra Bolero","2026-10-10","skipped","2026-10-10","","","",""
"","49681","TC-CL-04: Call Now assistance lead submits successfully on CNG Trucks","CategoryPages - CategoryListing [cng] [en] — CNG Trucks","2026-10-10","failed","2026-10-10","","","",""
"","1635","TC-BUS-03: lead form rejects mobile that is not 10 digits on Tata Buses","AllLeadForm - BusListing [tataBuses] [en] — Tata Buses","2026-10-10","passed","2026-10-10","","","",""
"","2918","TC-ESC-04: Call Now assistance lead submits successfully on Electric Trucks","AllLeadForm - ElectricSubCategory [trucks] [en] — Electric Trucks","2026-10-10","passed","2026-10-10","","","",""
"","2349","TC-EV-04: Check Truck Price lead form rejects mobile that is not 10 digits on Electric Commercial Vehicles","AllLeadForm - ElectricVehicle [en] — Electric Commercial Vehicles","2026-10-10","passed","2026-10-10","","","",""
"","16337","TC-PDPI-01: Check Offers lead submits successfully on Tata Yodha 2.0 Images","PDP - NewTruckInternalPages [yodhaImages] [en] — Tata Yodha 2.0 Images","2026-10-10","passed","2026-10-10","","","",""
"**Test Case ID:** TC-NLP-02
**Title:** Check Truck Price lead submits successfully on BS6 Trucks
**Language:** en

**Description:**
Open the BS6 Trucks listing page, click Check Truck Price to open its lead form, fill name, mobile and city, and submit.

**Expected Result:**
A Thank You confirmation is shown after a successful lead submission. The submitted name is tagged with a page/CTA identifier for CRM traceability.

**Steps:**
1. Open the BS6 Trucks listing page
2. Click Check Truck Price to open its lead form
3. Fill name, mobile and city
4. Submit and verify the confirmation","18441","TC-NLP-02: Check Truck Price lead submits successfully on BS6 Trucks","ListingPages - NewListingPages [bs6Trucks] [en] — BS6 Trucks","2026-10-10","failed","2026-10-10","","","",""
"","352","TC-CL-04: Call Now assistance lead submits successfully on 4 Wheeler","CategoryPages - CategoryListing [fourWheeler] [en] — 4 Wheeler","2026-10-10","skipped","2026-10-10","","","",""
"","3350","TC-BUS-01: lead submits successfully on Tata Buses","AllLeadForm - BusListing [tataBuses] [en] — Tata Buses","2026-10-10","passed","2026-10-10","","","",""
"","2695","TC-BUSVAR-01: Check Offers lead submits successfully on Tata Starbus Staff Contract 24+D LP 407/36 CNG","AllLeadForm - BusVariant [starbus24dLp407] [en] — Tata Starbus Staff Contract 24+D LP 407/36 CNG","2026-10-10","passed","2026-10-10","","","",""
"","388","TC-CL-04: Call Now assistance lead submits successfully on 10 Wheeler","CategoryPages - CategoryListing [tenWheeler] [en] — 10 Wheeler","2026-10-10","skipped","2026-10-10","","","",""
"","2614","TC-TSR-03: Check Truck Price lead form rejects mobile that is not 10 digits on Mahindra Blazo","CategoryPages - CategoryListing [mahindraBlazo] [en] — Mahindra Blazo","2026-10-10","passed","2026-10-10","","","",""
"","445","TC-PDPI-05: lead submits successfully on Tata Yodha 2.0 Reviews","PDP - NewTruckInternalPages [yodhaReview] [en] — Tata Yodha 2.0 Reviews","2026-10-10","skipped","2026-10-10","","","",""
"","4203","TC-VHR-02: Contact Seller lead submits successfully on Vehicle Report","AllLeadForm - VehicleReport [en]","2026-10-10","passed","2026-10-10","","","",""
"","235","TC-NLP-04: Notify Me lead submits successfully on BS6 Trucks","ListingPages - NewListingPages [bs6Trucks] [en] — BS6 Trucks","2026-10-10","skipped","2026-10-10","","","",""
"","1053","TC-PL-02: Check Truck Price lead form shows required validation when submitted empty on 2.5 ton - 5 ton Trucks","CategoryPages - CategoryListing [ton2_5to5] [en] — 2.5 ton - 5 ton Trucks","2026-10-10","passed","2026-10-10","","","",""
"","1073","TC-TMO-02: Check Offers lead form shows required validation when submitted empty on Select Your Truck","AllLeadForm - TabbedModelOffers [selectYourTruck] [en] — Select Your Truck","2026-10-10","passed","2026-10-10","","","",""
"","2882","TC-TIY-21: Check Offers lead form rejects mobile that is not 10 digits","AllLeadForm - Homepage TruckInIndia [en]","2026-10-10","passed","2026-10-10","","","",""
"","3232","TC-TBR-03: Check Truck Price lead form rejects mobile that is not 10 digits on Tata Trucks","CategoryPages - CategoryListing [tataBrand] [en] — Tata Trucks","2026-10-10","passed","2026-10-10","","","",""
"","4144","TC-BDM-01: Talk To Dealer lead submits successfully on Body Makers","AllLeadForm - BodyMakers [en] — Body Makers","2026-10-10","passed","2026-10-10","","","",""
"","8714","TC-PL-01: Check Truck Price lead submits successfully on Under 1 Ton Trucks","CategoryPages - CategoryListing [under1Ton] [en] — Under 1 Ton Trucks","2026-10-10","passed","2026-10-10","","","",""
"","4321","TC-BBG-04: Call Now assistance lead submits successfully on Ashok Leyland Trucks Under 30 Lakh","AllLeadForm - BrandBudget [ashokLeylandUnder30Lakh] [en] — Ashok Leyland Trucks Under 30 Lakh","2026-10-10","passed","2026-10-10","","","",""
"","375","TC-NLP-03: Contact Seller lead submits successfully on Upcoming Trucks","ListingPages - NewListingPages [upcomingTrucks] [en] — Upcoming Trucks","2026-10-10","skipped","2026-10-10","","","",""
"","2674","TC-UTPDP-06: Check Offers lead form rejects mobile that is not 10 digits on Used Truck Detail","AllLeadForm - UsedTruckPdp [en]","2026-10-10","passed","2026-10-10","","","",""
"","349","TC-DBC-03: Talk To Dealer lead form rejects mobile that is not 10 digits on Tata Truck Dealers in Ahmedabad, Gujarat","AllLeadForm - DealerBrandCity [tataAhmedabad] [en] — Tata Truck Dealers in Ahmedabad, Gujarat","2026-10-10","broken","2026-10-10","","","",""
"**Test Case ID:** TC-NLP-04
**Title:** Notify Me lead submits successfully on Latest Trucks
**Language:** en

**Description:**
Open the Latest Trucks listing page, click Notify Me to open its lead form, fill name, mobile and city, and submit.

**Expected Result:**
A Thank You confirmation is shown after a successful lead submission. The submitted name is tagged with a page/CTA identifier for CRM traceability.

**Steps:**
1. Open the Latest Trucks listing page
2. Click Notify Me to open its lead form
3. Fill name, mobile and city
4. Submit and verify the confirmation","3896","TC-NLP-04: Notify Me lead submits successfully on Latest Trucks","ListingPages - NewListingPages [latestTrucks] [en] — Latest Trucks","2026-10-10","passed","2026-10-10","","","",""
"","12028","TC-BBG-01: Check Truck Price lead submits successfully on Ashok Leyland Trucks Under 15 Lakh","AllLeadForm - BrandBudget [ashokLeylandUnder15Lakh] [en] — Ashok Leyland Trucks Under 15 Lakh","2026-10-10","passed","2026-10-10","","","",""
"","1451","TC-DLC-02: Talk To Dealer lead form shows required validation when submitted empty on Truck Dealers in Pune, Maharashtra","AllLeadForm - DealerCity [pune] [en] — Truck Dealers in Pune, Maharashtra","2026-10-10","broken","2026-10-10","","","",""
"","1569","TC-TSR-03: Check Truck Price lead form rejects mobile that is not 10 digits on Mahindra Bolero","CategoryPages - CategoryListing [mahindraBolero] [en] — Mahindra Bolero","2026-10-10","passed","2026-10-10","","","",""
"","1815","TC-CL-03: Check Truck Price lead form rejects mobile that is not 10 digits on Tempo Traveller","CategoryPages - CategoryListing [tempoTraveller] [en] — Tempo Traveller","2026-10-10","passed","2026-10-10","","","",""
"","3135","TC-CB-04: Call Now assistance lead submits successfully on Eicher Mini Trucks","AllLeadForm - CategoryBrand [miniTruckEicher] [en] — Eicher Mini Trucks","2026-10-10","passed","2026-10-10","","","",""
"","2470","TC-CL-03: Check Truck Price lead form rejects mobile that is not 10 digits on 14 Wheeler","CategoryPages - CategoryListing [fourteenWheeler] [en] — 14 Wheeler","2026-10-10","passed","2026-10-10","","","",""
"","17249","TC-CB-01: Check Truck Price lead submits successfully on Ashok Leyland Mini Trucks","AllLeadForm - CategoryBrand [miniTruckAshokLeyland] [en] — Ashok Leyland Mini Trucks","2026-10-10","failed","2026-10-10","","","",""
"","3435","TC-BGT-04: Call Now assistance lead submits successfully on Trucks Above 40 Lakh","AllLeadForm - Budget [above40Lakh] [en] — Trucks Above 40 Lakh","2026-10-10","passed","2026-10-10","","","",""
"","1211","TC-BUS-02: lead form shows required validation when submitted empty on Eicher Buses","AllLeadForm - BusListing [eicherBuses] [en] — Eicher Buses","2026-10-10","passed","2026-10-10","","","",""
"","1410","TC-CL-02: Check Truck Price lead form shows required validation when submitted empty on CNG Trucks","CategoryPages - CategoryListing [cng] [en] — CNG Trucks","2026-10-10","passed","2026-10-10","","","",""
"**Test Case ID:** TC-NLP-01
**Title:** Check Offers lead submits successfully on Latest Trucks
**Language:** en

**Description:**
Open the Latest Trucks listing page, click Check Offers to open its lead form, fill name, mobile and city, and submit.

**Expected Result:**
A Thank You confirmation is shown after a successful lead submission. The submitted name is tagged with a page/CTA identifier for CRM traceability.

**Steps:**
1. Open the Latest Trucks listing page
2. Click Check Offers to open its lead form
3. Fill name, mobile and city
4. Submit and verify the confirmation","5332","TC-NLP-01: Check Offers lead submits successfully on Latest Trucks","ListingPages - NewListingPages [latestTrucks] [en] — Latest Trucks","2026-10-10","passed","2026-10-10","","","",""
"","3358","TC-PL-04: Call Now assistance lead submits successfully on 1 ton - 2.5 ton Trucks","CategoryPages - CategoryListing [ton1to2_5] [en] — 1 ton - 2.5 ton Trucks","2026-10-10","passed","2026-10-10","","","",""
"","1397","TC-CL-02: Check Truck Price lead form shows required validation when submitted empty on Diesel Trucks","CategoryPages - CategoryListing [diesel] [en] — Diesel Trucks","2026-10-10","passed","2026-10-10","","","",""
"","1212","TC-CL-02: Check Truck Price lead form shows required validation when submitted empty on HCV","CategoryPages - CategoryListing [hcv] [en] — HCV","2026-10-10","passed","2026-10-10","","","",""
"","1640","TC-CL-03: Check Truck Price lead form rejects mobile that is not 10 digits on LPG Trucks","CategoryPages - CategoryListing [lpg] [en] — LPG Trucks","2026-10-10","passed","2026-10-10","","","",""
"","1950","TC-CL-02: Check Truck Price lead form shows required validation when submitted empty on 10 Wheeler","CategoryPages - CategoryListing [tenWheeler] [en] — 10 Wheeler","2026-10-10","passed","2026-10-10","","","",""
"","4020","TC-BBG-04: Call Now assistance lead submits successfully on Ashok Leyland Trucks Above 40 Lakh","AllLeadForm - BrandBudget [ashokLeylandAbove40Lakh] [en] — Ashok Leyland Trucks Above 40 Lakh","2026-10-10","passed","2026-10-10","","","",""
"","1685","TC-CB-02: Check Truck Price lead form shows required validation when submitted empty on Altigreen Auto Rickshaw","AllLeadForm - CategoryBrand [autoRickshawAltigreen] [en] — Altigreen Auto Rickshaw","2026-10-10","passed","2026-10-10","","","",""
"","3796","TC-CL-01: Check Truck Price lead submits successfully on 22 Wheeler","CategoryPages - CategoryListing [twentyTwoWheeler] [en] — 22 Wheeler","2026-10-10","passed","2026-10-10","","","",""
"","1572","TC-BUS-03: lead form rejects mobile that is not 10 digits on Latest Buses","AllLeadForm - BusListing [latestBuses] [en] — Latest Buses","2026-10-10","passed","2026-10-10","","","",""
"","1164","TC-CB-02: Check Truck Price lead form shows required validation when submitted empty on Eicher Mini Trucks","AllLeadForm - CategoryBrand [miniTruckEicher] [en] — Eicher Mini Trucks","2026-10-10","passed","2026-10-10","","","",""
"","1294","TC-CL-02: Check Truck Price lead form shows required validation when submitted empty on SCV","CategoryPages - CategoryListing [scv] [en] — SCV","2026-10-10","passed","2026-10-10","","","",""
"","1672","TC-CL-02: Check Truck Price lead form shows required validation when submitted empty on 12 Wheeler","CategoryPages - CategoryListing [twelveWheeler] [en] — 12 Wheeler","2026-10-10","passed","2026-10-10","","","",""
"","1807","TC-UTPDP-02: Contact Seller lead form shows required validation when submitted empty on Used Truck Detail","AllLeadForm - UsedTruckPdp [en]","2026-10-10","passed","2026-10-10","","","",""
"","326","TC-DBC-02: Talk To Dealer lead form shows required validation when submitted empty on Tata Truck Dealers in Ahmedabad, Gujarat","AllLeadForm - DealerBrandCity [tataAhmedabad] [en] — Tata Truck Dealers in Ahmedabad, Gujarat","2026-10-10","broken","2026-10-10","","","",""
"","1524","TC-BUS-02: lead form shows required validation when submitted empty on Popular Buses","AllLeadForm - BusListing [popularBuses] [en] — Popular Buses","2026-10-10","passed","2026-10-10","","","",""
"","4106","TC-BGT-04: Call Now assistance lead submits successfully on Trucks Under 40 Lakh","AllLeadForm - Budget [under40Lakh] [en] — Trucks Under 40 Lakh","2026-10-10","passed","2026-10-10","","","",""
"","3561","TC-PDPI-03: Check Offers lead form rejects mobile that is not 10 digits on Tata Yodha 2.0 Specifications","PDP - NewTruckInternalPages [yodhaSpecifications] [en] — Tata Yodha 2.0 Specifications","2026-10-10","passed","2026-10-10","","","",""
"","3431","TC-CL-01: Check Truck Price lead submits successfully on HCV","CategoryPages - CategoryListing [hcv] [en] — HCV","2026-10-10","passed","2026-10-10","","","",""
"","1320","TC-TSR-02: Check Truck Price lead form shows required validation when submitted empty on Ashok Leyland Dost","CategoryPages - CategoryListing [ashokLeylandDost] [en] — Ashok Leyland Dost","2026-10-10","passed","2026-10-10","","","",""
"","491","TC-DLB-02: Talk To Dealer lead form shows required validation when submitted empty on Atul 3 Wheeler Dealers","AllLeadForm - DealerBrand [atul] [en] — Atul 3 Wheeler Dealers","2026-10-10","broken","2026-10-10","","","",""
"","2970","TC-CL-04: Call Now assistance lead submits successfully on SCV","CategoryPages - CategoryListing [scv] [en] — SCV","2026-10-10","passed","2026-10-10","","","",""
"","1542","TC-ESC-03: Check Truck Price lead form rejects mobile that is not 10 digits on Electric Auto Rickshaw","AllLeadForm - ElectricSubCategory [autoRickshaw] [en] — Electric Auto Rickshaw","2026-10-10","passed","2026-10-10","","","",""
"","4882","TC-CL-01: Check Truck Price lead submits successfully on 8 Wheeler","CategoryPages - CategoryListing [eightWheeler] [en] — 8 Wheeler","2026-10-10","passed","2026-10-10","","","",""
"","20653","TC-CL-01: Check Truck Price lead submits successfully on Diesel Trucks","CategoryPages - CategoryListing [diesel] [en] — Diesel Trucks","2026-10-10","failed","2026-10-10","","","",""
"","2095","TC-CL-02: Check Truck Price lead form shows required validation when submitted empty on 8 Wheeler","CategoryPages - CategoryListing [eightWheeler] [en] — 8 Wheeler","2026-10-10","passed","2026-10-10","","","",""
"","1200","TC-PL-02: Check Truck Price lead form shows required validation when submitted empty on 1 ton - 2.5 ton Trucks","CategoryPages - CategoryListing [ton1to2_5] [en] — 1 ton - 2.5 ton Trucks","2026-10-10","passed","2026-10-10","","","",""
"","14921","TC-TIY-17: Popular Check Offers submits lead and shows Thank You modal","AllLeadForm - Homepage TruckInIndia [en]","2026-10-10","passed","2026-10-10","","","",""
"","1159","TC-ESC-02: Check Truck Price lead form shows required validation when submitted empty on Electric E Rickshaw","AllLeadForm - ElectricSubCategory [eRickshaw] [en] — Electric E Rickshaw","2026-10-10","passed","2026-10-10","","","",""
"","1168","TC-CB-02: Check Truck Price lead form shows required validation when submitted empty on Ashok Leyland Mini Trucks","AllLeadForm - CategoryBrand [miniTruckAshokLeyland] [en] — Ashok Leyland Mini Trucks","2026-10-10","passed","2026-10-10","","","",""
"","3631","TC-BGT-04: Call Now assistance lead submits successfully on Trucks Under 15 Lakh","AllLeadForm - Budget [under15Lakh] [en] — Trucks Under 15 Lakh","2026-10-10","passed","2026-10-10","","","",""
"","2327","TC-CL-03: Check Truck Price lead form rejects mobile that is not 10 digits on Transit Mixer","CategoryPages - CategoryListing [transitMixer] [en] — Transit Mixer","2026-10-10","passed","2026-10-10","","","",""
"","2210","TC-BGT-03: Check Truck Price lead form rejects mobile that is not 10 digits on Trucks Under 40 Lakh","AllLeadForm - Budget [under40Lakh] [en] — Trucks Under 40 Lakh","2026-10-10","passed","2026-10-10","","","",""
"","8061","TC-CUS-01: Submit Request enquiry submits successfully on Contact Us","AllLeadForm - ContactUs [en] — Contact Us","2026-10-10","passed","2026-10-10","","","",""
"","7678","TC-PDPI-05: Check Offers lead submits successfully on Tata Yodha 2.0 Brochure","PDP - NewTruckInternalPages [yodhaBrochure] [en] — Tata Yodha 2.0 Brochure","2026-10-10","passed","2026-10-10","","","",""
"**Test Case ID:** TC-NLP-06
**Title:** Check Offers lead form shows required validation when submitted empty on Find New Trucks
**Language:** en

**Description:**
Open the Find New Trucks listing page, open Check Offers, and submit with name, mobile and city all left empty.

**Expected Result:**
The real, page-shown validation messages for name, mobile and location are displayed, and no lead is submitted.

**Steps:**
1. Open the Find New Trucks listing page
2. Click Check Offers to open its lead form
3. Leave name, mobile and city empty and submit
4. Verify all three required-field validation messages are shown","2886","TC-NLP-06: Check Offers lead form shows required validation when submitted empty on Find New Trucks","ListingPages - NewListingPages [newTrucks] [en] — Find New Trucks","2026-10-10","passed","2026-10-10","","","",""
"","345","TC-CL-04: Call Now assistance lead submits successfully on 12 Wheeler","CategoryPages - CategoryListing [twelveWheeler] [en] — 12 Wheeler","2026-10-10","skipped","2026-10-10","","","",""
"","1125","TC-DBC-01: Talk To Dealer lead submits successfully on Tata Truck Dealers in Pune, Maharashtra","AllLeadForm - DealerBrandCity [tataPune] [en] — Tata Truck Dealers in Pune, Maharashtra","2026-10-10","broken","2026-10-10","","","",""
"","3360","TC-CL-01: Check Truck Price lead submits successfully on Trailers","CategoryPages - CategoryListing [trailers] [en] — Trailers","2026-10-10","passed","2026-10-10","","","",""
"","4441","TC-CB-01: Check Truck Price lead submits successfully on Ashok Leyland 6 Wheeler Trucks","AllLeadForm - CategoryBrand [sixWheelerAshokLeyland] [en] — Ashok Leyland 6 Wheeler Trucks","2026-10-10","passed","2026-10-10","","","",""
"","3543","TC-BBG-01: Check Truck Price lead submits successfully on Ashok Leyland Trucks Under 30 Lakh","AllLeadForm - BrandBudget [ashokLeylandUnder30Lakh] [en] — Ashok Leyland Trucks Under 30 Lakh","2026-10-10","passed","2026-10-10","","","",""
"","893","TC-DLC-03: Talk To Dealer lead form rejects mobile that is not 10 digits on Truck Dealers in Pune, Maharashtra","AllLeadForm - DealerCity [pune] [en] — Truck Dealers in Pune, Maharashtra","2026-10-10","broken","2026-10-10","","","",""
"","3800","TC-BGT-01: Check Truck Price lead submits successfully on Trucks Under 30 Lakh","AllLeadForm - Budget [under30Lakh] [en] — Trucks Under 30 Lakh","2026-10-10","passed","2026-10-10","","","",""
"","1349","TC-TYR-02: lead form shows required validation when submitted empty on Tyres","AllLeadForm - Tyres [en] — Tyres","2026-10-10","passed","2026-10-10","","","",""
"","2368","TC-CUS-03: Submit Request form rejects mobile that is not 10 digits on Contact Us","AllLeadForm - ContactUs [en] — Contact Us","2026-10-10","passed","2026-10-10","","","",""
"","20","TC-PDPI-05: lead submits successfully on Eka 3W Cargo Reviews","PDP - NewTruckInternalPages [ekaReview] [en] — Eka 3W Cargo Reviews","2026-10-10","skipped","2026-10-10","","","",""
"","6608","TC-CL-01: Check Truck Price lead submits successfully on LCV","CategoryPages - CategoryListing [lcv] [en] — LCV","2026-10-10","passed","2026-10-10","","","",""
"","4219","TC-CB-04: Call Now assistance lead submits successfully on Ashok Leyland Transit Mixers","AllLeadForm - CategoryBrand [transitMixerAshokLeyland] [en] — Ashok Leyland Transit Mixers","2026-10-10","passed","2026-10-10","","","",""
"","9177","TC-EV-01: Check Truck Price lead submits successfully on Electric Commercial Vehicles","AllLeadForm - ElectricVehicle [en] — Electric Commercial Vehicles","2026-10-10","passed","2026-10-10","","","",""
"","6085","TC-TBR-01: Check Truck Price lead submits successfully on Mahindra Trucks","CategoryPages - CategoryListing [mahindraBrand] [en] — Mahindra Trucks","2026-10-10","passed","2026-10-10","","","",""
"","1050","TC-DLB-02: Talk To Dealer lead form shows required validation when submitted empty on Tata Truck Dealers","AllLeadForm - DealerBrand [tata] [en] — Tata Truck Dealers","2026-10-10","broken","2026-10-10","","","",""
"","1683","TC-CL-03: Check Truck Price lead form rejects mobile that is not 10 digits on Hydrogen Trucks","CategoryPages - CategoryListing [hydrogen] [en] — Hydrogen Trucks","2026-10-10","passed","2026-10-10","","","",""
"","2977","TC-CB-01: Check Truck Price lead submits successfully on Ashok Leyland 10 Wheeler Trucks","AllLeadForm - CategoryBrand [tenWheelerAshokLeyland] [en] — Ashok Leyland 10 Wheeler Trucks","2026-10-10","passed","2026-10-10","","","",""
"","1902","TC-BBG-03: Check Truck Price lead form rejects mobile that is not 10 digits on Eicher Trucks Above 40 Lakh","AllLeadForm - BrandBudget [eicherAbove40Lakh] [en] — Eicher Trucks Above 40 Lakh","2026-10-10","passed","2026-10-10","","","",""
"","2197","TC-CL-03: Check Truck Price lead form rejects mobile that is not 10 digits on 16 Wheeler","CategoryPages - CategoryListing [sixteenWheeler] [en] — 16 Wheeler","2026-10-10","passed","2026-10-10","","","",""
"","17011","TC-BR-03: Download Brochure lead submits successfully from the ""Upcoming"" tab on Brochure","AllLeadForm - Brochure [en]","2026-10-10","failed","2026-10-10","","","",""
"","3530","TC-BUS-01: lead submits successfully on Latest Buses","AllLeadForm - BusListing [latestBuses] [en] — Latest Buses","2026-10-10","passed","2026-10-10","","","",""
"","2043","TC-CL-02: Check Truck Price lead form shows required validation when submitted empty on 6 Wheeler","CategoryPages - CategoryListing [sixWheeler] [en] — 6 Wheeler","2026-10-10","passed","2026-10-10","","","",""
"**Test Case ID:** TC-NLP-06
**Title:** Check Offers lead form shows required validation when submitted empty on BS6 Trucks
**Language:** en

**Description:**
Open the BS6 Trucks listing page, open Check Offers, and submit with name, mobile and city all left empty.

**Expected Result:**
The real, page-shown validation messages for name, mobile and location are displayed, and no lead is submitted.

**Steps:**
1. Open the BS6 Trucks listing page
2. Click Check Offers to open its lead form
3. Leave name, mobile and city empty and submit
4. Verify all three required-field validation messages are shown","2567","TC-NLP-06: Check Offers lead form shows required validation when submitted empty on BS6 Trucks","ListingPages - NewListingPages [bs6Trucks] [en] — BS6 Trucks","2026-10-10","passed","2026-10-10","","","",""
"","38571","TC-TMO-01: Check Offers lead submits successfully on every tab of Offers","AllLeadForm - TabbedModelOffers [offers] [en] — Offers","2026-10-10","failed","2026-10-10","","","",""
"","1688","TC-NTPDP-04: Get Offers lead shows validation when empty for Tata Yodha 2.0","AllLeadForm - NewTruckPdp [mostPopular] [en] — Tata Yodha 2.0","2026-10-10","passed","2026-10-10","","","",""
"","2014","TC-CB-03: Check Truck Price lead form rejects mobile that is not 10 digits on Altigreen Auto Rickshaw","AllLeadForm - CategoryBrand [autoRickshawAltigreen] [en] — Altigreen Auto Rickshaw","2026-10-10","passed","2026-10-10","","","",""
"","1670","TC-CL-03: Check Truck Price lead form rejects mobile that is not 10 digits on CNG Trucks","CategoryPages - CategoryListing [cng] [en] — CNG Trucks","2026-10-10","passed","2026-10-10","","","",""
"","1108","TC-CB-02: Check Truck Price lead form shows required validation when submitted empty on Eicher 4 Wheeler Trucks","AllLeadForm - CategoryBrand [fourWheelerEicher] [en] — Eicher 4 Wheeler Trucks","2026-10-10","passed","2026-10-10","","","",""
"","1761","TC-BBG-02: Check Truck Price lead form shows required validation when submitted empty on Ashok Leyland Trucks Under 30 Lakh","AllLeadForm - BrandBudget [ashokLeylandUnder30Lakh] [en] — Ashok Leyland Trucks Under 30 Lakh","2026-10-10","passed","2026-10-10","","","",""
"**Test Case ID:** TC-NLP-05
**Title:** Call Now lead submits successfully on Find New Trucks
**Language:** en

**Description:**
Open the Find New Trucks listing page, click Call Now to open its lead form, fill name, mobile and city, and submit.

**Expected Result:**
The assistance lead form closes after a successful submission (verified via the real submit network call). The submitted name is tagged with a page/CTA identifier for CRM traceability.

**Steps:**
1. Open the Find New Trucks listing page
2. Click Call Now to open its lead form
3. Fill name, mobile and city
4. Submit and verify the confirmation","6465","TC-NLP-05: Call Now lead submits successfully on Find New Trucks","ListingPages - NewListingPages [newTrucks] [en] — Find New Trucks","2026-10-10","passed","2026-10-10","","","",""
"","1016","TC-BR-05: Download Brochure lead form shows required validation when submitted empty on Brochure","AllLeadForm - Brochure [en]","2026-10-10","passed","2026-10-10","","","",""
"","3440","TC-TBR-02: Check Truck Price lead form shows required validation when submitted empty on Tata Trucks","CategoryPages - CategoryListing [tataBrand] [en] — Tata Trucks","2026-10-10","passed","2026-10-10","","","",""
"","1080","TC-ESC-02: Check Truck Price lead form shows required validation when submitted empty on Electric Commercial Vehicle Under 5 Lakh","AllLeadForm - ElectricSubCategory [under5Lakh] [en] — Electric Commercial Vehicle Under 5 Lakh","2026-10-10","passed","2026-10-10","","","",""
"","2046","TC-TIY-20: Check Offers lead form shows required validation when submitted empty","AllLeadForm - Homepage TruckInIndia [en]","2026-10-10","passed","2026-10-10","","","",""
"","2662","TC-CL-02: Check Truck Price lead form shows required validation when submitted empty on Mini Trucks","CategoryPages - CategoryListing [miniTrucks] [en] — Mini Trucks","2026-10-10","passed","2026-10-10","","","",""
"","2837","TC-ESC-04: Call Now assistance lead submits successfully on Electric 3 Wheeler","AllLeadForm - ElectricSubCategory [threeWheeler] [en] — Electric 3 Wheeler","2026-10-10","passed","2026-10-10","","","",""
"","9793","TC-TSR-01: Check Truck Price lead submits successfully on Mahindra Blazo","CategoryPages - CategoryListing [mahindraBlazo] [en] — Mahindra Blazo","2026-10-10","passed","2026-10-10","","","",""
"","1115","TC-ESC-02: Check Truck Price lead form shows required validation when submitted empty on Electric Pickup","AllLeadForm - ElectricSubCategory [pickup] [en] — Electric Pickup","2026-10-10","passed","2026-10-10","","","",""
"","3505","TC-CL-04: Call Now assistance lead submits successfully on Diesel Trucks","CategoryPages - CategoryListing [diesel] [en] — Diesel Trucks","2026-10-10","passed","2026-10-10","","","",""
"","707","TC-NLP-04: Notify Me lead submits successfully on Best Trucks","ListingPages - NewListingPages [bestTrucks] [en] — Best Trucks","2026-10-10","skipped","2026-10-10","","","",""
"","19","TC-PDPI-03: Check Offers lead form rejects mobile that is not 10 digits on Eka 3W Cargo Reviews","PDP - NewTruckInternalPages [ekaReview] [en] — Eka 3W Cargo Reviews","2026-10-10","skipped","2026-10-10","","","",""
"","3970","TC-CL-01: Check Truck Price lead submits successfully on 14 Wheeler","CategoryPages - CategoryListing [fourteenWheeler] [en] — 14 Wheeler","2026-10-10","passed","2026-10-10","","","",""
"**Test Case ID:** TC-NLP-07
**Title:** Check Offers lead form rejects mobile that is not 10 digits on Best Trucks
**Language:** en

**Description:**
Open the Best Trucks listing page, open Check Offers, fill a valid name, an invalid (5-digit) mobile number, and leave city empty, then submit.

**Expected Result:**
The real, page-shown mobile-format and location-required validation messages are displayed, and no lead is submitted.

**Steps:**
1. Open the Best Trucks listing page
2. Click Check Offers to open its lead form
3. Fill a valid name and an invalid mobile number
4. Submit with city left empty
5. Verify the mobile-format and location validation messages are shown","3991","TC-NLP-07: Check Offers lead form rejects mobile that is not 10 digits on Best Trucks","ListingPages - NewListingPages [bestTrucks] [en] — Best Trucks","2026-10-10","passed","2026-10-10","","","",""
"","2824","TC-CB-04: Call Now assistance lead submits successfully on Ashok Leyland 10 Wheeler Trucks","AllLeadForm - CategoryBrand [tenWheelerAshokLeyland] [en] — Ashok Leyland 10 Wheeler Trucks","2026-10-10","passed","2026-10-10","","","",""
"","1533","TC-BUS-03: lead form rejects mobile that is not 10 digits on Upcoming Buses","AllLeadForm - BusListing [upcomingBuses] [en] — Upcoming Buses","2026-10-10","passed","2026-10-10","","","",""
"","3902","TC-PDPI-02: Check Offers lead form shows required validation when submitted empty on Tata Yodha 2.0 Specifications","PDP - NewTruckInternalPages [yodhaSpecifications] [en] — Tata Yodha 2.0 Specifications","2026-10-10","passed","2026-10-10","","","",""
"","1456","TC-CL-02: Check Truck Price lead form shows required validation when submitted empty on 18 Wheeler","CategoryPages - CategoryListing [eighteenWheeler] [en] — 18 Wheeler","2026-10-10","passed","2026-10-10","","","",""
"","3090","TC-CL-04: Call Now assistance lead submits successfully on HCV","CategoryPages - CategoryListing [hcv] [en] — HCV","2026-10-10","passed","2026-10-10","","","",""
"","860","TC-DLB-01: Talk To Dealer lead submits successfully on Tata Truck Dealers","AllLeadForm - DealerBrand [tata] [en] — Tata Truck Dealers","2026-10-10","broken","2026-10-10","","","",""
"","1112","TC-PL-02: Check Truck Price lead form shows required validation when submitted empty on 40 ton - 300 ton Trucks","CategoryPages - CategoryListing [ton40to300] [en] — 40 ton - 300 ton Trucks","2026-10-10","passed","2026-10-10","","","",""
"","2375","TC-UTPDP-05: Check Offers lead form shows required validation when submitted empty on Used Truck Detail","AllLeadForm - UsedTruckPdp [en]","2026-10-10","passed","2026-10-10","","","",""
"","465","TC-TSR-04: Call Now assistance lead submits successfully on Ashok Leyland Dost","CategoryPages - CategoryListing [ashokLeylandDost] [en] — Ashok Leyland Dost","2026-10-10","skipped","2026-10-10","","","",""
"","1568","TC-ESC-03: Check Truck Price lead form rejects mobile that is not 10 digits on Electric Mini Truck","AllLeadForm - ElectricSubCategory [miniTruck] [en] — Electric Mini Truck","2026-10-10","passed","2026-10-10","","","",""
"","3112","TC-NTPDP-03: Get Offers lead submits successfully for Tata Yodha 2.0","AllLeadForm - NewTruckPdp [mostPopular] [en] — Tata Yodha 2.0","2026-10-10","passed","2026-10-10","","","",""
"","260","TC-CL-04: Call Now assistance lead submits successfully on 16 Wheeler","CategoryPages - CategoryListing [sixteenWheeler] [en] — 16 Wheeler","2026-10-10","skipped","2026-10-10","","","",""
"","1510","TC-PL-03: Check Truck Price lead form rejects mobile that is not 10 digits on 5 ton - 10 ton Trucks","CategoryPages - CategoryListing [ton5to10] [en] — 5 ton - 10 ton Trucks","2026-10-10","passed","2026-10-10","","","",""
"","2322","TC-NTPDP-03: Get Offers lead submits successfully for Eka 3W Cargo","AllLeadForm - NewTruckPdp [leastPopular] [en] — Eka 3W Cargo","2026-10-10","passed","2026-10-10","","","",""
"","3598","TC-CB-04: Call Now assistance lead submits successfully on Allfine E Rickshaw","AllLeadForm - CategoryBrand [eRickshawAllfine] [en] — Allfine E Rickshaw","2026-10-10","passed","2026-10-10","","","",""
"**Test Case ID:** TC-NLP-05
**Title:** Call Now lead submits successfully on BS6 Trucks
**Language:** en

**Description:**
Open the BS6 Trucks listing page, click Call Now to open its lead form, fill name, mobile and city, and submit.

**Expected Result:**
The assistance lead form closes after a successful submission (verified via the real submit network call). The submitted name is tagged with a page/CTA identifier for CRM traceability.

**Steps:**
1. Open the BS6 Trucks listing page
2. Click Call Now to open its lead form
3. Fill name, mobile and city
4. Submit and verify the confirmation","4851","TC-NLP-05: Call Now lead submits successfully on BS6 Trucks","ListingPages - NewListingPages [bs6Trucks] [en] — BS6 Trucks","2026-10-10","passed","2026-10-10","","","",""
"","1857","TC-CL-03: Check Truck Price lead form rejects mobile that is not 10 digits on Auto Rickshaw","CategoryPages - CategoryListing [autoRickshaw] [en] — Auto Rickshaw","2026-10-10","passed","2026-10-10","","","",""
"","298","TC-NLP-03: Contact Seller lead submits successfully on BS6 Trucks","ListingPages - NewListingPages [bs6Trucks] [en] — BS6 Trucks","2026-10-10","skipped","2026-10-10","","","",""
