"DESCRIPTION","DURATION IN MS","NAME","PARENT SUITE","START TIME","STATUS","STOP TIME","SUB SUITE","SUITE","TEST CLASS","TEST METHOD"
"","1638","TC-CL-02: Check Truck Price lead form shows required validation when submitted empty on 18 Wheeler","CategoryPages - CategoryListing [eighteenWheeler] [en] — 18 Wheeler","2026-10-07","passed","2026-10-07","","","",""
"","1836","TC-CL-03: Check Truck Price lead form rejects mobile that is not 10 digits on 8 Wheeler","CategoryPages - CategoryListing [eightWheeler] [en] — 8 Wheeler","2026-10-07","passed","2026-10-07","","","",""
"","1662","TC-CT-03: Check Offers lead form rejects mobile that is not 10 digits on Compare Trucks","AllLeadForm - CompareTrucks [en]","2026-10-07","passed","2026-10-07","","","",""
"","3133","TC-CB-01: Check Truck Price lead submits successfully on Eicher 4 Wheeler Trucks","AllLeadForm - CategoryBrand [fourWheelerEicher] [en] — Eicher 4 Wheeler Trucks","2026-10-07","passed","2026-10-07","","","",""
"","1768","TC-BUS-02: lead form shows required validation when submitted empty on New Buses","AllLeadForm - BusListing [newBuses] [en] — New Buses","2026-10-07","passed","2026-10-07","","","",""
"**Test Case ID:** TC-NLP-01
**Title:** Check Offers lead submits successfully on Find New Trucks
**Language:** en

**Description:**
Open the Find New Trucks listing page, click Check Offers to open its lead form, fill name, mobile and city, and submit.

**Expected Result:**
A Thank You confirmation is shown after a successful lead submission. The submitted name is tagged with a page/CTA identifier for CRM traceability.

**Steps:**
1. Open the Find New Trucks listing page
2. Click Check Offers to open its lead form
3. Fill name, mobile and city
4. Submit and verify the confirmation","19347","TC-NLP-01: Check Offers lead submits successfully on Find New Trucks","ListingPages - NewListingPages [newTrucks] [en] — Find New Trucks","2026-10-07","failed","2026-10-07","","","",""
"","3711","TC-CB-04: Call Now assistance lead submits successfully on BharatBenz 6 Wheeler Trucks","AllLeadForm - CategoryBrand [sixWheelerBharatBenz] [en] — BharatBenz 6 Wheeler Trucks","2026-10-07","passed","2026-10-07","","","",""
"","3613","TC-NTPDP-03: Get Offers lead submits successfully for Eka 3W Cargo","AllLeadForm - NewTruckPdp [leastPopular] [en] — Eka 3W Cargo","2026-10-07","passed","2026-10-07","","","",""
"","3134","TC-TBR-02: Check Truck Price lead form shows required validation when submitted empty on Ashok Leyland Trucks","CategoryPages - CategoryListing [ashokLeylandBrand] [en] — Ashok Leyland Trucks","2026-10-07","passed","2026-10-07","","","",""
"","644","TC-NLP-04: Notify Me lead submits successfully on Popular Truck","ListingPages - NewListingPages [popularTrucks] [en] — Popular Truck","2026-10-07","skipped","2026-10-07","","","",""
"","747","TC-CL-04: Call Now assistance lead submits successfully on Pickups","CategoryPages - CategoryListing [pickups] [en] — Pickups","2026-10-07","skipped","2026-10-07","","","",""
"","1768","TC-CL-02: Check Truck Price lead form shows required validation when submitted empty on Auto Rickshaw","CategoryPages - CategoryListing [autoRickshaw] [en] — Auto Rickshaw","2026-10-07","passed","2026-10-07","","","",""
"**Test Case ID:** TC-NLP-05
**Title:** Call Now lead submits successfully on Popular Truck
**Language:** en

**Description:**
Open the Popular Truck listing page, click Call Now to open its lead form, fill name, mobile and city, and submit.

**Expected Result:**
The assistance lead form closes after a successful submission (verified via the real submit network call). The submitted name is tagged with a page/CTA identifier for CRM traceability.

**Steps:**
1. Open the Popular Truck listing page
2. Click Call Now to open its lead form
3. Fill name, mobile and city
4. Submit and verify the confirmation","4201","TC-NLP-05: Call Now lead submits successfully on Popular Truck","ListingPages - NewListingPages [popularTrucks] [en] — Popular Truck","2026-10-07","passed","2026-10-07","","","",""
"","1767","TC-CL-02: Check Truck Price lead form shows required validation when submitted empty on 14 Wheeler","CategoryPages - CategoryListing [fourteenWheeler] [en] — 14 Wheeler","2026-10-07","passed","2026-10-07","","","",""
"","4751","TC-PDPI-05: Check Offers lead submits successfully on Tata Yodha 2.0 Brochure","PDP - NewTruckInternalPages [yodhaBrochure] [en] — Tata Yodha 2.0 Brochure","2026-10-07","passed","2026-10-07","","","",""
"","1895","TC-BUS-03: lead form rejects mobile that is not 10 digits on Mahindra Buses","AllLeadForm - BusListing [mahindraBuses] [en] — Mahindra Buses","2026-10-07","passed","2026-10-07","","","",""
"","435","TC-DLC-01: Talk To Dealer lead submits successfully on Truck Dealers in Ahmedabad, Gujarat","AllLeadForm - DealerCity [ahmedabad] [en] — Truck Dealers in Ahmedabad, Gujarat","2026-10-07","broken","2026-10-07","","","",""
"**Test Case ID:** TC-NLP-01
**Title:** Check Offers lead submits successfully on Latest Trucks
**Language:** en

**Description:**
Open the Latest Trucks listing page, click Check Offers to open its lead form, fill name, mobile and city, and submit.

**Expected Result:**
A Thank You confirmation is shown after a successful lead submission. The submitted name is tagged with a page/CTA identifier for CRM traceability.

**Steps:**
1. Open the Latest Trucks listing page
2. Click Check Offers to open its lead form
3. Fill name, mobile and city
4. Submit and verify the confirmation","5494","TC-NLP-01: Check Offers lead submits successfully on Latest Trucks","ListingPages - NewListingPages [latestTrucks] [en] — Latest Trucks","2026-10-07","passed","2026-10-07","","","",""
"","1555","TC-CL-02: Check Truck Price lead form shows required validation when submitted empty on 22 Wheeler","CategoryPages - CategoryListing [twentyTwoWheeler] [en] — 22 Wheeler","2026-10-07","passed","2026-10-07","","","",""
"","913","TC-NLP-05: Call Now lead submits successfully on Best Trucks","ListingPages - NewListingPages [bestTrucks] [en] — Best Trucks","2026-10-07","skipped","2026-10-07","","","",""
"","2603","TC-TMO-03: Check Offers lead form rejects mobile that is not 10 digits on Offers","AllLeadForm - TabbedModelOffers [offers] [en] — Offers","2026-10-07","passed","2026-10-07","","","",""
"","4913","TC-CL-04: Call Now assistance lead submits successfully on Bi Fuel Trucks","CategoryPages - CategoryListing [biFuel] [en] — Bi Fuel Trucks","2026-10-07","passed","2026-10-07","","","",""
"","5802","TC-BUS-01: lead submits successfully on New Buses","AllLeadForm - BusListing [newBuses] [en] — New Buses","2026-10-07","passed","2026-10-07","","","",""
"","3448","TC-UTPDP-06: Check Offers lead form rejects mobile that is not 10 digits on Used Truck Detail","AllLeadForm - UsedTruckPdp [en]","2026-10-07","passed","2026-10-07","","","",""
"","1695","TC-CB-02: Check Truck Price lead form shows required validation when submitted empty on Ashok Leyland 6 Wheeler Trucks","AllLeadForm - CategoryBrand [sixWheelerAshokLeyland] [en] — Ashok Leyland 6 Wheeler Trucks","2026-10-07","passed","2026-10-07","","","",""
"","3141","TC-CB-01: Check Truck Price lead submits successfully on Eicher 10 Wheeler Trucks","AllLeadForm - CategoryBrand [tenWheelerEicher] [en] — Eicher 10 Wheeler Trucks","2026-10-07","passed","2026-10-07","","","",""
"","1706","TC-CL-02: Check Truck Price lead form shows required validation when submitted empty on 4 Wheeler","CategoryPages - CategoryListing [fourWheeler] [en] — 4 Wheeler","2026-10-07","passed","2026-10-07","","","",""
"","6667","TC-PDPI-01: Check Offers lead submits successfully on Tata Yodha 2.0 Mileage","PDP - NewTruckInternalPages [yodhaMileage] [en] — Tata Yodha 2.0 Mileage","2026-10-07","passed","2026-10-07","","","",""
"**Test Case ID:** TC-NLP-07
**Title:** Check Offers lead form rejects mobile that is not 10 digits on Upcoming Trucks
**Language:** en

**Description:**
Open the Upcoming Trucks listing page, open Check Offers, fill a valid name, an invalid (5-digit) mobile number, and leave city empty, then submit.

**Expected Result:**
The real, page-shown mobile-format and location-required validation messages are displayed, and no lead is submitted.

**Steps:**
1. Open the Upcoming Trucks listing page
2. Click Check Offers to open its lead form
3. Fill a valid name and an invalid mobile number
4. Submit with city left empty
5. Verify the mobile-format and location validation messages are shown","2253","TC-NLP-07: Check Offers lead form rejects mobile that is not 10 digits on Upcoming Trucks","ListingPages - NewListingPages [upcomingTrucks] [en] — Upcoming Trucks","2026-10-07","passed","2026-10-07","","","",""
"","690","TC-SPB-01: Talk To Dealer lead submits successfully on Tata Spare Parts Dealers","AllLeadForm - SparePartsBrand [tata] [en] — Tata Spare Parts Dealers","2026-10-07","broken","2026-10-07","","","",""
"","2854","TC-TIY-22: Check Offers lead form requires location even when name and mobile are valid","AllLeadForm - Homepage TruckInIndia [en]","2026-10-07","passed","2026-10-07","","","",""
"","1871","TC-CL-03: Check Truck Price lead form rejects mobile that is not 10 digits on 18 Wheeler","CategoryPages - CategoryListing [eighteenWheeler] [en] — 18 Wheeler","2026-10-07","passed","2026-10-07","","","",""
"**Test Case ID:** TC-ECV-03
**Title:** One Check Offers lead submits successfully
**Language:** en

**Description:**
Open Check Offers once from a card in Electric Commercial Vehicles, fill name, mobile and city, and submit.

**Expected Result:**
A Thank You confirmation is shown after a successful lead submission.

**Steps:**
1. Open Electric Commercial Vehicles
2. Open Check Offers
3. Fill and submit the lead form","11195","TC-ECV-03: one Check Offers lead submits successfully","AllLeadForm - Homepage ElectricCommercialVehicles [en]","2026-10-07","passed","2026-10-07","","","",""
"","4086","TC-CL-01: Check Truck Price lead submits successfully on Auto Rickshaw","CategoryPages - CategoryListing [autoRickshaw] [en] — Auto Rickshaw","2026-10-07","passed","2026-10-07","","","",""
"","3422","TC-CL-01: Check Truck Price lead submits successfully on HCV","CategoryPages - CategoryListing [hcv] [en] — HCV","2026-10-07","passed","2026-10-07","","","",""
"","3643","TC-CL-01: Check Truck Price lead submits successfully on Tempo Traveller","CategoryPages - CategoryListing [tempoTraveller] [en] — Tempo Traveller","2026-10-07","passed","2026-10-07","","","",""
"","5922","TC-CL-01: Check Truck Price lead submits successfully on Diesel Trucks","CategoryPages - CategoryListing [diesel] [en] — Diesel Trucks","2026-10-07","passed","2026-10-07","","","",""
"","4934","TC-PDPI-02: Check Offers lead form shows required validation when submitted empty on Tata Yodha 2.0 Specifications","PDP - NewTruckInternalPages [yodhaSpecifications] [en] — Tata Yodha 2.0 Specifications","2026-10-07","passed","2026-10-07","","","",""
"","1794","TC-BUSPDP-03: Check Offers lead form rejects mobile that is not 10 digits on Tata Starbus Staff Contract","AllLeadForm - BusPdp [starbusStaffContract] [en] — Tata Starbus Staff Contract","2026-10-07","passed","2026-10-07","","","",""
"","1701","TC-CVP-04: Check Offers lead form rejects mobile that is not 10 digits on CV Permit","AllLeadForm - CvPermit [en]","2026-10-07","passed","2026-10-07","","","",""
"","1594","TC-BUSVAR-03: Check Offers lead form rejects mobile that is not 10 digits on Tata Starbus Staff Contract 40+D LP 909/52 CNG","AllLeadForm - BusVariant [starbus40dLp909] [en] — Tata Starbus Staff Contract 40+D LP 909/52 CNG","2026-10-07","passed","2026-10-07","","","",""
"","1379","TC-BUS-02: lead form shows required validation when submitted empty on Eicher Buses","AllLeadForm - BusListing [eicherBuses] [en] — Eicher Buses","2026-10-07","passed","2026-10-07","","","",""
"","1872","TC-PL-02: Check Truck Price lead form shows required validation when submitted empty on 40 ton - 300 ton Trucks","CategoryPages - CategoryListing [ton40to300] [en] — 40 ton - 300 ton Trucks","2026-10-07","passed","2026-10-07","","","",""
"","2415","TC-ESC-03: Check Truck Price lead form rejects mobile that is not 10 digits on Electric Mini Truck","AllLeadForm - ElectricSubCategory [miniTruck] [en] — Electric Mini Truck","2026-10-07","passed","2026-10-07","","","",""
"","48316","TC-CL-04: Call Now assistance lead submits successfully on Diesel Trucks","CategoryPages - CategoryListing [diesel] [en] — Diesel Trucks","2026-10-07","failed","2026-10-07","","","",""
"","1937","TC-CB-02: Check Truck Price lead form shows required validation when submitted empty on Allfine E Rickshaw","AllLeadForm - CategoryBrand [eRickshawAllfine] [en] — Allfine E Rickshaw","2026-10-07","passed","2026-10-07","","","",""
"","2178","TC-CL-03: Check Truck Price lead form rejects mobile that is not 10 digits on CNG Trucks","CategoryPages - CategoryListing [cng] [en] — CNG Trucks","2026-10-07","passed","2026-10-07","","","",""
"","4348","TC-EV-03: Check Truck Price lead form shows required validation when submitted empty on Electric Commercial Vehicles","AllLeadForm - ElectricVehicle [en] — Electric Commercial Vehicles","2026-10-07","passed","2026-10-07","","","",""
"","6234","TC-LMC-06: one Check Offers lead from miniTrucks tab submits successfully","AllLeadForm - Homepage LatestModelsByCategory [en]","2026-10-07","passed","2026-10-07","","","",""
"","3626","TC-BGT-04: Call Now assistance lead submits successfully on Trucks Above 40 Lakh","AllLeadForm - Budget [above40Lakh] [en] — Trucks Above 40 Lakh","2026-10-07","passed","2026-10-07","","","",""
"","1456","TC-TYR-02: lead form shows required validation when submitted empty on Tyres","AllLeadForm - Tyres [en] — Tyres","2026-10-07","passed","2026-10-07","","","",""
"","3735","TC-EV-04: Check Truck Price lead form rejects mobile that is not 10 digits on Electric Commercial Vehicles","AllLeadForm - ElectricVehicle [en] — Electric Commercial Vehicles","2026-10-07","passed","2026-10-07","","","",""
"","489","TC-DLC-02: Talk To Dealer lead form shows required validation when submitted empty on Truck Dealers in Jaipur, Rajasthan","AllLeadForm - DealerCity [jaipur] [en] — Truck Dealers in Jaipur, Rajasthan","2026-10-07","broken","2026-10-07","","","",""
"","1085","TC-DBC-01: Talk To Dealer lead submits successfully on Tata Truck Dealers in Pune, Maharashtra","AllLeadForm - DealerBrandCity [tataPune] [en] — Tata Truck Dealers in Pune, Maharashtra","2026-10-07","broken","2026-10-07","","","",""
"**Test Case ID:** TC-NLP-01
**Title:** Check Offers lead submits successfully on Best Trucks
**Language:** en

**Description:**
Open the Best Trucks listing page, click Check Offers to open its lead form, fill name, mobile and city, and submit.

**Expected Result:**
A Thank You confirmation is shown after a successful lead submission. The submitted name is tagged with a page/CTA identifier for CRM traceability.

**Steps:**
1. Open the Best Trucks listing page
2. Click Check Offers to open its lead form
3. Fill name, mobile and city
4. Submit and verify the confirmation","5743","TC-NLP-01: Check Offers lead submits successfully on Best Trucks","ListingPages - NewListingPages [bestTrucks] [en] — Best Trucks","2026-10-07","passed","2026-10-07","","","",""
"","969","TC-BUSPDP-02: Check Offers lead form shows required validation when submitted empty on Tata Starbus Ultra City Electric","AllLeadForm - BusPdp [starbusUltraCityElectric] [en] — Tata Starbus Ultra City Electric","2026-10-07","passed","2026-10-07","","","",""
"","1087","TC-BUSVAR-02: Check Offers lead form shows required validation when submitted empty on Tata Starbus Staff Contract 24+D LP 407/36 CNG","AllLeadForm - BusVariant [starbus24dLp407] [en] — Tata Starbus Staff Contract 24+D LP 407/36 CNG","2026-10-07","passed","2026-10-07","","","",""
"","574","TC-DLC-01: Talk To Dealer lead submits successfully on Truck Dealers in Pune, Maharashtra","AllLeadForm - DealerCity [pune] [en] — Truck Dealers in Pune, Maharashtra","2026-10-07","broken","2026-10-07","","","",""
"","2524","TC-ESC-03: Check Truck Price lead form rejects mobile that is not 10 digits on Electric Trucks","AllLeadForm - ElectricSubCategory [trucks] [en] — Electric Trucks","2026-10-07","passed","2026-10-07","","","",""
"","5460","TC-BUSPDP-01: Check Offers lead submits successfully on Tata Starbus Staff Contract","AllLeadForm - BusPdp [starbusStaffContract] [en] — Tata Starbus Staff Contract","2026-10-07","passed","2026-10-07","","","",""
"","919","TC-SCB-01: Talk To Dealer lead submits successfully on Ashok Leyland Service Centers","AllLeadForm - ServiceCenterBrand [ashokLeyland] [en] — Ashok Leyland Service Centers","2026-10-07","broken","2026-10-07","","","",""
"","3594","TC-BBG-04: Call Now assistance lead submits successfully on Ashok Leyland Trucks Above 40 Lakh","AllLeadForm - BrandBudget [ashokLeylandAbove40Lakh] [en] — Ashok Leyland Trucks Above 40 Lakh","2026-10-07","passed","2026-10-07","","","",""
"","1436","TC-TMO-02: Check Offers lead form shows required validation when submitted empty on Select Your Truck","AllLeadForm - TabbedModelOffers [selectYourTruck] [en] — Select Your Truck","2026-10-07","passed","2026-10-07","","","",""
"","752","TC-TSR-04: Call Now assistance lead submits successfully on Mahindra Blazo","CategoryPages - CategoryListing [mahindraBlazo] [en] — Mahindra Blazo","2026-10-07","skipped","2026-10-07","","","",""
"","1862","TC-BUS-02: lead form shows required validation when submitted empty on Tata Buses","AllLeadForm - BusListing [tataBuses] [en] — Tata Buses","2026-10-07","passed","2026-10-07","","","",""
"","3294","TC-CB-04: Call Now assistance lead submits successfully on Ashok Leyland Mini Trucks","AllLeadForm - CategoryBrand [miniTruckAshokLeyland] [en] — Ashok Leyland Mini Trucks","2026-10-07","passed","2026-10-07","","","",""
"","3295","TC-ESC-01: Check Truck Price lead submits successfully on Electric E Rickshaw","AllLeadForm - ElectricSubCategory [eRickshaw] [en] — Electric E Rickshaw","2026-10-07","passed","2026-10-07","","","",""
"","3212","TC-CL-04: Call Now assistance lead submits successfully on ICV","CategoryPages - CategoryListing [icv] [en] — ICV","2026-10-07","passed","2026-10-07","","","",""
"","2044","TC-BBG-02: Check Truck Price lead form shows required validation when submitted empty on Eicher Trucks Above 40 Lakh","AllLeadForm - BrandBudget [eicherAbove40Lakh] [en] — Eicher Trucks Above 40 Lakh","2026-10-07","passed","2026-10-07","","","",""
"","1059","TC-CL-04: Call Now assistance lead submits successfully on 6 Wheeler","CategoryPages - CategoryListing [sixWheeler] [en] — 6 Wheeler","2026-10-07","skipped","2026-10-07","","","",""
"","3370","TC-BUS-01: lead submits successfully on Tata Buses","AllLeadForm - BusListing [tataBuses] [en] — Tata Buses","2026-10-07","passed","2026-10-07","","","",""
"","4580","TC-BBG-01: Check Truck Price lead submits successfully on Eicher Trucks Above 40 Lakh","AllLeadForm - BrandBudget [eicherAbove40Lakh] [en] — Eicher Trucks Above 40 Lakh","2026-10-07","passed","2026-10-07","","","",""
"","17653","TC-CB-01: Check Truck Price lead submits successfully on Atul 3 Wheeler","AllLeadForm - CategoryBrand [threeWheelerAtul] [en] — Atul 3 Wheeler","2026-10-07","failed","2026-10-07","","","",""
"","3762","TC-CL-01: Check Truck Price lead submits successfully on 16 Wheeler","CategoryPages - CategoryListing [sixteenWheeler] [en] — 16 Wheeler","2026-10-07","passed","2026-10-07","","","",""
"","1718","TC-CB-02: Check Truck Price lead form shows required validation when submitted empty on Ashok Leyland Tippers","AllLeadForm - CategoryBrand [tippersAshokLeyland] [en] — Ashok Leyland Tippers","2026-10-07","passed","2026-10-07","","","",""
"","473","TC-DLC-03: Talk To Dealer lead form rejects mobile that is not 10 digits on Truck Dealers in Ahmedabad, Gujarat","AllLeadForm - DealerCity [ahmedabad] [en] — Truck Dealers in Ahmedabad, Gujarat","2026-10-07","broken","2026-10-07","","","",""
"","3227","TC-PDPI-02: Check Offers lead form shows required validation when submitted empty on Eka 3W Cargo Price in Mumbai","PDP - NewTruckInternalPages [ekaPriceMumbai] [en] — Eka 3W Cargo Price in Mumbai","2026-10-07","passed","2026-10-07","","","",""
"","1947","TC-CB-03: Check Truck Price lead form rejects mobile that is not 10 digits on Altigreen Auto Rickshaw","AllLeadForm - CategoryBrand [autoRickshawAltigreen] [en] — Altigreen Auto Rickshaw","2026-10-07","passed","2026-10-07","","","",""
"","802","TC-PDPI-05: lead submits successfully on Tata Yodha 2.0 Images","PDP - NewTruckInternalPages [yodhaImages] [en] — Tata Yodha 2.0 Images","2026-10-07","skipped","2026-10-07","","","",""
"**Test Case ID:** TC-NLP-05
**Title:** Call Now lead submits successfully on Latest Trucks
**Language:** en

**Description:**
Open the Latest Trucks listing page, click Call Now to open its lead form, fill name, mobile and city, and submit.

**Expected Result:**
The assistance lead form closes after a successful submission (verified via the real submit network call). The submitted name is tagged with a page/CTA identifier for CRM traceability.

**Steps:**
1. Open the Latest Trucks listing page
2. Click Call Now to open its lead form
3. Fill name, mobile and city
4. Submit and verify the confirmation","3418","TC-NLP-05: Call Now lead submits successfully on Latest Trucks","ListingPages - NewListingPages [latestTrucks] [en] — Latest Trucks","2026-10-07","passed","2026-10-07","","","",""
"","18280","TC-ECH-01: Check Offers lead submits successfully on E Challan","AllLeadForm - EChallan [en]","2026-10-07","failed","2026-10-07","","","",""
"","4381","TC-BBG-03: Check Truck Price lead form rejects mobile that is not 10 digits on Ashok Leyland Trucks Under 30 Lakh","AllLeadForm - BrandBudget [ashokLeylandUnder30Lakh] [en] — Ashok Leyland Trucks Under 30 Lakh","2026-10-07","passed","2026-10-07","","","",""
"","2473","TC-CL-03: Check Truck Price lead form rejects mobile that is not 10 digits on Pickups","CategoryPages - CategoryListing [pickups] [en] — Pickups","2026-10-07","passed","2026-10-07","","","",""
"","4423","TC-BBG-01: Check Truck Price lead submits successfully on Eicher Trucks Under 20 Lakh","AllLeadForm - BrandBudget [eicherUnder20Lakh] [en] — Eicher Trucks Under 20 Lakh","2026-10-07","passed","2026-10-07","","","",""
"","2527","TC-BGT-03: Check Truck Price lead form rejects mobile that is not 10 digits on Trucks Under 5 Lakh","AllLeadForm - Budget [under5Lakh] [en] — Trucks Under 5 Lakh","2026-10-07","passed","2026-10-07","","","",""
"","2088","TC-CUS-02: Submit Request form shows required validation when submitted empty on Contact Us","AllLeadForm - ContactUs [en] — Contact Us","2026-10-07","passed","2026-10-07","","","",""
"","1924","TC-UTPDP-02: Contact Seller lead form shows required validation when submitted empty on Used Truck Detail","AllLeadForm - UsedTruckPdp [en]","2026-10-07","passed","2026-10-07","","","",""
"","3332","TC-CB-04: Call Now assistance lead submits successfully on Allfine E Rickshaw","AllLeadForm - CategoryBrand [eRickshawAllfine] [en] — Allfine E Rickshaw","2026-10-07","passed","2026-10-07","","","",""
"","2065","TC-ESC-02: Check Truck Price lead form shows required validation when submitted empty on Electric Auto Rickshaw","AllLeadForm - ElectricSubCategory [autoRickshaw] [en] — Electric Auto Rickshaw","2026-10-07","passed","2026-10-07","","","",""
"","1791","TC-ESC-02: Check Truck Price lead form shows required validation when submitted empty on Electric Commercial Vehicle Under 5 Lakh","AllLeadForm - ElectricSubCategory [under5Lakh] [en] — Electric Commercial Vehicle Under 5 Lakh","2026-10-07","passed","2026-10-07","","","",""
"","3635","TC-PDPI-01: Download Brochure lead submits successfully on Tata Yodha 2.0 Brochure","PDP - NewTruckInternalPages [yodhaBrochure] [en] — Tata Yodha 2.0 Brochure","2026-10-07","passed","2026-10-07","","","",""
"","3179","TC-PL-01: Check Truck Price lead submits successfully on 10 ton - 20 ton Trucks","CategoryPages - CategoryListing [ton10to20] [en] — 10 ton - 20 ton Trucks","2026-10-07","passed","2026-10-07","","","",""
"","3784","TC-CL-04: Call Now assistance lead submits successfully on SCV","CategoryPages - CategoryListing [scv] [en] — SCV","2026-10-07","passed","2026-10-07","","","",""
"**Test Case ID:** TC-NLP-07
**Title:** Check Offers lead form rejects mobile that is not 10 digits on Find New Trucks
**Language:** en

**Description:**
Open the Find New Trucks listing page, open Check Offers, fill a valid name, an invalid (5-digit) mobile number, and leave city empty, then submit.

**Expected Result:**
The real, page-shown mobile-format and location-required validation messages are displayed, and no lead is submitted.

**Steps:**
1. Open the Find New Trucks listing page
2. Click Check Offers to open its lead form
3. Fill a valid name and an invalid mobile number
4. Submit with city left empty
5. Verify the mobile-format and location validation messages are shown","4601","TC-NLP-07: Check Offers lead form rejects mobile that is not 10 digits on Find New Trucks","ListingPages - NewListingPages [newTrucks] [en] — Find New Trucks","2026-10-07","passed","2026-10-07","","","",""
"","18279","TC-BGT-01: Check Truck Price lead submits successfully on Trucks Above 40 Lakh","AllLeadForm - Budget [above40Lakh] [en] — Trucks Above 40 Lakh","2026-10-07","failed","2026-10-07","","","",""
"","2430","TC-ECH-02: Check Challan lead requests OTP successfully on E Challan","AllLeadForm - EChallan [en]","2026-10-07","passed","2026-10-07","","","",""
"","2718","TC-BUSVAR-01: Check Offers lead submits successfully on Tata Starbus Staff Contract 24+D LP 407/36 CNG","AllLeadForm - BusVariant [starbus24dLp407] [en] — Tata Starbus Staff Contract 24+D LP 407/36 CNG","2026-10-07","passed","2026-10-07","","","",""
"","6070","TC-CUS-01: Submit Request enquiry submits successfully on Contact Us","AllLeadForm - ContactUs [en] — Contact Us","2026-10-07","passed","2026-10-07","","","",""
"","5138","TC-TSR-01: Check Truck Price lead submits successfully on Ashok Leyland Boss","CategoryPages - CategoryListing [ashokLeylandBoss] [en] — Ashok Leyland Boss","2026-10-07","passed","2026-10-07","","","",""
"","663","TC-SCB-02: Talk To Dealer lead form shows required validation when submitted empty on Ashok Leyland Service Centers","AllLeadForm - ServiceCenterBrand [ashokLeyland] [en] — Ashok Leyland Service Centers","2026-10-07","broken","2026-10-07","","","",""
"","3461","TC-BGT-01: Check Truck Price lead submits successfully on Trucks Under 20 Lakh","AllLeadForm - Budget [under20Lakh] [en] — Trucks Under 20 Lakh","2026-10-07","passed","2026-10-07","","","",""
"","3164","TC-CB-01: Check Truck Price lead submits successfully on Altigreen Auto Rickshaw","AllLeadForm - CategoryBrand [autoRickshawAltigreen] [en] — Altigreen Auto Rickshaw","2026-10-07","passed","2026-10-07","","","",""
"","5397","TC-TBR-01: Check Truck Price lead submits successfully on Mahindra Trucks","CategoryPages - CategoryListing [mahindraBrand] [en] — Mahindra Trucks","2026-10-07","passed","2026-10-07","","","",""
"","2191","TC-CL-03: Check Truck Price lead form rejects mobile that is not 10 digits on Tempo Traveller","CategoryPages - CategoryListing [tempoTraveller] [en] — Tempo Traveller","2026-10-07","passed","2026-10-07","","","",""
"","6016","TC-PDPI-05: Get On Road Price lead submits successfully on Eka 3W Cargo Price in Mumbai","PDP - NewTruckInternalPages [ekaPriceMumbai] [en] — Eka 3W Cargo Price in Mumbai","2026-10-07","passed","2026-10-07","","","",""
"","506","TC-DLB-02: Talk To Dealer lead form shows required validation when submitted empty on Ashok Leyland Truck Dealers","AllLeadForm - DealerBrand [ashokLeyland] [en] — Ashok Leyland Truck Dealers","2026-10-07","broken","2026-10-07","","","",""
"","1426","TC-TBR-04: Call Now assistance lead submits successfully on Tata Trucks","CategoryPages - CategoryListing [tataBrand] [en] — Tata Trucks","2026-10-07","skipped","2026-10-07","","","",""
"","3878","TC-CB-04: Call Now assistance lead submits successfully on Ashok Leyland 4 Wheeler Trucks","AllLeadForm - CategoryBrand [fourWheelerAshokLeyland] [en] — Ashok Leyland 4 Wheeler Trucks","2026-10-07","passed","2026-10-07","","","",""
"","3545","TC-TBR-03: Check Truck Price lead form rejects mobile that is not 10 digits on Mahindra Trucks","CategoryPages - CategoryListing [mahindraBrand] [en] — Mahindra Trucks","2026-10-07","passed","2026-10-07","","","",""
"","2254","TC-CB-03: Check Truck Price lead form rejects mobile that is not 10 digits on Ashok Leyland 10 Wheeler Trucks","AllLeadForm - CategoryBrand [tenWheelerAshokLeyland] [en] — Ashok Leyland 10 Wheeler Trucks","2026-10-07","passed","2026-10-07","","","",""
"","1719","TC-PL-02: Check Truck Price lead form shows required validation when submitted empty on 2.5 ton - 5 ton Trucks","CategoryPages - CategoryListing [ton2_5to5] [en] — 2.5 ton - 5 ton Trucks","2026-10-07","passed","2026-10-07","","","",""
"","2165","TC-TSR-02: Check Truck Price lead form shows required validation when submitted empty on Mahindra Blazo","CategoryPages - CategoryListing [mahindraBlazo] [en] — Mahindra Blazo","2026-10-07","passed","2026-10-07","","","",""
"","451","TC-DLC-02: Talk To Dealer lead form shows required validation when submitted empty on Truck Dealers in Pune, Maharashtra","AllLeadForm - DealerCity [pune] [en] — Truck Dealers in Pune, Maharashtra","2026-10-07","broken","2026-10-07","","","",""
"","12","TC-PDPI-02: Check Offers lead form shows required validation when submitted empty on Eka 3W Cargo Reviews","PDP - NewTruckInternalPages [ekaReview] [en] — Eka 3W Cargo Reviews","2026-10-07","skipped","2026-10-07","","","",""
"","2117","TC-CL-02: Check Truck Price lead form shows required validation when submitted empty on Trailers","CategoryPages - CategoryListing [trailers] [en] — Trailers","2026-10-07","passed","2026-10-07","","","",""
"","1593","TC-CL-02: Check Truck Price lead form shows required validation when submitted empty on LCV","CategoryPages - CategoryListing [lcv] [en] — LCV","2026-10-07","passed","2026-10-07","","","",""
"","3278","TC-BUS-01: lead submits successfully on Popular Buses","AllLeadForm - BusListing [popularBuses] [en] — Popular Buses","2026-10-07","passed","2026-10-07","","","",""
"","1653","TC-PL-02: Check Truck Price lead form shows required validation when submitted empty on 20 ton - 40 ton Trucks","CategoryPages - CategoryListing [ton20to40] [en] — 20 ton - 40 ton Trucks","2026-10-07","passed","2026-10-07","","","",""
"","4870","TC-EV-02: Call Now assistance lead submits successfully on Electric Commercial Vehicles","AllLeadForm - ElectricVehicle [en] — Electric Commercial Vehicles","2026-10-07","passed","2026-10-07","","","",""
"","663","TC-TSR-04: Call Now assistance lead submits successfully on Mahindra Bolero","CategoryPages - CategoryListing [mahindraBolero] [en] — Mahindra Bolero","2026-10-07","skipped","2026-10-07","","","",""
"","452","TC-SPB-02: Talk To Dealer lead form shows required validation when submitted empty on Tata Spare Parts Dealers","AllLeadForm - SparePartsBrand [tata] [en] — Tata Spare Parts Dealers","2026-10-07","broken","2026-10-07","","","",""
"","1954","TC-ESC-03: Check Truck Price lead form rejects mobile that is not 10 digits on Electric Pickup","AllLeadForm - ElectricSubCategory [pickup] [en] — Electric Pickup","2026-10-07","passed","2026-10-07","","","",""
"","1839","TC-TSR-02: Check Truck Price lead form shows required validation when submitted empty on Mahindra Bolero","CategoryPages - CategoryListing [mahindraBolero] [en] — Mahindra Bolero","2026-10-07","passed","2026-10-07","","","",""
"","4028","TC-BGT-04: Call Now assistance lead submits successfully on Trucks Under 40 Lakh","AllLeadForm - Budget [under40Lakh] [en] — Trucks Under 40 Lakh","2026-10-07","passed","2026-10-07","","","",""
"","3323","TC-BGT-01: Check Truck Price lead submits successfully on Trucks Under 15 Lakh","AllLeadForm - Budget [under15Lakh] [en] — Trucks Under 15 Lakh","2026-10-07","passed","2026-10-07","","","",""
"","995","TC-SCB-02: Talk To Dealer lead form shows required validation when submitted empty on Tata Service Centers","AllLeadForm - ServiceCenterBrand [tata] [en] — Tata Service Centers","2026-10-07","broken","2026-10-07","","","",""
"","2221","TC-CL-03: Check Truck Price lead form rejects mobile that is not 10 digits on Diesel Trucks","CategoryPages - CategoryListing [diesel] [en] — Diesel Trucks","2026-10-07","passed","2026-10-07","","","",""
"","2413","TC-CL-03: Check Truck Price lead form rejects mobile that is not 10 digits on Trailers","CategoryPages - CategoryListing [trailers] [en] — Trailers","2026-10-07","passed","2026-10-07","","","",""
"","1612","TC-ESC-02: Check Truck Price lead form shows required validation when submitted empty on Electric E Rickshaw","AllLeadForm - ElectricSubCategory [eRickshaw] [en] — Electric E Rickshaw","2026-10-07","passed","2026-10-07","","","",""
"","4052","TC-PDPI-03: Check Offers lead form rejects mobile that is not 10 digits on Tata Yodha 2.0 Images","PDP - NewTruckInternalPages [yodhaImages] [en] — Tata Yodha 2.0 Images","2026-10-07","passed","2026-10-07","","","",""
"","665","TC-CL-04: Call Now assistance lead submits successfully on 3 Wheeler","CategoryPages - CategoryListing [threeWheeler] [en] — 3 Wheeler","2026-10-07","skipped","2026-10-07","","","",""
"","1630","TC-BUSVAR-03: Check Offers lead form rejects mobile that is not 10 digits on Tata Starbus Staff Contract 40+D AC LP 913/52 CNG","AllLeadForm - BusVariant [starbus40dAcLp913] [en] — Tata Starbus Staff Contract 40+D AC LP 913/52 CNG","2026-10-07","passed","2026-10-07","","","",""
"","1657","TC-VHR-05: Check Offers lead form rejects mobile that is not 10 digits on Vehicle Report","AllLeadForm - VehicleReport [en]","2026-10-07","passed","2026-10-07","","","",""
"","2475","TC-BBG-02: Check Truck Price lead form shows required validation when submitted empty on Ashok Leyland Trucks Under 15 Lakh","AllLeadForm - BrandBudget [ashokLeylandUnder15Lakh] [en] — Ashok Leyland Trucks Under 15 Lakh","2026-10-07","passed","2026-10-07","","","",""
"","1193","TC-NLP-04: Notify Me lead submits successfully on Best Trucks","ListingPages - NewListingPages [bestTrucks] [en] — Best Trucks","2026-10-07","skipped","2026-10-07","","","",""
"","745","TC-SPB-01: Talk To Dealer lead submits successfully on Eicher Spare Parts Dealers","AllLeadForm - SparePartsBrand [eicher] [en] — Eicher Spare Parts Dealers","2026-10-07","broken","2026-10-07","","","",""
"","5342","TC-TBR-01: Check Truck Price lead submits successfully on Eicher Trucks","CategoryPages - CategoryListing [eicherBrand] [en] — Eicher Trucks","2026-10-07","passed","2026-10-07","","","",""
"","1640","TC-CB-02: Check Truck Price lead form shows required validation when submitted empty on Eicher 10 Wheeler Trucks","AllLeadForm - CategoryBrand [tenWheelerEicher] [en] — Eicher 10 Wheeler Trucks","2026-10-07","passed","2026-10-07","","","",""
"","728","TC-TSR-04: Call Now assistance lead submits successfully on Tata Ace","CategoryPages - CategoryListing [tataAce] [en] — Tata Ace","2026-10-07","skipped","2026-10-07","","","",""
"","2315","TC-TSR-03: Check Truck Price lead form rejects mobile that is not 10 digits on Ashok Leyland Boss","CategoryPages - CategoryListing [ashokLeylandBoss] [en] — Ashok Leyland Boss","2026-10-07","passed","2026-10-07","","","",""
"","19442","TC-PDPI-05: Get On Road Price lead submits successfully on Tata Yodha 2.0 Specifications","PDP - NewTruckInternalPages [yodhaSpecifications] [en] — Tata Yodha 2.0 Specifications","2026-10-07","failed","2026-10-07","","","",""
"","1542","TC-BUSPDP-03: Check Offers lead form rejects mobile that is not 10 digits on Tata Starbus Ultra City Electric","AllLeadForm - BusPdp [starbusUltraCityElectric] [en] — Tata Starbus Ultra City Electric","2026-10-07","passed","2026-10-07","","","",""
"","1702","TC-BGT-02: Check Truck Price lead form shows required validation when submitted empty on Trucks Under 5 Lakh","AllLeadForm - Budget [under5Lakh] [en] — Trucks Under 5 Lakh","2026-10-07","passed","2026-10-07","","","",""
"","1892","TC-ESC-02: Check Truck Price lead form shows required validation when submitted empty on Electric Trucks","AllLeadForm - ElectricSubCategory [trucks] [en] — Electric Trucks","2026-10-07","passed","2026-10-07","","","",""
"","2650","TC-NTPDP-03: Get Offers lead submits successfully for Tata Yodha 2.0","AllLeadForm - NewTruckPdp [mostPopular] [en] — Tata Yodha 2.0","2026-10-07","passed","2026-10-07","","","",""
"","4394","TC-ESC-04: Call Now assistance lead submits successfully on Electric Pickup","AllLeadForm - ElectricSubCategory [pickup] [en] — Electric Pickup","2026-10-07","passed","2026-10-07","","","",""
"","1189","TC-NTPDP-04: Get Offers lead shows validation when empty for Tata Yodha 2.0","AllLeadForm - NewTruckPdp [mostPopular] [en] — Tata Yodha 2.0","2026-10-07","passed","2026-10-07","","","",""
"","7598","TC-LMC-04: one Check Offers lead from autoRickshaw tab submits successfully","AllLeadForm - Homepage LatestModelsByCategory [en]","2026-10-07","passed","2026-10-07","","","",""
"","1866","TC-TMO-03: Check Offers lead form rejects mobile that is not 10 digits on Select Your Truck","AllLeadForm - TabbedModelOffers [selectYourTruck] [en] — Select Your Truck","2026-10-07","passed","2026-10-07","","","",""
"**Test Case ID:** TC-NLP-04
**Title:** Notify Me lead submits successfully on Latest Trucks
**Language:** en

**Description:**
Open the Latest Trucks listing page, click Notify Me to open its lead form, fill name, mobile and city, and submit.

**Expected Result:**
A Thank You confirmation is shown after a successful lead submission. The submitted name is tagged with a page/CTA identifier for CRM traceability.

**Steps:**
1. Open the Latest Trucks listing page
2. Click Notify Me to open its lead form
3. Fill name, mobile and city
4. Submit and verify the confirmation","18060","TC-NLP-04: Notify Me lead submits successfully on Latest Trucks","ListingPages - NewListingPages [latestTrucks] [en] — Latest Trucks","2026-10-07","failed","2026-10-07","","","",""
"","1651","TC-CB-02: Check Truck Price lead form shows required validation when submitted empty on BharatBenz 6 Wheeler Trucks","AllLeadForm - CategoryBrand [sixWheelerBharatBenz] [en] — BharatBenz 6 Wheeler Trucks","2026-10-07","passed","2026-10-07","","","",""
"","1856","TC-TSR-02: Check Truck Price lead form shows required validation when submitted empty on Ashok Leyland Dost","CategoryPages - CategoryListing [ashokLeylandDost] [en] — Ashok Leyland Dost","2026-10-07","passed","2026-10-07","","","",""
"","3868","TC-TSR-01: Check Truck Price lead submits successfully on Mahindra Blazo","CategoryPages - CategoryListing [mahindraBlazo] [en] — Mahindra Blazo","2026-10-07","passed","2026-10-07","","","",""
"","3530","TC-PDPI-05: Get On Road Price lead submits successfully on Tata Yodha 2.0 Videos","PDP - NewTruckInternalPages [yodhaVideos] [en] — Tata Yodha 2.0 Videos","2026-10-07","passed","2026-10-07","","","",""
"","524","TC-SPB-03: Talk To Dealer lead form rejects mobile that is not 10 digits on Eicher Spare Parts Dealers","AllLeadForm - SparePartsBrand [eicher] [en] — Eicher Spare Parts Dealers","2026-10-07","broken","2026-10-07","","","",""
"**Test Case ID:** TC-NLP-05
**Title:** Call Now lead submits successfully on Find New Trucks
**Language:** en

**Description:**
Open the Find New Trucks listing page, click Call Now to open its lead form, fill name, mobile and city, and submit.

**Expected Result:**
The assistance lead form closes after a successful submission (verified via the real submit network call). The submitted name is tagged with a page/CTA identifier for CRM traceability.

**Steps:**
1. Open the Find New Trucks listing page
2. Click Call Now to open its lead form
3. Fill name, mobile and city
4. Submit and verify the confirmation","5618","TC-NLP-05: Call Now lead submits successfully on Find New Trucks","ListingPages - NewListingPages [newTrucks] [en] — Find New Trucks","2026-10-07","passed","2026-10-07","","","",""
"","537","TC-NLP-03: Contact Seller lead submits successfully on Upcoming Trucks","ListingPages - NewListingPages [upcomingTrucks] [en] — Upcoming Trucks","2026-10-07","skipped","2026-10-07","","","",""
"","371","TC-CL-04: Call Now assistance lead submits successfully on 18 Wheeler","CategoryPages - CategoryListing [eighteenWheeler] [en] — 18 Wheeler","2026-10-07","skipped","2026-10-07","","","",""
"","6431","TC-BUT-01: Contact Seller lead submits successfully on Buy Used Trucks","AllLeadForm - BuyUsedTrucks [en]","2026-10-07","passed","2026-10-07","","","",""
"","446","TC-SCB-01: Talk To Dealer lead submits successfully on Mahindra Service Centers","AllLeadForm - ServiceCenterBrand [mahindra] [en] — Mahindra Service Centers","2026-10-07","broken","2026-10-07","","","",""
"","1954","TC-PDPI-03: Check Offers lead form rejects mobile that is not 10 digits on Tata Yodha 2.0 Reviews","PDP - NewTruckInternalPages [yodhaReview] [en] — Tata Yodha 2.0 Reviews","2026-10-07","passed","2026-10-07","","","",""
"","4723","TC-CL-01: Check Truck Price lead submits successfully on Mini Trucks","CategoryPages - CategoryListing [miniTrucks] [en] — Mini Trucks","2026-10-07","passed","2026-10-07","","","",""
"","4834","TC-PL-01: Check Truck Price lead submits successfully on Under 1 Ton Trucks","CategoryPages - CategoryListing [under1Ton] [en] — Under 1 Ton Trucks","2026-10-07","passed","2026-10-07","","","",""
"","1679","TC-CL-02: Check Truck Price lead form shows required validation when submitted empty on Diesel Trucks","CategoryPages - CategoryListing [diesel] [en] — Diesel Trucks","2026-10-07","passed","2026-10-07","","","",""
"","5402","TC-PL-04: Call Now assistance lead submits successfully on 5 ton - 10 ton Trucks","CategoryPages - CategoryListing [ton5to10] [en] — 5 ton - 10 ton Trucks","2026-10-07","passed","2026-10-07","","","",""
"**Test Case ID:** TC-NLP-07
**Title:** Check Offers lead form rejects mobile that is not 10 digits on Latest Trucks
**Language:** en

**Description:**
Open the Latest Trucks listing page, open Check Offers, fill a valid name, an invalid (5-digit) mobile number, and leave city empty, then submit.

**Expected Result:**
The real, page-shown mobile-format and location-required validation messages are displayed, and no lead is submitted.

**Steps:**
1. Open the Latest Trucks listing page
2. Click Check Offers to open its lead form
3. Fill a valid name and an invalid mobile number
4. Submit with city left empty
5. Verify the mobile-format and location validation messages are shown","2103","TC-NLP-07: Check Offers lead form rejects mobile that is not 10 digits on Latest Trucks","ListingPages - NewListingPages [latestTrucks] [en] — Latest Trucks","2026-10-07","passed","2026-10-07","","","",""
"","1941","TC-ESC-03: Check Truck Price lead form rejects mobile that is not 10 digits on Electric E Rickshaw","AllLeadForm - ElectricSubCategory [eRickshaw] [en] — Electric E Rickshaw","2026-10-07","passed","2026-10-07","","","",""
"","436","TC-DLB-02: Talk To Dealer lead form shows required validation when submitted empty on Atul 3 Wheeler Dealers","AllLeadForm - DealerBrand [atul] [en] — Atul 3 Wheeler Dealers","2026-10-07","broken","2026-10-07","","","",""
"","3391","TC-CB-04: Call Now assistance lead submits successfully on Force Tempo Traveller","AllLeadForm - CategoryBrand [tempoTravellerForce] [en] — Force Tempo Traveller","2026-10-07","passed","2026-10-07","","","",""
"","1932","TC-CL-02: Check Truck Price lead form shows required validation when submitted empty on Bi Fuel Trucks","CategoryPages - CategoryListing [biFuel] [en] — Bi Fuel Trucks","2026-10-07","passed","2026-10-07","","","",""
"","5322","TC-LMC-07: one Check Offers lead from scv tab submits successfully","AllLeadForm - Homepage LatestModelsByCategory [en]","2026-10-07","passed","2026-10-07","","","",""
"","7474","TC-NTPDP-01: Get Offers lead opens on launch for Eka 3W Cargo","AllLeadForm - NewTruckPdp [leastPopular] [en] — Eka 3W Cargo","2026-10-07","passed","2026-10-07","","","",""
"","1771","TC-PDPI-02: Check Offers lead form shows required validation when submitted empty on Tata Yodha 2.0 Reviews","PDP - NewTruckInternalPages [yodhaReview] [en] — Tata Yodha 2.0 Reviews","2026-10-07","passed","2026-10-07","","","",""
"","4323","TC-PDPI-03: Check Offers lead form rejects mobile that is not 10 digits on Tata Yodha 2.0 Specifications","PDP - NewTruckInternalPages [yodhaSpecifications] [en] — Tata Yodha 2.0 Specifications","2026-10-07","passed","2026-10-07","","","",""
"","2401","TC-ESC-02: Check Truck Price lead form shows required validation when submitted empty on Electric Pickup","AllLeadForm - ElectricSubCategory [pickup] [en] — Electric Pickup","2026-10-07","passed","2026-10-07","","","",""
"","2813","TC-UTPDP-05: Check Offers lead form shows required validation when submitted empty on Used Truck Detail","AllLeadForm - UsedTruckPdp [en]","2026-10-07","passed","2026-10-07","","","",""
"","1391","TC-NLP-03: Contact Seller lead submits successfully on Find New Trucks","ListingPages - NewListingPages [newTrucks] [en] — Find New Trucks","2026-10-07","skipped","2026-10-07","","","",""
"","1904","TC-CB-02: Check Truck Price lead form shows required validation when submitted empty on Ashok Leyland Pickups","AllLeadForm - CategoryBrand [pickupAshokLeyland] [en] — Ashok Leyland Pickups","2026-10-07","passed","2026-10-07","","","",""
"","1413","TC-BDM-03: Talk To Dealer lead form rejects mobile that is not 10 digits on Body Makers","AllLeadForm - BodyMakers [en] — Body Makers","2026-10-07","passed","2026-10-07","","","",""
"","17736","TC-PL-01: Check Truck Price lead submits successfully on 40 ton - 300 ton Trucks","CategoryPages - CategoryListing [ton40to300] [en] — 40 ton - 300 ton Trucks","2026-10-07","failed","2026-10-07","","","",""
"","1857","TC-CL-02: Check Truck Price lead form shows required validation when submitted empty on LNG Trucks","CategoryPages - CategoryListing [lng] [en] — LNG Trucks","2026-10-07","passed","2026-10-07","","","",""
"","646","TC-DLB-01: Talk To Dealer lead submits successfully on Tata Truck Dealers","AllLeadForm - DealerBrand [tata] [en] — Tata Truck Dealers","2026-10-07","broken","2026-10-07","","","",""
"","2678","TC-PDPI-03: Check Offers lead form rejects mobile that is not 10 digits on Tata Yodha 2.0 Videos","PDP - NewTruckInternalPages [yodhaVideos] [en] — Tata Yodha 2.0 Videos","2026-10-07","passed","2026-10-07","","","",""
"","3132","TC-CB-04: Call Now assistance lead submits successfully on Ashok Leyland 10 Wheeler Trucks","AllLeadForm - CategoryBrand [tenWheelerAshokLeyland] [en] — Ashok Leyland 10 Wheeler Trucks","2026-10-07","passed","2026-10-07","","","",""
"","3464","TC-CL-01: Check Truck Price lead submits successfully on 22 Wheeler","CategoryPages - CategoryListing [twentyTwoWheeler] [en] — 22 Wheeler","2026-10-07","passed","2026-10-07","","","",""
"","950","TC-TBR-04: Call Now assistance lead submits successfully on Eicher Trucks","CategoryPages - CategoryListing [eicherBrand] [en] — Eicher Trucks","2026-10-07","skipped","2026-10-07","","","",""
"","6678","TC-BGT-01: Check Truck Price lead submits successfully on Trucks Under 5 Lakh","AllLeadForm - Budget [under5Lakh] [en] — Trucks Under 5 Lakh","2026-10-07","passed","2026-10-07","","","",""
"","746","TC-NLP-07: Check Offers lead form rejects mobile that is not 10 digits on Popular Truck","ListingPages - NewListingPages [popularTrucks] [en] — Popular Truck","2026-10-07","skipped","2026-10-07","","","",""
"","1702","TC-CB-02: Check Truck Price lead form shows required validation when submitted empty on Atul 3 Wheeler","AllLeadForm - CategoryBrand [threeWheelerAtul] [en] — Atul 3 Wheeler","2026-10-07","passed","2026-10-07","","","",""
"","2068","TC-BUS-03: lead form rejects mobile that is not 10 digits on Latest Buses","AllLeadForm - BusListing [latestBuses] [en] — Latest Buses","2026-10-07","passed","2026-10-07","","","",""
"","1952","TC-CL-03: Check Truck Price lead form rejects mobile that is not 10 digits on 14 Wheeler","CategoryPages - CategoryListing [fourteenWheeler] [en] — 14 Wheeler","2026-10-07","passed","2026-10-07","","","",""
"","620","TC-CL-04: Call Now assistance lead submits successfully on 22 Wheeler","CategoryPages - CategoryListing [twentyTwoWheeler] [en] — 22 Wheeler","2026-10-07","skipped","2026-10-07","","","",""
"","763","TC-CL-04: Call Now assistance lead submits successfully on Mini Trucks","CategoryPages - CategoryListing [miniTrucks] [en] — Mini Trucks","2026-10-07","skipped","2026-10-07","","","",""
"","3514","TC-ESC-01: Check Truck Price lead submits successfully on Electric Pickup","AllLeadForm - ElectricSubCategory [pickup] [en] — Electric Pickup","2026-10-07","passed","2026-10-07","","","",""
"","2700","TC-CB-03: Check Truck Price lead form rejects mobile that is not 10 digits on Ashok Leyland 4 Wheeler Trucks","AllLeadForm - CategoryBrand [fourWheelerAshokLeyland] [en] — Ashok Leyland 4 Wheeler Trucks","2026-10-07","passed","2026-10-07","","","",""
"","2201","TC-PL-03: Check Truck Price lead form rejects mobile that is not 10 digits on 40 ton - 300 ton Trucks","CategoryPages - CategoryListing [ton40to300] [en] — 40 ton - 300 ton Trucks","2026-10-07","passed","2026-10-07","","","",""
"","3465","TC-TSR-01: Check Truck Price lead submits successfully on Ashok Leyland Dost","CategoryPages - CategoryListing [ashokLeylandDost] [en] — Ashok Leyland Dost","2026-10-07","passed","2026-10-07","","","",""
"","4420","TC-CL-01: Check Truck Price lead submits successfully on 4 Wheeler","CategoryPages - CategoryListing [fourWheeler] [en] — 4 Wheeler","2026-10-07","passed","2026-10-07","","","",""
"","2547","TC-BGT-03: Check Truck Price lead form rejects mobile that is not 10 digits on Trucks Above 40 Lakh","AllLeadForm - Budget [above40Lakh] [en] — Trucks Above 40 Lakh","2026-10-07","passed","2026-10-07","","","",""
"","462","TC-SCB-02: Talk To Dealer lead form shows required validation when submitted empty on Mahindra Service Centers","AllLeadForm - ServiceCenterBrand [mahindra] [en] — Mahindra Service Centers","2026-10-07","broken","2026-10-07","","","",""
"","3270","TC-CB-04: Call Now assistance lead submits successfully on Eicher 10 Wheeler Trucks","AllLeadForm - CategoryBrand [tenWheelerEicher] [en] — Eicher 10 Wheeler Trucks","2026-10-07","passed","2026-10-07","","","",""
"","3819","TC-ESC-04: Call Now assistance lead submits successfully on Electric Mini Truck","AllLeadForm - ElectricSubCategory [miniTruck] [en] — Electric Mini Truck","2026-10-07","passed","2026-10-07","","","",""
"","4397","TC-CL-01: Check Truck Price lead submits successfully on 12 Wheeler","CategoryPages - CategoryListing [twelveWheeler] [en] — 12 Wheeler","2026-10-07","passed","2026-10-07","","","",""
"","1723","TC-TSR-02: Check Truck Price lead form shows required validation when submitted empty on Tata Ace","CategoryPages - CategoryListing [tataAce] [en] — Tata Ace","2026-10-07","passed","2026-10-07","","","",""
"","3744","TC-TSR-01: Check Truck Price lead submits successfully on Mahindra Bolero","CategoryPages - CategoryListing [mahindraBolero] [en] — Mahindra Bolero","2026-10-07","passed","2026-10-07","","","",""
"","3200","TC-CL-01: Check Truck Price lead submits successfully on LPG Trucks","CategoryPages - CategoryListing [lpg] [en] — LPG Trucks","2026-10-07","passed","2026-10-07","","","",""
"","3399","TC-TIY-21: Check Offers lead form rejects mobile that is not 10 digits","AllLeadForm - Homepage TruckInIndia [en]","2026-10-07","passed","2026-10-07","","","",""
"","1635","TC-BUS-02: lead form shows required validation when submitted empty on Mahindra Buses","AllLeadForm - BusListing [mahindraBuses] [en] — Mahindra Buses","2026-10-07","passed","2026-10-07","","","",""
"**Test Case ID:** TC-NLP-06
**Title:** Check Offers lead form shows required validation when submitted empty on Upcoming Trucks
**Language:** en

**Description:**
Open the Upcoming Trucks listing page, open Check Offers, and submit with name, mobile and city all left empty.

**Expected Result:**
The real, page-shown validation messages for name, mobile and location are displayed, and no lead is submitted.

**Steps:**
1. Open the Upcoming Trucks listing page
2. Click Check Offers to open its lead form
3. Leave name, mobile and city empty and submit
4. Verify all three required-field validation messages are shown","2116","TC-NLP-06: Check Offers lead form shows required validation when submitted empty on Upcoming Trucks","ListingPages - NewListingPages [upcomingTrucks] [en] — Upcoming Trucks","2026-10-07","passed","2026-10-07","","","",""
"","884","TC-SPB-03: Talk To Dealer lead form rejects mobile that is not 10 digits on Tata Spare Parts Dealers","AllLeadForm - SparePartsBrand [tata] [en] — Tata Spare Parts Dealers","2026-10-07","broken","2026-10-07","","","",""
"","25577","TC-TMO-01: Check Offers lead submits successfully on every tab of Offers","AllLeadForm - TabbedModelOffers [offers] [en] — Offers","2026-10-07","failed","2026-10-07","","","",""
"","641","TC-DBC-02: Talk To Dealer lead form shows required validation when submitted empty on Tata Truck Dealers in Pune, Maharashtra","AllLeadForm - DealerBrandCity [tataPune] [en] — Tata Truck Dealers in Pune, Maharashtra","2026-10-07","broken","2026-10-07","","","",""
"","4226","TC-LMC-11: Check Offers lead form rejects mobile that is not 10 digits","AllLeadForm - Homepage LatestModelsByCategory [en]","2026-10-07","passed","2026-10-07","","","",""
"","1958","TC-PL-03: Check Truck Price lead form rejects mobile that is not 10 digits on 5 ton - 10 ton Trucks","CategoryPages - CategoryListing [ton5to10] [en] — 5 ton - 10 ton Trucks","2026-10-07","passed","2026-10-07","","","",""
"","12","TC-PDPI-03: Check Offers lead form rejects mobile that is not 10 digits on Eka 3W Cargo Reviews","PDP - NewTruckInternalPages [ekaReview] [en] — Eka 3W Cargo Reviews","2026-10-07","skipped","2026-10-07","","","",""
"","3991","TC-CB-01: Check Truck Price lead submits successfully on Force Tempo Traveller","AllLeadForm - CategoryBrand [tempoTravellerForce] [en] — Force Tempo Traveller","2026-10-07","passed","2026-10-07","","","",""
"","747","TC-TSR-04: Call Now assistance lead submits successfully on Ashok Leyland Dost","CategoryPages - CategoryListing [ashokLeylandDost] [en] — Ashok Leyland Dost","2026-10-07","skipped","2026-10-07","","","",""
"","1553","TC-CB-02: Check Truck Price lead form shows required validation when submitted empty on Ashok Leyland Transit Mixers","AllLeadForm - CategoryBrand [transitMixerAshokLeyland] [en] — Ashok Leyland Transit Mixers","2026-10-07","passed","2026-10-07","","","",""
"","3402","TC-TBR-02: Check Truck Price lead form shows required validation when submitted empty on Mahindra Trucks","CategoryPages - CategoryListing [mahindraBrand] [en] — Mahindra Trucks","2026-10-07","passed","2026-10-07","","","",""
"","4039","TC-ESC-01: Check Truck Price lead submits successfully on Electric 3 Wheeler","AllLeadForm - ElectricSubCategory [threeWheeler] [en] — Electric 3 Wheeler","2026-10-07","passed","2026-10-07","","","",""
"","1926","TC-BR-06: Download Brochure lead form rejects mobile that is not 10 digits on Brochure","AllLeadForm - Brochure [en]","2026-10-07","passed","2026-10-07","","","",""
"","18322","TC-TIY-17: Popular Check Offers submits lead and shows Thank You modal","AllLeadForm - Homepage TruckInIndia [en]","2026-10-07","failed","2026-10-07","","","",""
"","3102","TC-CL-01: Check Truck Price lead submits successfully on Hydrogen Trucks","CategoryPages - CategoryListing [hydrogen] [en] — Hydrogen Trucks","2026-10-07","passed","2026-10-07","","","",""
"","3386","TC-CL-01: Check Truck Price lead submits successfully on Transit Mixer","CategoryPages - CategoryListing [transitMixer] [en] — Transit Mixer","2026-10-07","passed","2026-10-07","","","",""
"","3782","TC-CL-01: Check Truck Price lead submits successfully on Pickups","CategoryPages - CategoryListing [pickups] [en] — Pickups","2026-10-07","passed","2026-10-07","","","",""
"","2936","TC-BUSVAR-01: Check Offers lead submits successfully on Tata Starbus Staff Contract 40+D AC LP 913/52 CNG","AllLeadForm - BusVariant [starbus40dAcLp913] [en] — Tata Starbus Staff Contract 40+D AC LP 913/52 CNG","2026-10-07","passed","2026-10-07","","","",""
"","2533","TC-CL-03: Check Truck Price lead form rejects mobile that is not 10 digits on Tippers","CategoryPages - CategoryListing [tippers] [en] — Tippers","2026-10-07","passed","2026-10-07","","","",""
"","1594","TC-PL-02: Check Truck Price lead form shows required validation when submitted empty on Under 1 Ton Trucks","CategoryPages - CategoryListing [under1Ton] [en] — Under 1 Ton Trucks","2026-10-07","passed","2026-10-07","","","",""
"","3295","TC-CL-04: Call Now assistance lead submits successfully on LPG Trucks","CategoryPages - CategoryListing [lpg] [en] — LPG Trucks","2026-10-07","passed","2026-10-07","","","",""
"","3518","TC-BUSVAR-01: Check Offers lead submits successfully on Tata Starbus Staff Contract 40+D LP 909/52 CNG","AllLeadForm - BusVariant [starbus40dLp909] [en] — Tata Starbus Staff Contract 40+D LP 909/52 CNG","2026-10-07","passed","2026-10-07","","","",""
"","1586","TC-CB-02: Check Truck Price lead form shows required validation when submitted empty on Ashok Leyland Mini Trucks","AllLeadForm - CategoryBrand [miniTruckAshokLeyland] [en] — Ashok Leyland Mini Trucks","2026-10-07","passed","2026-10-07","","","",""
"","1852","TC-CL-02: Check Truck Price lead form shows required validation when submitted empty on 16 Wheeler","CategoryPages - CategoryListing [sixteenWheeler] [en] — 16 Wheeler","2026-10-07","passed","2026-10-07","","","",""
"","17188","TC-VHR-02: Contact Seller lead submits successfully on Vehicle Report","AllLeadForm - VehicleReport [en]","2026-10-07","failed","2026-10-07","","","",""
"","2745","TC-CB-03: Check Truck Price lead form rejects mobile that is not 10 digits on Ashok Leyland Pickups","AllLeadForm - CategoryBrand [pickupAshokLeyland] [en] — Ashok Leyland Pickups","2026-10-07","passed","2026-10-07","","","",""
"","3282","TC-BUS-01: lead submits successfully on Eicher Buses","AllLeadForm - BusListing [eicherBuses] [en] — Eicher Buses","2026-10-07","passed","2026-10-07","","","",""
"**Test Case ID:** TC-NLP-06
**Title:** Check Offers lead form shows required validation when submitted empty on Find New Trucks
**Language:** en

**Description:**
Open the Find New Trucks listing page, open Check Offers, and submit with name, mobile and city all left empty.

**Expected Result:**
The real, page-shown validation messages for name, mobile and location are displayed, and no lead is submitted.

**Steps:**
1. Open the Find New Trucks listing page
2. Click Check Offers to open its lead form
3. Leave name, mobile and city empty and submit
4. Verify all three required-field validation messages are shown","3294","TC-NLP-06: Check Offers lead form shows required validation when submitted empty on Find New Trucks","ListingPages - NewListingPages [newTrucks] [en] — Find New Trucks","2026-10-07","passed","2026-10-07","","","",""
"","1728","TC-CL-03: Check Truck Price lead form rejects mobile that is not 10 digits on ICV","CategoryPages - CategoryListing [icv] [en] — ICV","2026-10-07","passed","2026-10-07","","","",""
"","3958","TC-BBG-04: Call Now assistance lead submits successfully on Eicher Trucks Above 40 Lakh","AllLeadForm - BrandBudget [eicherAbove40Lakh] [en] — Eicher Trucks Above 40 Lakh","2026-10-07","passed","2026-10-07","","","",""
"","542","TC-SCB-03: Talk To Dealer lead form rejects mobile that is not 10 digits on Mahindra Service Centers","AllLeadForm - ServiceCenterBrand [mahindra] [en] — Mahindra Service Centers","2026-10-07","broken","2026-10-07","","","",""
"","1816","TC-BGT-02: Check Truck Price lead form shows required validation when submitted empty on Trucks Under 20 Lakh","AllLeadForm - Budget [under20Lakh] [en] — Trucks Under 20 Lakh","2026-10-07","passed","2026-10-07","","","",""
"","654","TC-DLC-02: Talk To Dealer lead form shows required validation when submitted empty on Truck Dealers in Ahmedabad, Gujarat","AllLeadForm - DealerCity [ahmedabad] [en] — Truck Dealers in Ahmedabad, Gujarat","2026-10-07","broken","2026-10-07","","","",""
"","3658","TC-CB-04: Call Now assistance lead submits successfully on Eicher 4 Wheeler Trucks","AllLeadForm - CategoryBrand [fourWheelerEicher] [en] — Eicher 4 Wheeler Trucks","2026-10-07","passed","2026-10-07","","","",""
"","648","TC-SCB-03: Talk To Dealer lead form rejects mobile that is not 10 digits on Tata Service Centers","AllLeadForm - ServiceCenterBrand [tata] [en] — Tata Service Centers","2026-10-07","broken","2026-10-07","","","",""
"","47771","TC-ESC-04: Call Now assistance lead submits successfully on Electric E Rickshaw","AllLeadForm - ElectricSubCategory [eRickshaw] [en] — Electric E Rickshaw","2026-10-07","failed","2026-10-07","","","",""
"","2956","TC-ECV-06: Check Offers lead form rejects mobile that is not 10 digits","AllLeadForm - Homepage ElectricCommercialVehicles [en]","2026-10-07","passed","2026-10-07","","","",""
"**Test Case ID:** TC-NLP-02
**Title:** Check Truck Price lead submits successfully on BS6 Trucks
**Language:** en

**Description:**
Open the BS6 Trucks listing page, click Check Truck Price to open its lead form, fill name, mobile and city, and submit.

**Expected Result:**
A Thank You confirmation is shown after a successful lead submission. The submitted name is tagged with a page/CTA identifier for CRM traceability.

**Steps:**
1. Open the BS6 Trucks listing page
2. Click Check Truck Price to open its lead form
3. Fill name, mobile and city
4. Submit and verify the confirmation","3298","TC-NLP-02: Check Truck Price lead submits successfully on BS6 Trucks","ListingPages - NewListingPages [bs6Trucks] [en] — BS6 Trucks","2026-10-07","passed","2026-10-07","","","",""
"","2087","TC-CL-03: Check Truck Price lead form rejects mobile that is not 10 digits on 6 Wheeler","CategoryPages - CategoryListing [sixWheeler] [en] — 6 Wheeler","2026-10-07","passed","2026-10-07","","","",""
"","5700","TC-EV-01: Check Truck Price lead submits successfully on Electric Commercial Vehicles","AllLeadForm - ElectricVehicle [en] — Electric Commercial Vehicles","2026-10-07","passed","2026-10-07","","","",""
"","2356","TC-VHR-03: Check Vehicle Report lead requests OTP successfully on Vehicle Report","AllLeadForm - VehicleReport [en]","2026-10-07","passed","2026-10-07","","","",""
"","2293","TC-BBG-03: Check Truck Price lead form rejects mobile that is not 10 digits on Eicher Trucks Above 40 Lakh","AllLeadForm - BrandBudget [eicherAbove40Lakh] [en] — Eicher Trucks Above 40 Lakh","2026-10-07","passed","2026-10-07","","","",""
"","4573","TC-BBG-04: Call Now assistance lead submits successfully on Eicher Trucks Under 20 Lakh","AllLeadForm - BrandBudget [eicherUnder20Lakh] [en] — Eicher Trucks Under 20 Lakh","2026-10-07","passed","2026-10-07","","","",""
"","1931","TC-BUS-03: lead form rejects mobile that is not 10 digits on Ashok Leyland Buses","AllLeadForm - BusListing [ashokLeylandBuses] [en] — Ashok Leyland Buses","2026-10-07","passed","2026-10-07","","","",""
"","596","TC-DLB-03: Talk To Dealer lead form rejects mobile that is not 10 digits on Atul 3 Wheeler Dealers","AllLeadForm - DealerBrand [atul] [en] — Atul 3 Wheeler Dealers","2026-10-07","broken","2026-10-07","","","",""
"","1229","TC-BUSVAR-02: Check Offers lead form shows required validation when submitted empty on Tata Starbus Staff Contract 40+D LP 909/52 CNG","AllLeadForm - BusVariant [starbus40dLp909] [en] — Tata Starbus Staff Contract 40+D LP 909/52 CNG","2026-10-07","passed","2026-10-07","","","",""
"","445","TC-NLP-03: Contact Seller lead submits successfully on Latest Trucks","ListingPages - NewListingPages [latestTrucks] [en] — Latest Trucks","2026-10-07","skipped","2026-10-07","","","",""
"","3954","TC-TIY-20: Check Offers lead form shows required validation when submitted empty","AllLeadForm - Homepage TruckInIndia [en]","2026-10-07","passed","2026-10-07","","","",""
"","3177","TC-PDPI-03: Get On Road Price lead form rejects mobile that is not 10 digits on Tata Yodha 2.0 Price in Gurgaon","PDP - NewTruckInternalPages [yodhaPriceGurgaon] [en] — Tata Yodha 2.0 Price in Gurgaon","2026-10-07","passed","2026-10-07","","","",""
"","1850","TC-CB-02: Check Truck Price lead form shows required validation when submitted empty on Eicher 4 Wheeler Trucks","AllLeadForm - CategoryBrand [fourWheelerEicher] [en] — Eicher 4 Wheeler Trucks","2026-10-07","passed","2026-10-07","","","",""
"","1238","TC-CVP-03: Check Offers lead form shows required validation when submitted empty on CV Permit","AllLeadForm - CvPermit [en]","2026-10-07","passed","2026-10-07","","","",""
"","2143","TC-TSR-03: Check Truck Price lead form rejects mobile that is not 10 digits on Ashok Leyland Dost","CategoryPages - CategoryListing [ashokLeylandDost] [en] — Ashok Leyland Dost","2026-10-07","passed","2026-10-07","","","",""
"","7514","TC-BBG-01: Check Truck Price lead submits successfully on Ashok Leyland Trucks Under 15 Lakh","AllLeadForm - BrandBudget [ashokLeylandUnder15Lakh] [en] — Ashok Leyland Trucks Under 15 Lakh","2026-10-07","passed","2026-10-07","","","",""
"","49023","TC-BGT-04: Call Now assistance lead submits successfully on Trucks Under 30 Lakh","AllLeadForm - Budget [under30Lakh] [en] — Trucks Under 30 Lakh","2026-10-07","failed","2026-10-07","","","",""
"","2128","TC-BUS-02: lead form shows required validation when submitted empty on SML ISUZU Buses","AllLeadForm - BusListing [smlIsuzuBuses] [en] — SML ISUZU Buses","2026-10-07","passed","2026-10-07","","","",""
"","3832","TC-CL-01: Check Truck Price lead submits successfully on LCV","CategoryPages - CategoryListing [lcv] [en] — LCV","2026-10-07","passed","2026-10-07","","","",""
"","2288","TC-BBG-03: Check Truck Price lead form rejects mobile that is not 10 digits on Ashok Leyland Trucks Under 15 Lakh","AllLeadForm - BrandBudget [ashokLeylandUnder15Lakh] [en] — Ashok Leyland Trucks Under 15 Lakh","2026-10-07","passed","2026-10-07","","","",""
"","6341","TC-CL-01: Check Truck Price lead submits successfully on Tippers","CategoryPages - CategoryListing [tippers] [en] — Tippers","2026-10-07","passed","2026-10-07","","","",""
"","1850","TC-CL-02: Check Truck Price lead form shows required validation when submitted empty on Tempo Traveller","CategoryPages - CategoryListing [tempoTraveller] [en] — Tempo Traveller","2026-10-07","passed","2026-10-07","","","",""
"","794","TC-CL-04: Call Now assistance lead submits successfully on Auto Rickshaw","CategoryPages - CategoryListing [autoRickshaw] [en] — Auto Rickshaw","2026-10-07","skipped","2026-10-07","","","",""
"","1543","TC-CL-02: Check Truck Price lead form shows required validation when submitted empty on SCV","CategoryPages - CategoryListing [scv] [en] — SCV","2026-10-07","passed","2026-10-07","","","",""
"","2321","TC-CB-03: Check Truck Price lead form rejects mobile that is not 10 digits on Eicher 4 Wheeler Trucks","AllLeadForm - CategoryBrand [fourWheelerEicher] [en] — Eicher 4 Wheeler Trucks","2026-10-07","passed","2026-10-07","","","",""
"","2238","TC-CL-03: Check Truck Price lead form rejects mobile that is not 10 digits on 16 Wheeler","CategoryPages - CategoryListing [sixteenWheeler] [en] — 16 Wheeler","2026-10-07","passed","2026-10-07","","","",""
"","3366","TC-CB-01: Check Truck Price lead submits successfully on Ashok Leyland 6 Wheeler Trucks","AllLeadForm - CategoryBrand [sixWheelerAshokLeyland] [en] — Ashok Leyland 6 Wheeler Trucks","2026-10-07","passed","2026-10-07","","","",""
"","3354","TC-TBR-03: Check Truck Price lead form rejects mobile that is not 10 digits on Eicher Trucks","CategoryPages - CategoryListing [eicherBrand] [en] — Eicher Trucks","2026-10-07","passed","2026-10-07","","","",""
"","3399","TC-CB-01: Check Truck Price lead submits successfully on Ashok Leyland Tractor Trailers","AllLeadForm - CategoryBrand [tractorAshokLeyland] [en] — Ashok Leyland Tractor Trailers","2026-10-07","passed","2026-10-07","","","",""
"","19944","TC-UTPDP-04: Check Offers lead submits successfully on Used Truck Detail","AllLeadForm - UsedTruckPdp [en]","2026-10-07","failed","2026-10-07","","","",""
"","1954","TC-CL-03: Check Truck Price lead form rejects mobile that is not 10 digits on LCV","CategoryPages - CategoryListing [lcv] [en] — LCV","2026-10-07","passed","2026-10-07","","","",""
"","2056","TC-CB-03: Check Truck Price lead form rejects mobile that is not 10 digits on Atul 3 Wheeler","AllLeadForm - CategoryBrand [threeWheelerAtul] [en] — Atul 3 Wheeler","2026-10-07","passed","2026-10-07","","","",""
"**Test Case ID:** TC-NLP-02
**Title:** Check Truck Price lead submits successfully on Popular Truck
**Language:** en

**Description:**
Open the Popular Truck listing page, click Check Truck Price to open its lead form, fill name, mobile and city, and submit.

**Expected Result:**
A Thank You confirmation is shown after a successful lead submission. The submitted name is tagged with a page/CTA identifier for CRM traceability.

**Steps:**
1. Open the Popular Truck listing page
2. Click Check Truck Price to open its lead form
3. Fill name, mobile and city
4. Submit and verify the confirmation","4446","TC-NLP-02: Check Truck Price lead submits successfully on Popular Truck","ListingPages - NewListingPages [popularTrucks] [en] — Popular Truck","2026-10-07","passed","2026-10-07","","","",""
"","1670","TC-CL-02: Check Truck Price lead form shows required validation when submitted empty on 12 Wheeler","CategoryPages - CategoryListing [twelveWheeler] [en] — 12 Wheeler","2026-10-07","passed","2026-10-07","","","",""
"","2289","TC-CL-03: Check Truck Price lead form rejects mobile that is not 10 digits on Transit Mixer","CategoryPages - CategoryListing [transitMixer] [en] — Transit Mixer","2026-10-07","passed","2026-10-07","","","",""
"","1298","TC-NLP-01: Check Offers lead submits successfully on Popular Truck","ListingPages - NewListingPages [popularTrucks] [en] — Popular Truck","2026-10-07","skipped","2026-10-07","","","",""
"","3478","TC-PL-03: Check Truck Price lead form rejects mobile that is not 10 digits on 2.5 ton - 5 ton Trucks","CategoryPages - CategoryListing [ton2_5to5] [en] — 2.5 ton - 5 ton Trucks","2026-10-07","passed","2026-10-07","","","",""
"","572","TC-CL-04: Call Now assistance lead submits successfully on 8 Wheeler","CategoryPages - CategoryListing [eightWheeler] [en] — 8 Wheeler","2026-10-07","skipped","2026-10-07","","","",""
"","1955","TC-CB-03: Check Truck Price lead form rejects mobile that is not 10 digits on Allfine E Rickshaw","AllLeadForm - CategoryBrand [eRickshawAllfine] [en] — Allfine E Rickshaw","2026-10-07","passed","2026-10-07","","","",""
"","1702","TC-CL-02: Check Truck Price lead form shows required validation when submitted empty on 10 Wheeler","CategoryPages - CategoryListing [tenWheeler] [en] — 10 Wheeler","2026-10-07","passed","2026-10-07","","","",""
"","521","TC-DLC-01: Talk To Dealer lead submits successfully on Truck Dealers in Jaipur, Rajasthan","AllLeadForm - DealerCity [jaipur] [en] — Truck Dealers in Jaipur, Rajasthan","2026-10-07","broken","2026-10-07","","","",""
"","1990","TC-CL-03: Check Truck Price lead form rejects mobile that is not 10 digits on 10 Wheeler","CategoryPages - CategoryListing [tenWheeler] [en] — 10 Wheeler","2026-10-07","passed","2026-10-07","","","",""
"","2105","TC-CB-03: Check Truck Price lead form rejects mobile that is not 10 digits on Ashok Leyland Transit Mixers","AllLeadForm - CategoryBrand [transitMixerAshokLeyland] [en] — Ashok Leyland Transit Mixers","2026-10-07","passed","2026-10-07","","","",""
"","409","TC-DLC-03: Talk To Dealer lead form rejects mobile that is not 10 digits on Truck Dealers in Jaipur, Rajasthan","AllLeadForm - DealerCity [jaipur] [en] — Truck Dealers in Jaipur, Rajasthan","2026-10-07","broken","2026-10-07","","","",""
"","2260","TC-CL-03: Check Truck Price lead form rejects mobile that is not 10 digits on Petrol Trucks","CategoryPages - CategoryListing [petrol] [en] — Petrol Trucks","2026-10-07","passed","2026-10-07","","","",""
"","2223","TC-ESC-03: Check Truck Price lead form rejects mobile that is not 10 digits on Electric 3 Wheeler","AllLeadForm - ElectricSubCategory [threeWheeler] [en] — Electric 3 Wheeler","2026-10-07","passed","2026-10-07","","","",""
"","787","TC-SCB-03: Talk To Dealer lead form rejects mobile that is not 10 digits on Ashok Leyland Service Centers","AllLeadForm - ServiceCenterBrand [ashokLeyland] [en] — Ashok Leyland Service Centers","2026-10-07","broken","2026-10-07","","","",""
"","3911","TC-PL-04: Call Now assistance lead submits successfully on Under 1 Ton Trucks","CategoryPages - CategoryListing [under1Ton] [en] — Under 1 Ton Trucks","2026-10-07","passed","2026-10-07","","","",""
"","4978","TC-BGT-04: Call Now assistance lead submits successfully on Trucks Under 10 Lakh","AllLeadForm - Budget [under10Lakh] [en] — Trucks Under 10 Lakh","2026-10-07","passed","2026-10-07","","","",""
"","514","TC-CL-04: Call Now assistance lead submits successfully on 4 Wheeler","CategoryPages - CategoryListing [fourWheeler] [en] — 4 Wheeler","2026-10-07","skipped","2026-10-07","","","",""
"","3619","TC-CL-02: Check Truck Price lead form shows required validation when submitted empty on 3 Wheeler","CategoryPages - CategoryListing [threeWheeler] [en] — 3 Wheeler","2026-10-07","passed","2026-10-07","","","",""
"","1658","TC-BUS-02: lead form shows required validation when submitted empty on Popular Buses","AllLeadForm - BusListing [popularBuses] [en] — Popular Buses","2026-10-07","passed","2026-10-07","","","",""
"**Test Case ID:** TC-NLP-05
**Title:** Call Now lead submits successfully on Upcoming Trucks
**Language:** en

**Description:**
Open the Upcoming Trucks listing page, click Call Now to open its lead form, fill name, mobile and city, and submit.

**Expected Result:**
The assistance lead form closes after a successful submission (verified via the real submit network call). The submitted name is tagged with a page/CTA identifier for CRM traceability.

**Steps:**
1. Open the Upcoming Trucks listing page
2. Click Call Now to open its lead form
3. Fill name, mobile and city
4. Submit and verify the confirmation","4351","TC-NLP-05: Call Now lead submits successfully on Upcoming Trucks","ListingPages - NewListingPages [upcomingTrucks] [en] — Upcoming Trucks","2026-10-07","passed","2026-10-07","","","",""
"","2017","TC-BBG-02: Check Truck Price lead form shows required validation when submitted empty on Eicher Trucks Under 20 Lakh","AllLeadForm - BrandBudget [eicherUnder20Lakh] [en] — Eicher Trucks Under 20 Lakh","2026-10-07","passed","2026-10-07","","","",""
"","3320","TC-CB-04: Call Now assistance lead submits successfully on Ashok Leyland Transit Mixers","AllLeadForm - CategoryBrand [transitMixerAshokLeyland] [en] — Ashok Leyland Transit Mixers","2026-10-07","passed","2026-10-07","","","",""
"","3744","TC-CB-01: Check Truck Price lead submits successfully on Allfine E Rickshaw","AllLeadForm - CategoryBrand [eRickshawAllfine] [en] — Allfine E Rickshaw","2026-10-07","passed","2026-10-07","","","",""
"","3515","TC-CL-01: Check Truck Price lead submits successfully on 14 Wheeler","CategoryPages - CategoryListing [fourteenWheeler] [en] — 14 Wheeler","2026-10-07","passed","2026-10-07","","","",""
"","4636","TC-TIY-18: Latest Check Offers submits lead and shows Thank You modal","AllLeadForm - Homepage TruckInIndia [en]","2026-10-07","passed","2026-10-07","","","",""
"","3477","TC-CL-01: Check Truck Price lead submits successfully on 18 Wheeler","CategoryPages - CategoryListing [eighteenWheeler] [en] — 18 Wheeler","2026-10-07","passed","2026-10-07","","","",""
"","23030","TC-TMO-01: Check Offers lead submits successfully on every tab of Select Your Truck","AllLeadForm - TabbedModelOffers [selectYourTruck] [en] — Select Your Truck","2026-10-07","failed","2026-10-07","","","",""
"","1662","TC-BUS-02: lead form shows required validation when submitted empty on Ashok Leyland Buses","AllLeadForm - BusListing [ashokLeylandBuses] [en] — Ashok Leyland Buses","2026-10-07","passed","2026-10-07","","","",""
"","561","TC-CL-04: Call Now assistance lead submits successfully on 16 Wheeler","CategoryPages - CategoryListing [sixteenWheeler] [en] — 16 Wheeler","2026-10-07","skipped","2026-10-07","","","",""
"","2264","TC-CL-03: Check Truck Price lead form rejects mobile that is not 10 digits on 22 Wheeler","CategoryPages - CategoryListing [twentyTwoWheeler] [en] — 22 Wheeler","2026-10-07","passed","2026-10-07","","","",""
"","1783","TC-CL-02: Check Truck Price lead form shows required validation when submitted empty on Petrol Trucks","CategoryPages - CategoryListing [petrol] [en] — Petrol Trucks","2026-10-07","passed","2026-10-07","","","",""
"","2877","TC-PDPI-03: Download Brochure lead form rejects mobile that is not 10 digits on Tata Yodha 2.0 Brochure","PDP - NewTruckInternalPages [yodhaBrochure] [en] — Tata Yodha 2.0 Brochure","2026-10-07","passed","2026-10-07","","","",""
"","47893","TC-PL-04: Call Now assistance lead submits successfully on 2.5 ton - 5 ton Trucks","CategoryPages - CategoryListing [ton2_5to5] [en] — 2.5 ton - 5 ton Trucks","2026-10-07","failed","2026-10-07","","","",""
"","8751","TC-NTPDP-01: Get Offers lead opens on launch for Tata Yodha 2.0","AllLeadForm - NewTruckPdp [mostPopular] [en] — Tata Yodha 2.0","2026-10-07","passed","2026-10-07","","","",""
"","3171","TC-BR-03: Download Brochure lead submits successfully from the ""Upcoming"" tab on Brochure","AllLeadForm - Brochure [en]","2026-10-07","passed","2026-10-07","","","",""
"","1024","TC-TBR-04: Call Now assistance lead submits successfully on Mahindra Trucks","CategoryPages - CategoryListing [mahindraBrand] [en] — Mahindra Trucks","2026-10-07","skipped","2026-10-07","","","",""
"","2133","TC-PL-03: Check Truck Price lead form rejects mobile that is not 10 digits on 10 ton - 20 ton Trucks","CategoryPages - CategoryListing [ton10to20] [en] — 10 ton - 20 ton Trucks","2026-10-07","passed","2026-10-07","","","",""
"","1718","TC-BGT-02: Check Truck Price lead form shows required validation when submitted empty on Trucks Under 15 Lakh","AllLeadForm - Budget [under15Lakh] [en] — Trucks Under 15 Lakh","2026-10-07","passed","2026-10-07","","","",""
"","3388","TC-BUS-01: lead submits successfully on Ashok Leyland Buses","AllLeadForm - BusListing [ashokLeylandBuses] [en] — Ashok Leyland Buses","2026-10-07","passed","2026-10-07","","","",""
"","10184","TC-LMC-03: one Check Offers lead from threeWheelers tab submits successfully","AllLeadForm - Homepage LatestModelsByCategory [en]","2026-10-07","passed","2026-10-07","","","",""
"","2119","TC-CB-03: Check Truck Price lead form rejects mobile that is not 10 digits on BharatBenz 6 Wheeler Trucks","AllLeadForm - CategoryBrand [sixWheelerBharatBenz] [en] — BharatBenz 6 Wheeler Trucks","2026-10-07","passed","2026-10-07","","","",""
"","3232","TC-CB-01: Check Truck Price lead submits successfully on Ashok Leyland Mini Trucks","AllLeadForm - CategoryBrand [miniTruckAshokLeyland] [en] — Ashok Leyland Mini Trucks","2026-10-07","passed","2026-10-07","","","",""
"","9401","TC-PDPI-01: Get On Road Price lead submits successfully on Tata Yodha 2.0 Price in Gurgaon","PDP - NewTruckInternalPages [yodhaPriceGurgaon] [en] — Tata Yodha 2.0 Price in Gurgaon","2026-10-07","passed","2026-10-07","","","",""
"","3226","TC-CB-04: Call Now assistance lead submits successfully on Ashok Leyland Tractor Trailers","AllLeadForm - CategoryBrand [tractorAshokLeyland] [en] — Ashok Leyland Tractor Trailers","2026-10-07","passed","2026-10-07","","","",""
"","1762","TC-BUS-02: lead form shows required validation when submitted empty on Upcoming Buses","AllLeadForm - BusListing [upcomingBuses] [en] — Upcoming Buses","2026-10-07","passed","2026-10-07","","","",""
"","2277","TC-BBG-03: Check Truck Price lead form rejects mobile that is not 10 digits on Ashok Leyland Trucks Above 40 Lakh","AllLeadForm - BrandBudget [ashokLeylandAbove40Lakh] [en] — Ashok Leyland Trucks Above 40 Lakh","2026-10-07","passed","2026-10-07","","","",""
"","5781","TC-CL-01: Check Truck Price lead submits successfully on 3 Wheeler","CategoryPages - CategoryListing [threeWheeler] [en] — 3 Wheeler","2026-10-07","passed","2026-10-07","","","",""
"","3448","TC-PL-01: Check Truck Price lead submits successfully on 2.5 ton - 5 ton Trucks","CategoryPages - CategoryListing [ton2_5to5] [en] — 2.5 ton - 5 ton Trucks","2026-10-07","passed","2026-10-07","","","",""
"","2193","TC-CL-03: Check Truck Price lead form rejects mobile that is not 10 digits on 4 Wheeler","CategoryPages - CategoryListing [fourWheeler] [en] — 4 Wheeler","2026-10-07","passed","2026-10-07","","","",""
"","3250","TC-CB-01: Check Truck Price lead submits successfully on Eicher Mini Trucks","AllLeadForm - CategoryBrand [miniTruckEicher] [en] — Eicher Mini Trucks","2026-10-07","passed","2026-10-07","","","",""
"","672","TC-SCB-01: Talk To Dealer lead submits successfully on Tata Service Centers","AllLeadForm - ServiceCenterBrand [tata] [en] — Tata Service Centers","2026-10-07","broken","2026-10-07","","","",""
"","2424","TC-BUS-03: lead form rejects mobile that is not 10 digits on Upcoming Buses","AllLeadForm - BusListing [upcomingBuses] [en] — Upcoming Buses","2026-10-07","passed","2026-10-07","","","",""
"","1586","TC-PL-02: Check Truck Price lead form shows required validation when submitted empty on 5 ton - 10 ton Trucks","CategoryPages - CategoryListing [ton5to10] [en] — 5 ton - 10 ton Trucks","2026-10-07","passed","2026-10-07","","","",""
"","3121","TC-PL-04: Call Now assistance lead submits successfully on 1 ton - 2.5 ton Trucks","CategoryPages - CategoryListing [ton1to2_5] [en] — 1 ton - 2.5 ton Trucks","2026-10-07","passed","2026-10-07","","","",""
"","3903","TC-BGT-04: Call Now assistance lead submits successfully on Trucks Under 20 Lakh","AllLeadForm - Budget [under20Lakh] [en] — Trucks Under 20 Lakh","2026-10-07","passed","2026-10-07","","","",""
"","3637","TC-CL-01: Check Truck Price lead submits successfully on CNG Trucks","CategoryPages - CategoryListing [cng] [en] — CNG Trucks","2026-10-07","passed","2026-10-07","","","",""
"","2021","TC-ESC-02: Check Truck Price lead form shows required validation when submitted empty on Electric 3 Wheeler","AllLeadForm - ElectricSubCategory [threeWheeler] [en] — Electric 3 Wheeler","2026-10-07","passed","2026-10-07","","","",""
"","2031","TC-BGT-02: Check Truck Price lead form shows required validation when submitted empty on Trucks Above 40 Lakh","AllLeadForm - Budget [above40Lakh] [en] — Trucks Above 40 Lakh","2026-10-07","passed","2026-10-07","","","",""
"","3090","TC-BDM-01: Talk To Dealer lead submits successfully on Body Makers","AllLeadForm - BodyMakers [en] — Body Makers","2026-10-07","passed","2026-10-07","","","",""
"","2078","TC-BGT-03: Check Truck Price lead form rejects mobile that is not 10 digits on Trucks Under 20 Lakh","AllLeadForm - Budget [under20Lakh] [en] — Trucks Under 20 Lakh","2026-10-07","passed","2026-10-07","","","",""
"","1932","TC-BUS-03: lead form rejects mobile that is not 10 digits on New Buses","AllLeadForm - BusListing [newBuses] [en] — New Buses","2026-10-07","passed","2026-10-07","","","",""
"","536","TC-DBC-03: Talk To Dealer lead form rejects mobile that is not 10 digits on Tata Truck Dealers in Ahmedabad, Gujarat","AllLeadForm - DealerBrandCity [tataAhmedabad] [en] — Tata Truck Dealers in Ahmedabad, Gujarat","2026-10-07","broken","2026-10-07","","","",""
"","3834","TC-BBG-04: Call Now assistance lead submits successfully on Ashok Leyland Trucks Under 30 Lakh","AllLeadForm - BrandBudget [ashokLeylandUnder30Lakh] [en] — Ashok Leyland Trucks Under 30 Lakh","2026-10-07","passed","2026-10-07","","","",""
"","1963","TC-CL-02: Check Truck Price lead form shows required validation when submitted empty on 8 Wheeler","CategoryPages - CategoryListing [eightWheeler] [en] — 8 Wheeler","2026-10-07","passed","2026-10-07","","","",""
"","535","TC-DBC-03: Talk To Dealer lead form rejects mobile that is not 10 digits on Tata Truck Dealers in Pune, Maharashtra","AllLeadForm - DealerBrandCity [tataPune] [en] — Tata Truck Dealers in Pune, Maharashtra","2026-10-07","broken","2026-10-07","","","",""
"**Test Case ID:** TC-NLP-02
**Title:** Check Truck Price lead submits successfully on Latest Trucks
**Language:** en

**Description:**
Open the Latest Trucks listing page, click Check Truck Price to open its lead form, fill name, mobile and city, and submit.

**Expected Result:**
A Thank You confirmation is shown after a successful lead submission. The submitted name is tagged with a page/CTA identifier for CRM traceability.

**Steps:**
1. Open the Latest Trucks listing page
2. Click Check Truck Price to open its lead form
3. Fill name, mobile and city
4. Submit and verify the confirmation","15842","TC-NLP-02: Check Truck Price lead submits successfully on Latest Trucks","ListingPages - NewListingPages [latestTrucks] [en] — Latest Trucks","2026-10-07","failed","2026-10-07","","","",""
"","4957","TC-TBR-01: Check Truck Price lead submits successfully on Ashok Leyland Trucks","CategoryPages - CategoryListing [ashokLeylandBrand] [en] — Ashok Leyland Trucks","2026-10-07","passed","2026-10-07","","","",""
"","2713","TC-BUS-03: lead form rejects mobile that is not 10 digits on SML ISUZU Buses","AllLeadForm - BusListing [smlIsuzuBuses] [en] — SML ISUZU Buses","2026-10-07","passed","2026-10-07","","","",""
"","2173","TC-CL-03: Check Truck Price lead form rejects mobile that is not 10 digits on Auto Rickshaw","CategoryPages - CategoryListing [autoRickshaw] [en] — Auto Rickshaw","2026-10-07","passed","2026-10-07","","","",""
"","4900","TC-TBR-03: Check Truck Price lead form rejects mobile that is not 10 digits on Tata Trucks","CategoryPages - CategoryListing [tataBrand] [en] — Tata Trucks","2026-10-07","passed","2026-10-07","","","",""
"","3227","TC-BUS-01: lead submits successfully on SML ISUZU Buses","AllLeadForm - BusListing [smlIsuzuBuses] [en] — SML ISUZU Buses","2026-10-07","passed","2026-10-07","","","",""
"","1502","TC-ESC-02: Check Truck Price lead form shows required validation when submitted empty on Electric Mini Truck","AllLeadForm - ElectricSubCategory [miniTruck] [en] — Electric Mini Truck","2026-10-07","passed","2026-10-07","","","",""
"","3253","TC-PL-01: Check Truck Price lead submits successfully on 20 ton - 40 ton Trucks","CategoryPages - CategoryListing [ton20to40] [en] — 20 ton - 40 ton Trucks","2026-10-07","passed","2026-10-07","","","",""
"","515","TC-DBC-01: Talk To Dealer lead submits successfully on Tata Truck Dealers in Ahmedabad, Gujarat","AllLeadForm - DealerBrandCity [tataAhmedabad] [en] — Tata Truck Dealers in Ahmedabad, Gujarat","2026-10-07","broken","2026-10-07","","","",""
"","1626","TC-CB-02: Check Truck Price lead form shows required validation when submitted empty on Altigreen Auto Rickshaw","AllLeadForm - CategoryBrand [autoRickshawAltigreen] [en] — Altigreen Auto Rickshaw","2026-10-07","passed","2026-10-07","","","",""
"","1946","TC-CL-03: Check Truck Price lead form rejects mobile that is not 10 digits on Bi Fuel Trucks","CategoryPages - CategoryListing [biFuel] [en] — Bi Fuel Trucks","2026-10-07","passed","2026-10-07","","","",""
"","2020","TC-CL-03: Check Truck Price lead form rejects mobile that is not 10 digits on HCV","CategoryPages - CategoryListing [hcv] [en] — HCV","2026-10-07","passed","2026-10-07","","","",""
"","3088","TC-CL-01: Check Truck Price lead submits successfully on ICV","CategoryPages - CategoryListing [icv] [en] — ICV","2026-10-07","passed","2026-10-07","","","",""
"","2611","TC-BGT-03: Check Truck Price lead form rejects mobile that is not 10 digits on Trucks Under 10 Lakh","AllLeadForm - Budget [under10Lakh] [en] — Trucks Under 10 Lakh","2026-10-07","passed","2026-10-07","","","",""
"","500","TC-NLP-02: Check Truck Price lead submits successfully on Upcoming Trucks","ListingPages - NewListingPages [upcomingTrucks] [en] — Upcoming Trucks","2026-10-07","skipped","2026-10-07","","","",""
"","1965","TC-CL-03: Check Truck Price lead form rejects mobile that is not 10 digits on Hydrogen Trucks","CategoryPages - CategoryListing [hydrogen] [en] — Hydrogen Trucks","2026-10-07","passed","2026-10-07","","","",""
"","3327","TC-TBR-02: Check Truck Price lead form shows required validation when submitted empty on Eicher Trucks","CategoryPages - CategoryListing [eicherBrand] [en] — Eicher Trucks","2026-10-07","passed","2026-10-07","","","",""
"","3735","TC-CB-04: Call Now assistance lead submits successfully on Ashok Leyland Tippers","AllLeadForm - CategoryBrand [tippersAshokLeyland] [en] — Ashok Leyland Tippers","2026-10-07","passed","2026-10-07","","","",""
"","3821","TC-BUS-01: lead submits successfully on Latest Buses","AllLeadForm - BusListing [latestBuses] [en] — Latest Buses","2026-10-07","passed","2026-10-07","","","",""
"","1961","TC-BGT-03: Check Truck Price lead form rejects mobile that is not 10 digits on Trucks Under 40 Lakh","AllLeadForm - Budget [under40Lakh] [en] — Trucks Under 40 Lakh","2026-10-07","passed","2026-10-07","","","",""
"","1968","TC-CUS-03: Submit Request form rejects mobile that is not 10 digits on Contact Us","AllLeadForm - ContactUs [en] — Contact Us","2026-10-07","passed","2026-10-07","","","",""
"","3582","TC-CL-03: Check Truck Price lead form rejects mobile that is not 10 digits on 3 Wheeler","CategoryPages - CategoryListing [threeWheeler] [en] — 3 Wheeler","2026-10-07","passed","2026-10-07","","","",""
"","4338","TC-CB-04: Call Now assistance lead submits successfully on Ashok Leyland Pickups","AllLeadForm - CategoryBrand [pickupAshokLeyland] [en] — Ashok Leyland Pickups","2026-10-07","passed","2026-10-07","","","",""
"**Test Case ID:** TC-NLP-03
**Title:** Contact Seller lead submits successfully on Best Trucks
**Language:** en

**Description:**
Open the Best Trucks listing page, click Contact Seller to open its lead form, fill name, mobile and city, and submit.

**Expected Result:**
A “Thank You For Contact” confirmation is shown after a successful Contact Seller submission.

**Steps:**
1. Open the Best Trucks listing page
2. Click Contact Seller to open its lead form
3. Fill name, mobile and city
4. Submit and verify the confirmation","4919","TC-NLP-03: Contact Seller lead submits successfully on Best Trucks","ListingPages - NewListingPages [bestTrucks] [en] — Best Trucks","2026-10-07","passed","2026-10-07","","","",""
"","1642","TC-CB-02: Check Truck Price lead form shows required validation when submitted empty on Eicher Mini Trucks","AllLeadForm - CategoryBrand [miniTruckEicher] [en] — Eicher Mini Trucks","2026-10-07","passed","2026-10-07","","","",""
"","3688","TC-CL-01: Check Truck Price lead submits successfully on 6 Wheeler","CategoryPages - CategoryListing [sixWheeler] [en] — 6 Wheeler","2026-10-07","passed","2026-10-07","","","",""
"","4426","TC-ESC-04: Call Now assistance lead submits successfully on Electric 3 Wheeler","AllLeadForm - ElectricSubCategory [threeWheeler] [en] — Electric 3 Wheeler","2026-10-07","passed","2026-10-07","","","",""
"","3975","TC-BGT-04: Call Now assistance lead submits successfully on Trucks Under 5 Lakh","AllLeadForm - Budget [under5Lakh] [en] — Trucks Under 5 Lakh","2026-10-07","passed","2026-10-07","","","",""
"","822","TC-DBC-02: Talk To Dealer lead form shows required validation when submitted empty on Tata Truck Dealers in Ahmedabad, Gujarat","AllLeadForm - DealerBrandCity [tataAhmedabad] [en] — Tata Truck Dealers in Ahmedabad, Gujarat","2026-10-07","broken","2026-10-07","","","",""
"","2551","TC-BBG-03: Check Truck Price lead form rejects mobile that is not 10 digits on Eicher Trucks Under 20 Lakh","AllLeadForm - BrandBudget [eicherUnder20Lakh] [en] — Eicher Trucks Under 20 Lakh","2026-10-07","passed","2026-10-07","","","",""
"","2180","TC-CL-03: Check Truck Price lead form rejects mobile that is not 10 digits on 12 Wheeler","CategoryPages - CategoryListing [twelveWheeler] [en] — 12 Wheeler","2026-10-07","passed","2026-10-07","","","",""
"","2383","TC-CB-03: Check Truck Price lead form rejects mobile that is not 10 digits on Force Tempo Traveller","AllLeadForm - CategoryBrand [tempoTravellerForce] [en] — Force Tempo Traveller","2026-10-07","passed","2026-10-07","","","",""
"","4108","TC-LMC-10: Check Offers lead form shows required validation when submitted empty","AllLeadForm - Homepage LatestModelsByCategory [en]","2026-10-07","passed","2026-10-07","","","",""
"","2234","TC-ESC-03: Check Truck Price lead form rejects mobile that is not 10 digits on Electric Auto Rickshaw","AllLeadForm - ElectricSubCategory [autoRickshaw] [en] — Electric Auto Rickshaw","2026-10-07","passed","2026-10-07","","","",""
"","3167","TC-PDPI-02: Check Offers lead form shows required validation when submitted empty on Tata Yodha 2.0 Videos","PDP - NewTruckInternalPages [yodhaVideos] [en] — Tata Yodha 2.0 Videos","2026-10-07","passed","2026-10-07","","","",""
"","632","TC-TSR-04: Call Now assistance lead submits successfully on Ashok Leyland Boss","CategoryPages - CategoryListing [ashokLeylandBoss] [en] — Ashok Leyland Boss","2026-10-07","skipped","2026-10-07","","","",""
"**Test Case ID:** TC-NLP-07
**Title:** Check Offers lead form rejects mobile that is not 10 digits on BS6 Trucks
**Language:** en

**Description:**
Open the BS6 Trucks listing page, open Check Offers, fill a valid name, an invalid (5-digit) mobile number, and leave city empty, then submit.

**Expected Result:**
The real, page-shown mobile-format and location-required validation messages are displayed, and no lead is submitted.

**Steps:**
1. Open the BS6 Trucks listing page
2. Click Check Offers to open its lead form
3. Fill a valid name and an invalid mobile number
4. Submit with city left empty
5. Verify the mobile-format and location validation messages are shown","3249","TC-NLP-07: Check Offers lead form rejects mobile that is not 10 digits on BS6 Trucks","ListingPages - NewListingPages [bs6Trucks] [en] — BS6 Trucks","2026-10-07","passed","2026-10-07","","","",""
"","1279","TC-BUSPDP-02: Check Offers lead form shows required validation when submitted empty on Tata Starbus Staff Contract","AllLeadForm - BusPdp [starbusStaffContract] [en] — Tata Starbus Staff Contract","2026-10-07","passed","2026-10-07","","","",""
"","2145","TC-TMO-02: Check Offers lead form shows required validation when submitted empty on Offers","AllLeadForm - TabbedModelOffers [offers] [en] — Offers","2026-10-07","passed","2026-10-07","","","",""
"","1981","TC-CL-02: Check Truck Price lead form shows required validation when submitted empty on Mini Trucks","CategoryPages - CategoryListing [miniTrucks] [en] — Mini Trucks","2026-10-07","passed","2026-10-07","","","",""
"","1197","TC-BR-05: Download Brochure lead form shows required validation when submitted empty on Brochure","AllLeadForm - Brochure [en]","2026-10-07","passed","2026-10-07","","","",""
"","2556","TC-BGT-03: Check Truck Price lead form rejects mobile that is not 10 digits on Trucks Under 15 Lakh","AllLeadForm - Budget [under15Lakh] [en] — Trucks Under 15 Lakh","2026-10-07","passed","2026-10-07","","","",""
"","550","TC-SPB-02: Talk To Dealer lead form shows required validation when submitted empty on Mahindra Spare Parts Dealers","AllLeadForm - SparePartsBrand [mahindra] [en] — Mahindra Spare Parts Dealers","2026-10-07","broken","2026-10-07","","","",""
"","2025","TC-UTPDP-03: Contact Seller lead form rejects mobile that is not 10 digits on Used Truck Detail","AllLeadForm - UsedTruckPdp [en]","2026-10-07","passed","2026-10-07","","","",""
"","2087","TC-CB-03: Check Truck Price lead form rejects mobile that is not 10 digits on Ashok Leyland Mini Trucks","AllLeadForm - CategoryBrand [miniTruckAshokLeyland] [en] — Ashok Leyland Mini Trucks","2026-10-07","passed","2026-10-07","","","",""
"","3126","TC-CB-01: Check Truck Price lead submits successfully on Ashok Leyland Pickups","AllLeadForm - CategoryBrand [pickupAshokLeyland] [en] — Ashok Leyland Pickups","2026-10-07","passed","2026-10-07","","","",""
"","5760","TC-PDPI-05: Download Brochure lead submits successfully on Tata Yodha 2.0 Price in Gurgaon","PDP - NewTruckInternalPages [yodhaPriceGurgaon] [en] — Tata Yodha 2.0 Price in Gurgaon","2026-10-07","passed","2026-10-07","","","",""
"","1502","TC-BUSVAR-03: Check Offers lead form rejects mobile that is not 10 digits on Tata Starbus Staff Contract 24+D LP 407/36 CNG","AllLeadForm - BusVariant [starbus24dLp407] [en] — Tata Starbus Staff Contract 24+D LP 407/36 CNG","2026-10-07","passed","2026-10-07","","","",""
"","1520","TC-ESC-02: Check Truck Price lead form shows required validation when submitted empty on Electric Commercial Vehicle Under 1 Lakh","AllLeadForm - ElectricSubCategory [under1Lakh] [en] — Electric Commercial Vehicle Under 1 Lakh","2026-10-07","passed","2026-10-07","","","",""
"","2049","TC-PL-03: Check Truck Price lead form rejects mobile that is not 10 digits on Under 1 Ton Trucks","CategoryPages - CategoryListing [under1Ton] [en] — Under 1 Ton Trucks","2026-10-07","passed","2026-10-07","","","",""
"**Test Case ID:** TC-NLP-02
**Title:** Check Truck Price lead submits successfully on Find New Trucks
**Language:** en

**Description:**
Open the Find New Trucks listing page, click Check Truck Price to open its lead form, fill name, mobile and city, and submit.

**Expected Result:**
A Thank You confirmation is shown after a successful lead submission. The submitted name is tagged with a page/CTA identifier for CRM traceability.

**Steps:**
1. Open the Find New Trucks listing page
2. Click Check Truck Price to open its lead form
3. Fill name, mobile and city
4. Submit and verify the confirmation","3423","TC-NLP-02: Check Truck Price lead submits successfully on Find New Trucks","ListingPages - NewListingPages [newTrucks] [en] — Find New Trucks","2026-10-07","passed","2026-10-07","","","",""
"","2006","TC-ESC-03: Check Truck Price lead form rejects mobile that is not 10 digits on Electric Commercial Vehicle Under 5 Lakh","AllLeadForm - ElectricSubCategory [under5Lakh] [en] — Electric Commercial Vehicle Under 5 Lakh","2026-10-07","passed","2026-10-07","","","",""
"","562","TC-SPB-03: Talk To Dealer lead form rejects mobile that is not 10 digits on Mahindra Spare Parts Dealers","AllLeadForm - SparePartsBrand [mahindra] [en] — Mahindra Spare Parts Dealers","2026-10-07","broken","2026-10-07","","","",""
"","2954","TC-CB-04: Call Now assistance lead submits successfully on Eicher Mini Trucks","AllLeadForm - CategoryBrand [miniTruckEicher] [en] — Eicher Mini Trucks","2026-10-07","passed","2026-10-07","","","",""
"","17557","TC-CL-01: Check Truck Price lead submits successfully on Petrol Trucks","CategoryPages - CategoryListing [petrol] [en] — Petrol Trucks","2026-10-07","failed","2026-10-07","","","",""
"","1883","TC-ECH-04: Check Offers lead form rejects mobile that is not 10 digits on E Challan","AllLeadForm - EChallan [en]","2026-10-07","passed","2026-10-07","","","",""
"","3493","TC-CL-04: Call Now assistance lead submits successfully on LCV","CategoryPages - CategoryListing [lcv] [en] — LCV","2026-10-07","passed","2026-10-07","","","",""
"**Test Case ID:** TC-NLP-04
**Title:** Notify Me lead submits successfully on Upcoming Trucks
**Language:** en

**Description:**
Open the Upcoming Trucks listing page, click Notify Me to open its lead form, fill name, mobile and city, and submit.

**Expected Result:**
A Thank You confirmation is shown after a successful lead submission. The submitted name is tagged with a page/CTA identifier for CRM traceability.

**Steps:**
1. Open the Upcoming Trucks listing page
2. Click Notify Me to open its lead form
3. Fill name, mobile and city
4. Submit and verify the confirmation","3237","TC-NLP-04: Notify Me lead submits successfully on Upcoming Trucks","ListingPages - NewListingPages [upcomingTrucks] [en] — Upcoming Trucks","2026-10-07","passed","2026-10-07","","","",""
"","5937","TC-PDPI-05: Get On Road Price lead submits successfully on Tata Yodha 2.0 Mileage","PDP - NewTruckInternalPages [yodhaMileage] [en] — Tata Yodha 2.0 Mileage","2026-10-07","passed","2026-10-07","","","",""
"","48474","TC-CL-04: Call Now assistance lead submits successfully on LNG Trucks","CategoryPages - CategoryListing [lng] [en] — LNG Trucks","2026-10-07","failed","2026-10-07","","","",""
"","6495","TC-PDPI-01: Check Offers lead submits successfully on Tata Yodha 2.0 Videos","PDP - NewTruckInternalPages [yodhaVideos] [en] — Tata Yodha 2.0 Videos","2026-10-07","passed","2026-10-07","","","",""
"","1535","TC-BUS-02: lead form shows required validation when submitted empty on Latest Buses","AllLeadForm - BusListing [latestBuses] [en] — Latest Buses","2026-10-07","passed","2026-10-07","","","",""
"","2069","TC-CB-03: Check Truck Price lead form rejects mobile that is not 10 digits on Ashok Leyland Tractor Trailers","AllLeadForm - CategoryBrand [tractorAshokLeyland] [en] — Ashok Leyland Tractor Trailers","2026-10-07","passed","2026-10-07","","","",""
"","1700","TC-BGT-02: Check Truck Price lead form shows required validation when submitted empty on Trucks Under 10 Lakh","AllLeadForm - Budget [under10Lakh] [en] — Trucks Under 10 Lakh","2026-10-07","passed","2026-10-07","","","",""
"","1655","TC-CL-02: Check Truck Price lead form shows required validation when submitted empty on CNG Trucks","CategoryPages - CategoryListing [cng] [en] — CNG Trucks","2026-10-07","passed","2026-10-07","","","",""
"","1388","TC-TBR-04: Call Now assistance lead submits successfully on Ashok Leyland Trucks","CategoryPages - CategoryListing [ashokLeylandBrand] [en] — Ashok Leyland Trucks","2026-10-07","skipped","2026-10-07","","","",""
"**Test Case ID:** TC-NLP-06
**Title:** Check Offers lead form shows required validation when submitted empty on Best Trucks
**Language:** en

**Description:**
Open the Best Trucks listing page, open Check Offers, and submit with name, mobile and city all left empty.

**Expected Result:**
The real, page-shown validation messages for name, mobile and location are displayed, and no lead is submitted.

**Steps:**
1. Open the Best Trucks listing page
2. Click Check Offers to open its lead form
3. Leave name, mobile and city empty and submit
4. Verify all three required-field validation messages are shown","2729","TC-NLP-06: Check Offers lead form shows required validation when submitted empty on Best Trucks","ListingPages - NewListingPages [bestTrucks] [en] — Best Trucks","2026-10-07","passed","2026-10-07","","","",""
"","3489","TC-CB-01: Check Truck Price lead submits successfully on BharatBenz 6 Wheeler Trucks","AllLeadForm - CategoryBrand [sixWheelerBharatBenz] [en] — BharatBenz 6 Wheeler Trucks","2026-10-07","passed","2026-10-07","","","",""
"","5230","TC-CVP-01: Check Offers lead submits successfully on CV Permit","AllLeadForm - CvPermit [en]","2026-10-07","passed","2026-10-07","","","",""
"","1893","TC-CB-02: Check Truck Price lead form shows required validation when submitted empty on Force Tempo Traveller","AllLeadForm - CategoryBrand [tempoTravellerForce] [en] — Force Tempo Traveller","2026-10-07","passed","2026-10-07","","","",""
"","2014","TC-PL-03: Check Truck Price lead form rejects mobile that is not 10 digits on 1 ton - 2.5 ton Trucks","CategoryPages - CategoryListing [ton1to2_5] [en] — 1 ton - 2.5 ton Trucks","2026-10-07","passed","2026-10-07","","","",""
"","5624","TC-CT-01: Check Offers lead submits successfully on Compare Trucks","AllLeadForm - CompareTrucks [en]","2026-10-07","passed","2026-10-07","","","",""
"","4254","TC-ESC-01: Check Truck Price lead submits successfully on Electric Mini Truck","AllLeadForm - ElectricSubCategory [miniTruck] [en] — Electric Mini Truck","2026-10-07","passed","2026-10-07","","","",""
"","1086","TC-NLP-04: Notify Me lead submits successfully on Find New Trucks","ListingPages - NewListingPages [newTrucks] [en] — Find New Trucks","2026-10-07","skipped","2026-10-07","","","",""
"","1670","TC-CL-02: Check Truck Price lead form shows required validation when submitted empty on HCV","CategoryPages - CategoryListing [hcv] [en] — HCV","2026-10-07","passed","2026-10-07","","","",""
"","1459","TC-TYR-03: lead form rejects mobile that is not 10 digits on Tyres","AllLeadForm - Tyres [en] — Tyres","2026-10-07","passed","2026-10-07","","","",""
"","2177","TC-TSR-03: Check Truck Price lead form rejects mobile that is not 10 digits on Mahindra Blazo","CategoryPages - CategoryListing [mahindraBlazo] [en] — Mahindra Blazo","2026-10-07","passed","2026-10-07","","","",""
"","3152","TC-CL-04: Call Now assistance lead submits successfully on HCV","CategoryPages - CategoryListing [hcv] [en] — HCV","2026-10-07","passed","2026-10-07","","","",""
"","874","TC-NLP-03: Contact Seller lead submits successfully on BS6 Trucks","ListingPages - NewListingPages [bs6Trucks] [en] — BS6 Trucks","2026-10-07","skipped","2026-10-07","","","",""
"","440","TC-DLC-03: Talk To Dealer lead form rejects mobile that is not 10 digits on Truck Dealers in Pune, Maharashtra","AllLeadForm - DealerCity [pune] [en] — Truck Dealers in Pune, Maharashtra","2026-10-07","broken","2026-10-07","","","",""
"","1891","TC-TSR-03: Check Truck Price lead form rejects mobile that is not 10 digits on Mahindra Bolero","CategoryPages - CategoryListing [mahindraBolero] [en] — Mahindra Bolero","2026-10-07","passed","2026-10-07","","","",""
"","5448","TC-TYR-01: View October Offer lead submits successfully on Tyres","AllLeadForm - Tyres [en] — Tyres","2026-10-07","passed","2026-10-07","","","",""
"**Test Case ID:** TC-NLP-03
**Title:** Contact Seller lead submits successfully on Popular Truck
**Language:** en

**Description:**
Open the Popular Truck listing page, click Contact Seller to open its lead form, fill name, mobile and city, and submit.

**Expected Result:**
A “Thank You For Contact” confirmation is shown after a successful Contact Seller submission.

**Steps:**
1. Open the Popular Truck listing page
2. Click Contact Seller to open its lead form
3. Fill name, mobile and city
4. Submit and verify the confirmation","3939","TC-NLP-03: Contact Seller lead submits successfully on Popular Truck","ListingPages - NewListingPages [popularTrucks] [en] — Popular Truck","2026-10-07","passed","2026-10-07","","","",""
"","3335","TC-PDPI-02: Check Offers lead form shows required validation when submitted empty on Tata Yodha 2.0 Mileage","PDP - NewTruckInternalPages [yodhaMileage] [en] — Tata Yodha 2.0 Mileage","2026-10-07","passed","2026-10-07","","","",""
"","2208","TC-CL-03: Check Truck Price lead form rejects mobile that is not 10 digits on LPG Trucks","CategoryPages - CategoryListing [lpg] [en] — LPG Trucks","2026-10-07","passed","2026-10-07","","","",""
"","3747","TC-PDPI-03: Check Offers lead form rejects mobile that is not 10 digits on Tata Yodha 2.0 Mileage","PDP - NewTruckInternalPages [yodhaMileage] [en] — Tata Yodha 2.0 Mileage","2026-10-07","passed","2026-10-07","","","",""
"","3807","TC-BGT-04: Call Now assistance lead submits successfully on Trucks Under 15 Lakh","AllLeadForm - Budget [under15Lakh] [en] — Trucks Under 15 Lakh","2026-10-07","passed","2026-10-07","","","",""
"","1817","TC-BUS-03: lead form rejects mobile that is not 10 digits on Eicher Buses","AllLeadForm - BusListing [eicherBuses] [en] — Eicher Buses","2026-10-07","passed","2026-10-07","","","",""
"","807","TC-CL-04: Call Now assistance lead submits successfully on 12 Wheeler","CategoryPages - CategoryListing [twelveWheeler] [en] — 12 Wheeler","2026-10-07","skipped","2026-10-07","","","",""
"**Test Case ID:** TC-NLP-01
**Title:** Check Offers lead submits successfully on Upcoming Trucks
**Language:** en

**Description:**
Open the Upcoming Trucks listing page, click Check Offers to open its lead form, fill name, mobile and city, and submit.

**Expected Result:**
A Thank You confirmation is shown after a successful lead submission. The submitted name is tagged with a page/CTA identifier for CRM traceability.

**Steps:**
1. Open the Upcoming Trucks listing page
2. Click Check Offers to open its lead form
3. Fill name, mobile and city
4. Submit and verify the confirmation","5523","TC-NLP-01: Check Offers lead submits successfully on Upcoming Trucks","ListingPages - NewListingPages [upcomingTrucks] [en] — Upcoming Trucks","2026-10-07","passed","2026-10-07","","","",""
"","3728","TC-CL-01: Check Truck Price lead submits successfully on LNG Trucks","CategoryPages - CategoryListing [lng] [en] — LNG Trucks","2026-10-07","passed","2026-10-07","","","",""
"","4082","TC-CB-04: Call Now assistance lead submits successfully on Atul 3 Wheeler","AllLeadForm - CategoryBrand [threeWheelerAtul] [en] — Atul 3 Wheeler","2026-10-07","passed","2026-10-07","","","",""
"","2245","TC-CB-03: Check Truck Price lead form rejects mobile that is not 10 digits on Eicher 10 Wheeler Trucks","AllLeadForm - CategoryBrand [tenWheelerEicher] [en] — Eicher 10 Wheeler Trucks","2026-10-07","passed","2026-10-07","","","",""
"","3658","TC-BBG-01: Check Truck Price lead submits successfully on Ashok Leyland Trucks Above 40 Lakh","AllLeadForm - BrandBudget [ashokLeylandAbove40Lakh] [en] — Ashok Leyland Trucks Above 40 Lakh","2026-10-07","passed","2026-10-07","","","",""
"","3927","TC-PDPI-02: Check Offers lead form shows required validation when submitted empty on Tata Yodha 2.0 Images","PDP - NewTruckInternalPages [yodhaImages] [en] — Tata Yodha 2.0 Images","2026-10-07","passed","2026-10-07","","","",""
"","3354","TC-BGT-01: Check Truck Price lead submits successfully on Trucks Under 10 Lakh","AllLeadForm - Budget [under10Lakh] [en] — Trucks Under 10 Lakh","2026-10-07","passed","2026-10-07","","","",""
"","3614","TC-ECV-05: Check Offers lead form shows required validation when submitted empty","AllLeadForm - Homepage ElectricCommercialVehicles [en]","2026-10-07","passed","2026-10-07","","","",""
"","4035","TC-BGT-01: Check Truck Price lead submits successfully on Trucks Under 30 Lakh","AllLeadForm - Budget [under30Lakh] [en] — Trucks Under 30 Lakh","2026-10-07","passed","2026-10-07","","","",""
"","2347","TC-CL-03: Check Truck Price lead form rejects mobile that is not 10 digits on SCV","CategoryPages - CategoryListing [scv] [en] — SCV","2026-10-07","passed","2026-10-07","","","",""
"","3760","TC-PL-04: Call Now assistance lead submits successfully on 10 ton - 20 ton Trucks","CategoryPages - CategoryListing [ton10to20] [en] — 10 ton - 20 ton Trucks","2026-10-07","passed","2026-10-07","","","",""
"","3309","TC-CL-04: Call Now assistance lead submits successfully on Petrol Trucks","CategoryPages - CategoryListing [petrol] [en] — Petrol Trucks","2026-10-07","passed","2026-10-07","","","",""
"","3588","TC-ESC-01: Check Truck Price lead submits successfully on Electric Trucks","AllLeadForm - ElectricSubCategory [trucks] [en] — Electric Trucks","2026-10-07","passed","2026-10-07","","","",""
"","3873","TC-ESC-01: Check Truck Price lead submits successfully on Electric Auto Rickshaw","AllLeadForm - ElectricSubCategory [autoRickshaw] [en] — Electric Auto Rickshaw","2026-10-07","passed","2026-10-07","","","",""
"","659","TC-NLP-06: Check Offers lead form shows required validation when submitted empty on Popular Truck","ListingPages - NewListingPages [popularTrucks] [en] — Popular Truck","2026-10-07","skipped","2026-10-07","","","",""
"","729","TC-CL-04: Call Now assistance lead submits successfully on 14 Wheeler","CategoryPages - CategoryListing [fourteenWheeler] [en] — 14 Wheeler","2026-10-07","skipped","2026-10-07","","","",""
"","3036","TC-PDPI-03: Check Offers lead form rejects mobile that is not 10 digits on Eka 3W Cargo Price in Mumbai","PDP - NewTruckInternalPages [ekaPriceMumbai] [en] — Eka 3W Cargo Price in Mumbai","2026-10-07","passed","2026-10-07","","","",""
"","4953","TC-VHR-01: Check Offers lead submits successfully on Vehicle Report","AllLeadForm - VehicleReport [en]","2026-10-07","passed","2026-10-07","","","",""
"","3107","TC-CL-04: Call Now assistance lead submits successfully on CNG Trucks","CategoryPages - CategoryListing [cng] [en] — CNG Trucks","2026-10-07","passed","2026-10-07","","","",""
"","5807","TC-TSR-01: Check Truck Price lead submits successfully on Tata Ace","CategoryPages - CategoryListing [tataAce] [en] — Tata Ace","2026-10-07","passed","2026-10-07","","","",""
"","5616","TC-UTPDP-01: Contact Seller lead submits successfully on Used Truck Detail","AllLeadForm - UsedTruckPdp [en]","2026-10-07","passed","2026-10-07","","","",""
"","2106","TC-ESC-03: Check Truck Price lead form rejects mobile that is not 10 digits on Electric Commercial Vehicle Under 1 Lakh","AllLeadForm - ElectricSubCategory [under1Lakh] [en] — Electric Commercial Vehicle Under 1 Lakh","2026-10-07","passed","2026-10-07","","","",""
"","12","TC-PDPI-05: lead submits successfully on Eka 3W Cargo Reviews","PDP - NewTruckInternalPages [ekaReview] [en] — Eka 3W Cargo Reviews","2026-10-07","skipped","2026-10-07","","","",""
"","3401","TC-BR-02: Download Brochure lead submits successfully from the ""Popular"" tab on Brochure","AllLeadForm - Brochure [en]","2026-10-07","passed","2026-10-07","","","",""
"","1299","TC-BDM-02: Talk To Dealer lead form shows required validation when submitted empty on Body Makers","AllLeadForm - BodyMakers [en] — Body Makers","2026-10-07","passed","2026-10-07","","","",""
"","4183","TC-ESC-01: Check Truck Price lead submits successfully on Electric Commercial Vehicle Under 5 Lakh","AllLeadForm - ElectricSubCategory [under5Lakh] [en] — Electric Commercial Vehicle Under 5 Lakh","2026-10-07","passed","2026-10-07","","","",""
"","19741","TC-PDPI-01: Check Offers lead submits successfully on Tata Yodha 2.0 Reviews","PDP - NewTruckInternalPages [yodhaReview] [en] — Tata Yodha 2.0 Reviews","2026-10-07","failed","2026-10-07","","","",""
"","2456","TC-CB-03: Check Truck Price lead form rejects mobile that is not 10 digits on Ashok Leyland Tippers","AllLeadForm - CategoryBrand [tippersAshokLeyland] [en] — Ashok Leyland Tippers","2026-10-07","passed","2026-10-07","","","",""
"**Test Case ID:** TC-NLP-06
**Title:** Check Offers lead form shows required validation when submitted empty on Latest Trucks
**Language:** en

**Description:**
Open the Latest Trucks listing page, open Check Offers, and submit with name, mobile and city all left empty.

**Expected Result:**
The real, page-shown validation messages for name, mobile and location are displayed, and no lead is submitted.

**Steps:**
1. Open the Latest Trucks listing page
2. Click Check Offers to open its lead form
3. Leave name, mobile and city empty and submit
4. Verify all three required-field validation messages are shown","1956","TC-NLP-06: Check Offers lead form shows required validation when submitted empty on Latest Trucks","ListingPages - NewListingPages [latestTrucks] [en] — Latest Trucks","2026-10-07","passed","2026-10-07","","","",""
"","2485","TC-TSR-03: Check Truck Price lead form rejects mobile that is not 10 digits on Tata Ace","CategoryPages - CategoryListing [tataAce] [en] — Tata Ace","2026-10-07","passed","2026-10-07","","","",""
"","3665","TC-BUS-01: lead submits successfully on Upcoming Buses","AllLeadForm - BusListing [upcomingBuses] [en] — Upcoming Buses","2026-10-07","passed","2026-10-07","","","",""
"","2891","TC-BUSPDP-01: Check Offers lead submits successfully on Tata Starbus Ultra City Electric","AllLeadForm - BusPdp [starbusUltraCityElectric] [en] — Tata Starbus Ultra City Electric","2026-10-07","passed","2026-10-07","","","",""
"","3590","TC-CL-01: Check Truck Price lead submits successfully on 8 Wheeler","CategoryPages - CategoryListing [eightWheeler] [en] — 8 Wheeler","2026-10-07","passed","2026-10-07","","","",""
"","6024","TC-BBG-01: Check Truck Price lead submits successfully on Ashok Leyland Trucks Under 30 Lakh","AllLeadForm - BrandBudget [ashokLeylandUnder30Lakh] [en] — Ashok Leyland Trucks Under 30 Lakh","2026-10-07","passed","2026-10-07","","","",""
"","3609","TC-ESC-01: Check Truck Price lead submits successfully on Electric Commercial Vehicle Under 1 Lakh","AllLeadForm - ElectricSubCategory [under1Lakh] [en] — Electric Commercial Vehicle Under 1 Lakh","2026-10-07","passed","2026-10-07","","","",""
"","951","TC-CL-04: Call Now assistance lead submits successfully on Tempo Traveller","CategoryPages - CategoryListing [tempoTraveller] [en] — Tempo Traveller","2026-10-07","skipped","2026-10-07","","","",""
"","2007","TC-BUT-02: Contact Seller lead form shows required validation when submitted empty on Buy Used Trucks","AllLeadForm - BuyUsedTrucks [en]","2026-10-07","passed","2026-10-07","","","",""
"","481","TC-SPB-01: Talk To Dealer lead submits successfully on Mahindra Spare Parts Dealers","AllLeadForm - SparePartsBrand [mahindra] [en] — Mahindra Spare Parts Dealers","2026-10-07","broken","2026-10-07","","","",""
"","4064","TC-BGT-01: Check Truck Price lead submits successfully on Trucks Under 40 Lakh","AllLeadForm - Budget [under40Lakh] [en] — Trucks Under 40 Lakh","2026-10-07","passed","2026-10-07","","","",""
"","1791","TC-CL-02: Check Truck Price lead form shows required validation when submitted empty on 6 Wheeler","CategoryPages - CategoryListing [sixWheeler] [en] — 6 Wheeler","2026-10-07","passed","2026-10-07","","","",""
"**Test Case ID:** TC-NLP-05
**Title:** Call Now lead submits successfully on BS6 Trucks
**Language:** en

**Description:**
Open the BS6 Trucks listing page, click Call Now to open its lead form, fill name, mobile and city, and submit.

**Expected Result:**
The assistance lead form closes after a successful submission (verified via the real submit network call). The submitted name is tagged with a page/CTA identifier for CRM traceability.

**Steps:**
1. Open the BS6 Trucks listing page
2. Click Call Now to open its lead form
3. Fill name, mobile and city
4. Submit and verify the confirmation","3797","TC-NLP-05: Call Now lead submits successfully on BS6 Trucks","ListingPages - NewListingPages [bs6Trucks] [en] — BS6 Trucks","2026-10-07","passed","2026-10-07","","","",""
"","1622","TC-CB-02: Check Truck Price lead form shows required validation when submitted empty on Ashok Leyland Tractor Trailers","AllLeadForm - CategoryBrand [tractorAshokLeyland] [en] — Ashok Leyland Tractor Trailers","2026-10-07","passed","2026-10-07","","","",""
"","5003","TC-BR-01: Download Brochure lead submits successfully on Brochure","AllLeadForm - Brochure [en]","2026-10-07","passed","2026-10-07","","","",""
"","619","TC-PDPI-05: lead submits successfully on Tata Yodha 2.0 Reviews","PDP - NewTruckInternalPages [yodhaReview] [en] — Tata Yodha 2.0 Reviews","2026-10-07","skipped","2026-10-07","","","",""
"","425","TC-PDPI-01: Check Offers lead submits successfully on Eka 3W Cargo Reviews","PDP - NewTruckInternalPages [ekaReview] [en] — Eka 3W Cargo Reviews","2026-10-07","broken","2026-10-07","","","",""
"","512","TC-CL-04: Call Now assistance lead submits successfully on Trailers","CategoryPages - CategoryListing [trailers] [en] — Trailers","2026-10-07","skipped","2026-10-07","","","",""
"**Test Case ID:** TC-NLP-01
**Title:** Check Offers lead submits successfully on BS6 Trucks
**Language:** en

**Description:**
Open the BS6 Trucks listing page, click Check Offers to open its lead form, fill name, mobile and city, and submit.

**Expected Result:**
A Thank You confirmation is shown after a successful lead submission. The submitted name is tagged with a page/CTA identifier for CRM traceability.

**Steps:**
1. Open the BS6 Trucks listing page
2. Click Check Offers to open its lead form
3. Fill name, mobile and city
4. Submit and verify the confirmation","6191","TC-NLP-01: Check Offers lead submits successfully on BS6 Trucks","ListingPages - NewListingPages [bs6Trucks] [en] — BS6 Trucks","2026-10-07","passed","2026-10-07","","","",""
"","2121","TC-CL-02: Check Truck Price lead form shows required validation when submitted empty on Pickups","CategoryPages - CategoryListing [pickups] [en] — Pickups","2026-10-07","passed","2026-10-07","","","",""
"","2464","TC-BGT-03: Check Truck Price lead form rejects mobile that is not 10 digits on Trucks Under 30 Lakh","AllLeadForm - Budget [under30Lakh] [en] — Trucks Under 30 Lakh","2026-10-07","passed","2026-10-07","","","",""
"","2184","TC-BBG-02: Check Truck Price lead form shows required validation when submitted empty on Ashok Leyland Trucks Under 30 Lakh","AllLeadForm - BrandBudget [ashokLeylandUnder30Lakh] [en] — Ashok Leyland Trucks Under 30 Lakh","2026-10-07","passed","2026-10-07","","","",""
"","592","TC-DLB-01: Talk To Dealer lead submits successfully on Atul 3 Wheeler Dealers","AllLeadForm - DealerBrand [atul] [en] — Atul 3 Wheeler Dealers","2026-10-07","broken","2026-10-07","","","",""
"","1511","TC-CL-02: Check Truck Price lead form shows required validation when submitted empty on LPG Trucks","CategoryPages - CategoryListing [lpg] [en] — LPG Trucks","2026-10-07","passed","2026-10-07","","","",""
"","674","TC-DLB-02: Talk To Dealer lead form shows required validation when submitted empty on Tata Truck Dealers","AllLeadForm - DealerBrand [tata] [en] — Tata Truck Dealers","2026-10-07","broken","2026-10-07","","","",""
"","1878","TC-PL-03: Check Truck Price lead form rejects mobile that is not 10 digits on 20 ton - 40 ton Trucks","CategoryPages - CategoryListing [ton20to40] [en] — 20 ton - 40 ton Trucks","2026-10-07","passed","2026-10-07","","","",""
"","649","TC-DLB-03: Talk To Dealer lead form rejects mobile that is not 10 digits on Ashok Leyland Truck Dealers","AllLeadForm - DealerBrand [ashokLeyland] [en] — Ashok Leyland Truck Dealers","2026-10-07","broken","2026-10-07","","","",""
"","644","TC-NLP-04: Notify Me lead submits successfully on BS6 Trucks","ListingPages - NewListingPages [bs6Trucks] [en] — BS6 Trucks","2026-10-07","skipped","2026-10-07","","","",""
"","1694","TC-CB-02: Check Truck Price lead form shows required validation when submitted empty on Ashok Leyland 10 Wheeler Trucks","AllLeadForm - CategoryBrand [tenWheelerAshokLeyland] [en] — Ashok Leyland 10 Wheeler Trucks","2026-10-07","passed","2026-10-07","","","",""
"","513","TC-SPB-02: Talk To Dealer lead form shows required validation when submitted empty on Eicher Spare Parts Dealers","AllLeadForm - SparePartsBrand [eicher] [en] — Eicher Spare Parts Dealers","2026-10-07","broken","2026-10-07","","","",""
"","1862","TC-BUS-03: lead form rejects mobile that is not 10 digits on Popular Buses","AllLeadForm - BusListing [popularBuses] [en] — Popular Buses","2026-10-07","passed","2026-10-07","","","",""
"","4073","TC-PDPI-02: Get On Road Price lead form shows required validation when submitted empty on Tata Yodha 2.0 Price in Gurgaon","PDP - NewTruckInternalPages [yodhaPriceGurgaon] [en] — Tata Yodha 2.0 Price in Gurgaon","2026-10-07","passed","2026-10-07","","","",""
"","1885","TC-BGT-02: Check Truck Price lead form shows required validation when submitted empty on Trucks Under 40 Lakh","AllLeadForm - Budget [under40Lakh] [en] — Trucks Under 40 Lakh","2026-10-07","passed","2026-10-07","","","",""
"","18319","TC-CL-01: Check Truck Price lead submits successfully on 10 Wheeler","CategoryPages - CategoryListing [tenWheeler] [en] — 10 Wheeler","2026-10-07","failed","2026-10-07","","","",""
"","3301","TC-BR-04: Download Brochure lead submits successfully from the ""Latest"" tab on Brochure","AllLeadForm - Brochure [en]","2026-10-07","passed","2026-10-07","","","",""
"","48542","TC-PL-04: Call Now assistance lead submits successfully on 40 ton - 300 ton Trucks","CategoryPages - CategoryListing [ton40to300] [en] — 40 ton - 300 ton Trucks","2026-10-07","failed","2026-10-07","","","",""
"","1934","TC-TSR-02: Check Truck Price lead form shows required validation when submitted empty on Ashok Leyland Boss","CategoryPages - CategoryListing [ashokLeylandBoss] [en] — Ashok Leyland Boss","2026-10-07","passed","2026-10-07","","","",""
"","1733","TC-CL-02: Check Truck Price lead form shows required validation when submitted empty on Hydrogen Trucks","CategoryPages - CategoryListing [hydrogen] [en] — Hydrogen Trucks","2026-10-07","passed","2026-10-07","","","",""
"","3722","TC-TBR-02: Check Truck Price lead form shows required validation when submitted empty on Tata Trucks","CategoryPages - CategoryListing [tataBrand] [en] — Tata Trucks","2026-10-07","passed","2026-10-07","","","",""
"","1802","TC-CL-02: Check Truck Price lead form shows required validation when submitted empty on ICV","CategoryPages - CategoryListing [icv] [en] — ICV","2026-10-07","passed","2026-10-07","","","",""
"","3274","TC-PL-01: Check Truck Price lead submits successfully on 5 ton - 10 ton Trucks","CategoryPages - CategoryListing [ton5to10] [en] — 5 ton - 10 ton Trucks","2026-10-07","passed","2026-10-07","","","",""
"","1418","TC-ECH-03: Check Offers lead form shows required validation when submitted empty on E Challan","AllLeadForm - EChallan [en]","2026-10-07","passed","2026-10-07","","","",""
"","803","TC-NTPDP-04: Get Offers lead shows validation when empty for Eka 3W Cargo","AllLeadForm - NewTruckPdp [leastPopular] [en] — Eka 3W Cargo","2026-10-07","passed","2026-10-07","","","",""
"","3193","TC-PL-04: Call Now assistance lead submits successfully on 20 ton - 40 ton Trucks","CategoryPages - CategoryListing [ton20to40] [en] — 20 ton - 40 ton Trucks","2026-10-07","passed","2026-10-07","","","",""
"","4655","TC-TIY-19: Upcoming Check Offers submits lead and shows Thank You modal","AllLeadForm - Homepage TruckInIndia [en]","2026-10-07","passed","2026-10-07","","","",""
"","655","TC-ESC-04: Call Now assistance lead submits successfully on Electric Commercial Vehicle Under 5 Lakh","AllLeadForm - ElectricSubCategory [under5Lakh] [en] — Electric Commercial Vehicle Under 5 Lakh","2026-10-07","skipped","2026-10-07","","","",""
"","1285","TC-CT-02: Check Offers lead form shows required validation when submitted empty on Compare Trucks","AllLeadForm - CompareTrucks [en]","2026-10-07","passed","2026-10-07","","","",""
"","9586","TC-PDPI-01: Check Offers lead submits successfully on Tata Yodha 2.0 Images","PDP - NewTruckInternalPages [yodhaImages] [en] — Tata Yodha 2.0 Images","2026-10-07","passed","2026-10-07","","","",""
"","2034","TC-PDPI-02: Download Brochure lead form shows required validation when submitted empty on Tata Yodha 2.0 Brochure","PDP - NewTruckInternalPages [yodhaBrochure] [en] — Tata Yodha 2.0 Brochure","2026-10-07","passed","2026-10-07","","","",""
"","3206","TC-CL-01: Check Truck Price lead submits successfully on SCV","CategoryPages - CategoryListing [scv] [en] — SCV","2026-10-07","passed","2026-10-07","","","",""
"","3173","TC-CL-04: Call Now assistance lead submits successfully on Hydrogen Trucks","CategoryPages - CategoryListing [hydrogen] [en] — Hydrogen Trucks","2026-10-07","passed","2026-10-07","","","",""
"","13613","TC-PDPI-01: Check Offers lead submits successfully on Tata Yodha 2.0 Specifications","PDP - NewTruckInternalPages [yodhaSpecifications] [en] — Tata Yodha 2.0 Specifications","2026-10-07","passed","2026-10-07","","","",""
"","708","TC-ESC-04: Call Now assistance lead submits successfully on Electric Commercial Vehicle Under 1 Lakh","AllLeadForm - ElectricSubCategory [under1Lakh] [en] — Electric Commercial Vehicle Under 1 Lakh","2026-10-07","skipped","2026-10-07","","","",""
"","5297","TC-LMC-05: one Check Offers lead from eRickshaw tab submits successfully","AllLeadForm - Homepage LatestModelsByCategory [en]","2026-10-07","passed","2026-10-07","","","",""
"","2886","TC-CL-02: Check Truck Price lead form shows required validation when submitted empty on Tippers","CategoryPages - CategoryListing [tippers] [en] — Tippers","2026-10-07","passed","2026-10-07","","","",""
"","1385","TC-BUSVAR-02: Check Offers lead form shows required validation when submitted empty on Tata Starbus Staff Contract 40+D AC LP 913/52 CNG","AllLeadForm - BusVariant [starbus40dAcLp913] [en] — Tata Starbus Staff Contract 40+D AC LP 913/52 CNG","2026-10-07","passed","2026-10-07","","","",""
"","5718","TC-CB-01: Check Truck Price lead submits successfully on Ashok Leyland Tippers","AllLeadForm - CategoryBrand [tippersAshokLeyland] [en] — Ashok Leyland Tippers","2026-10-07","passed","2026-10-07","","","",""
"","48555","TC-ESC-04: Call Now assistance lead submits successfully on Electric Auto Rickshaw","AllLeadForm - ElectricSubCategory [autoRickshaw] [en] — Electric Auto Rickshaw","2026-10-07","failed","2026-10-07","","","",""
"","3382","TC-CL-01: Check Truck Price lead submits successfully on Bi Fuel Trucks","CategoryPages - CategoryListing [biFuel] [en] — Bi Fuel Trucks","2026-10-07","passed","2026-10-07","","","",""
"","3266","TC-CB-04: Call Now assistance lead submits successfully on Altigreen Auto Rickshaw","AllLeadForm - CategoryBrand [autoRickshawAltigreen] [en] — Altigreen Auto Rickshaw","2026-10-07","passed","2026-10-07","","","",""
"","1429","TC-VHR-04: Check Offers lead form shows required validation when submitted empty on Vehicle Report","AllLeadForm - VehicleReport [en]","2026-10-07","passed","2026-10-07","","","",""
"","2054","TC-BUS-03: lead form rejects mobile that is not 10 digits on Tata Buses","AllLeadForm - BusListing [tataBuses] [en] — Tata Buses","2026-10-07","passed","2026-10-07","","","",""
"","1900","TC-BUT-03: Contact Seller lead form rejects mobile that is not 10 digits on Buy Used Trucks","AllLeadForm - BuyUsedTrucks [en]","2026-10-07","passed","2026-10-07","","","",""
"","1662","TC-CB-03: Check Truck Price lead form rejects mobile that is not 10 digits on Eicher Mini Trucks","AllLeadForm - CategoryBrand [miniTruckEicher] [en] — Eicher Mini Trucks","2026-10-07","passed","2026-10-07","","","",""
"","580","TC-DLB-01: Talk To Dealer lead submits successfully on Ashok Leyland Truck Dealers","AllLeadForm - DealerBrand [ashokLeyland] [en] — Ashok Leyland Truck Dealers","2026-10-07","broken","2026-10-07","","","",""
"","3462","TC-TBR-03: Check Truck Price lead form rejects mobile that is not 10 digits on Ashok Leyland Trucks","CategoryPages - CategoryListing [ashokLeylandBrand] [en] — Ashok Leyland Trucks","2026-10-07","passed","2026-10-07","","","",""
"**Test Case ID:** TC-NLP-02
**Title:** Check Truck Price lead submits successfully on Best Trucks
**Language:** en

**Description:**
Open the Best Trucks listing page, click Check Truck Price to open its lead form, fill name, mobile and city, and submit.

**Expected Result:**
A Thank You confirmation is shown after a successful lead submission. The submitted name is tagged with a page/CTA identifier for CRM traceability.

**Steps:**
1. Open the Best Trucks listing page
2. Click Check Truck Price to open its lead form
3. Fill name, mobile and city
4. Submit and verify the confirmation","3390","TC-NLP-02: Check Truck Price lead submits successfully on Best Trucks","ListingPages - NewListingPages [bestTrucks] [en] — Best Trucks","2026-10-07","passed","2026-10-07","","","",""
"","3075","TC-PL-01: Check Truck Price lead submits successfully on 1 ton - 2.5 ton Trucks","CategoryPages - CategoryListing [ton1to2_5] [en] — 1 ton - 2.5 ton Trucks","2026-10-07","passed","2026-10-07","","","",""
"","2100","TC-BBG-02: Check Truck Price lead form shows required validation when submitted empty on Ashok Leyland Trucks Above 40 Lakh","AllLeadForm - BrandBudget [ashokLeylandAbove40Lakh] [en] — Ashok Leyland Trucks Above 40 Lakh","2026-10-07","passed","2026-10-07","","","",""
"","478","TC-DLB-03: Talk To Dealer lead form rejects mobile that is not 10 digits on Tata Truck Dealers","AllLeadForm - DealerBrand [tata] [en] — Tata Truck Dealers","2026-10-07","broken","2026-10-07","","","",""
"","754","TC-CL-04: Call Now assistance lead submits successfully on 10 Wheeler","CategoryPages - CategoryListing [tenWheeler] [en] — 10 Wheeler","2026-10-07","skipped","2026-10-07","","","",""
"","3372","TC-ESC-04: Call Now assistance lead submits successfully on Electric Trucks","AllLeadForm - ElectricSubCategory [trucks] [en] — Electric Trucks","2026-10-07","passed","2026-10-07","","","",""
"","1660","TC-PL-02: Check Truck Price lead form shows required validation when submitted empty on 1 ton - 2.5 ton Trucks","CategoryPages - CategoryListing [ton1to2_5] [en] — 1 ton - 2.5 ton Trucks","2026-10-07","passed","2026-10-07","","","",""
"","2223","TC-CB-03: Check Truck Price lead form rejects mobile that is not 10 digits on Ashok Leyland 6 Wheeler Trucks","AllLeadForm - CategoryBrand [sixWheelerAshokLeyland] [en] — Ashok Leyland 6 Wheeler Trucks","2026-10-07","passed","2026-10-07","","","",""
"","1700","TC-BGT-02: Check Truck Price lead form shows required validation when submitted empty on Trucks Under 30 Lakh","AllLeadForm - Budget [under30Lakh] [en] — Trucks Under 30 Lakh","2026-10-07","passed","2026-10-07","","","",""
"","4951","TC-CB-01: Check Truck Price lead submits successfully on Ashok Leyland 10 Wheeler Trucks","AllLeadForm - CategoryBrand [tenWheelerAshokLeyland] [en] — Ashok Leyland 10 Wheeler Trucks","2026-10-07","passed","2026-10-07","","","",""
"","48456","TC-BBG-04: Call Now assistance lead submits successfully on Ashok Leyland Trucks Under 15 Lakh","AllLeadForm - BrandBudget [ashokLeylandUnder15Lakh] [en] — Ashok Leyland Trucks Under 15 Lakh","2026-10-07","failed","2026-10-07","","","",""
"","4900","TC-CB-01: Check Truck Price lead submits successfully on Ashok Leyland 4 Wheeler Trucks","AllLeadForm - CategoryBrand [fourWheelerAshokLeyland] [en] — Ashok Leyland 4 Wheeler Trucks","2026-10-07","passed","2026-10-07","","","",""
"","3424","TC-CB-01: Check Truck Price lead submits successfully on Ashok Leyland Transit Mixers","AllLeadForm - CategoryBrand [transitMixerAshokLeyland] [en] — Ashok Leyland Transit Mixers","2026-10-07","passed","2026-10-07","","","",""
"","2015","TC-CB-02: Check Truck Price lead form shows required validation when submitted empty on Ashok Leyland 4 Wheeler Trucks","AllLeadForm - CategoryBrand [fourWheelerAshokLeyland] [en] — Ashok Leyland 4 Wheeler Trucks","2026-10-07","passed","2026-10-07","","","",""
"","721","TC-CL-04: Call Now assistance lead submits successfully on Transit Mixer","CategoryPages - CategoryListing [transitMixer] [en] — Transit Mixer","2026-10-07","skipped","2026-10-07","","","",""
"","3648","TC-CL-01: Check Truck Price lead submits successfully on Trailers","CategoryPages - CategoryListing [trailers] [en] — Trailers","2026-10-07","passed","2026-10-07","","","",""
"","5275","TC-PDPI-01: Check Offers lead submits successfully on Eka 3W Cargo Price in Mumbai","PDP - NewTruckInternalPages [ekaPriceMumbai] [en] — Eka 3W Cargo Price in Mumbai","2026-10-07","passed","2026-10-07","","","",""
"","2127","TC-CL-02: Check Truck Price lead form shows required validation when submitted empty on Transit Mixer","CategoryPages - CategoryListing [transitMixer] [en] — Transit Mixer","2026-10-07","passed","2026-10-07","","","",""
"","1061","TC-CL-04: Call Now assistance lead submits successfully on Tippers","CategoryPages - CategoryListing [tippers] [en] — Tippers","2026-10-07","skipped","2026-10-07","","","",""
"","2434","TC-CL-03: Check Truck Price lead form rejects mobile that is not 10 digits on Mini Trucks","CategoryPages - CategoryListing [miniTrucks] [en] — Mini Trucks","2026-10-07","passed","2026-10-07","","","",""
"**Test Case ID:** TC-NLP-07
**Title:** Check Offers lead form rejects mobile that is not 10 digits on Best Trucks
**Language:** en

**Description:**
Open the Best Trucks listing page, open Check Offers, fill a valid name, an invalid (5-digit) mobile number, and leave city empty, then submit.

**Expected Result:**
The real, page-shown mobile-format and location-required validation messages are displayed, and no lead is submitted.

**Steps:**
1. Open the Best Trucks listing page
2. Click Check Offers to open its lead form
3. Fill a valid name and an invalid mobile number
4. Submit with city left empty
5. Verify the mobile-format and location validation messages are shown","3122","TC-NLP-07: Check Offers lead form rejects mobile that is not 10 digits on Best Trucks","ListingPages - NewListingPages [bestTrucks] [en] — Best Trucks","2026-10-07","passed","2026-10-07","","","",""
"","1713","TC-PL-02: Check Truck Price lead form shows required validation when submitted empty on 10 ton - 20 ton Trucks","CategoryPages - CategoryListing [ton10to20] [en] — 10 ton - 20 ton Trucks","2026-10-07","passed","2026-10-07","","","",""
"","7939","TC-TBR-01: Check Truck Price lead submits successfully on Tata Trucks","CategoryPages - CategoryListing [tataBrand] [en] — Tata Trucks","2026-10-07","passed","2026-10-07","","","",""
"**Test Case ID:** TC-NLP-06
**Title:** Check Offers lead form shows required validation when submitted empty on BS6 Trucks
**Language:** en

**Description:**
Open the BS6 Trucks listing page, open Check Offers, and submit with name, mobile and city all left empty.

**Expected Result:**
The real, page-shown validation messages for name, mobile and location are displayed, and no lead is submitted.

**Steps:**
1. Open the BS6 Trucks listing page
2. Click Check Offers to open its lead form
3. Leave name, mobile and city empty and submit
4. Verify all three required-field validation messages are shown","2701","TC-NLP-06: Check Offers lead form shows required validation when submitted empty on BS6 Trucks","ListingPages - NewListingPages [bs6Trucks] [en] — BS6 Trucks","2026-10-07","passed","2026-10-07","","","",""
"","3922","TC-BUS-01: lead submits successfully on Mahindra Buses","AllLeadForm - BusListing [mahindraBuses] [en] — Mahindra Buses","2026-10-07","passed","2026-10-07","","","",""
"","2550","TC-CL-03: Check Truck Price lead form rejects mobile that is not 10 digits on LNG Trucks","CategoryPages - CategoryListing [lng] [en] — LNG Trucks","2026-10-07","passed","2026-10-07","","","",""
"","2613","TC-CVP-02: Check Permit Info lead requests OTP successfully on CV Permit","AllLeadForm - CvPermit [en]","2026-10-07","passed","2026-10-07","","","",""
"","3991","TC-CB-04: Call Now assistance lead submits successfully on Ashok Leyland 6 Wheeler Trucks","AllLeadForm - CategoryBrand [sixWheelerAshokLeyland] [en] — Ashok Leyland 6 Wheeler Trucks","2026-10-07","passed","2026-10-07","","","",""
