"DESCRIPTION","DURATION IN MS","NAME","PARENT SUITE","START TIME","STATUS","STOP TIME","SUB SUITE","SUITE","TEST CLASS","TEST METHOD"
"","9024","TC-PDPI-01: Check Offers lead submits successfully on Tata Yodha 2.0 Specifications","PDP - NewTruckInternalPages [yodhaSpecifications] [en] — Tata Yodha 2.0 Specifications","2026-10-09","passed","2026-10-09","","","",""
"","1497","TC-BBG-02: Check Truck Price lead form shows required validation when submitted empty on Ashok Leyland Trucks Above 40 Lakh","AllLeadForm - BrandBudget [ashokLeylandAbove40Lakh] [en] — Ashok Leyland Trucks Above 40 Lakh","2026-10-09","passed","2026-10-09","","","",""
"","2657","TC-BGT-03: Check Truck Price lead form rejects mobile that is not 10 digits on Trucks Under 30 Lakh","AllLeadForm - Budget [under30Lakh] [en] — Trucks Under 30 Lakh","2026-10-09","passed","2026-10-09","","","",""
"","47779","TC-CB-04: Call Now assistance lead submits successfully on Force Tempo Traveller","AllLeadForm - CategoryBrand [tempoTravellerForce] [en] — Force Tempo Traveller","2026-10-09","failed","2026-10-09","","","",""
"","412","TC-DLC-01: Talk To Dealer lead submits successfully on Truck Dealers in Ahmedabad, Gujarat","AllLeadForm - DealerCity [ahmedabad] [en] — Truck Dealers in Ahmedabad, Gujarat","2026-10-09","broken","2026-10-09","","","",""
"","2868","TC-CB-04: Call Now assistance lead submits successfully on Ashok Leyland 4 Wheeler Trucks","AllLeadForm - CategoryBrand [fourWheelerAshokLeyland] [en] — Ashok Leyland 4 Wheeler Trucks","2026-10-09","passed","2026-10-09","","","",""
"","3052","TC-LMC-10: Check Offers lead form shows required validation when submitted empty","AllLeadForm - Homepage LatestModelsByCategory [en]","2026-10-09","passed","2026-10-09","","","",""
"","3564","TC-BUS-01: lead submits successfully on Latest Buses","AllLeadForm - BusListing [latestBuses] [en] — Latest Buses","2026-10-09","passed","2026-10-09","","","",""
"","1665","TC-BUS-03: lead form rejects mobile that is not 10 digits on Tata Buses","AllLeadForm - BusListing [tataBuses] [en] — Tata Buses","2026-10-09","passed","2026-10-09","","","",""
"","1647","TC-BBG-03: Check Truck Price lead form rejects mobile that is not 10 digits on Ashok Leyland Trucks Under 30 Lakh","AllLeadForm - BrandBudget [ashokLeylandUnder30Lakh] [en] — Ashok Leyland Trucks Under 30 Lakh","2026-10-09","passed","2026-10-09","","","",""
"","921","TC-BUSVAR-02: Check Offers lead form shows required validation when submitted empty on Tata Starbus Staff Contract 40+D AC LP 913/52 CNG","AllLeadForm - BusVariant [starbus40dAcLp913] [en] — Tata Starbus Staff Contract 40+D AC LP 913/52 CNG","2026-10-09","passed","2026-10-09","","","",""
"","1423","TC-CL-02: Check Truck Price lead form shows required validation when submitted empty on Tempo Traveller","CategoryPages - CategoryListing [tempoTraveller] [en] — Tempo Traveller","2026-10-09","passed","2026-10-09","","","",""
"","1357","TC-CL-02: Check Truck Price lead form shows required validation when submitted empty on 12 Wheeler","CategoryPages - CategoryListing [twelveWheeler] [en] — 12 Wheeler","2026-10-09","passed","2026-10-09","","","",""
"","3080","TC-CB-01: Check Truck Price lead submits successfully on Ashok Leyland 6 Wheeler Trucks","AllLeadForm - CategoryBrand [sixWheelerAshokLeyland] [en] — Ashok Leyland 6 Wheeler Trucks","2026-10-09","passed","2026-10-09","","","",""
"","985","TC-DLC-01: Talk To Dealer lead submits successfully on Truck Dealers in Pune, Maharashtra","AllLeadForm - DealerCity [pune] [en] — Truck Dealers in Pune, Maharashtra","2026-10-09","broken","2026-10-09","","","",""
"","7250","TC-LMC-04: one Check Offers lead from autoRickshaw tab submits successfully","AllLeadForm - Homepage LatestModelsByCategory [en]","2026-10-09","passed","2026-10-09","","","",""
"","8383","TC-BDM-01: Talk To Dealer lead submits successfully on Body Makers","AllLeadForm - BodyMakers [en] — Body Makers","2026-10-09","passed","2026-10-09","","","",""
"","931","TC-DLB-02: Talk To Dealer lead form shows required validation when submitted empty on Tata Truck Dealers","AllLeadForm - DealerBrand [tata] [en] — Tata Truck Dealers","2026-10-09","broken","2026-10-09","","","",""
"","804","TC-DLC-02: Talk To Dealer lead form shows required validation when submitted empty on Truck Dealers in Pune, Maharashtra","AllLeadForm - DealerCity [pune] [en] — Truck Dealers in Pune, Maharashtra","2026-10-09","broken","2026-10-09","","","",""
"","3089","TC-CL-01: Check Truck Price lead submits successfully on HCV","CategoryPages - CategoryListing [hcv] [en] — HCV","2026-10-09","passed","2026-10-09","","","",""
"","327","TC-SCB-01: Talk To Dealer lead submits successfully on Mahindra Service Centers","AllLeadForm - ServiceCenterBrand [mahindra] [en] — Mahindra Service Centers","2026-10-09","broken","2026-10-09","","","",""
"","185","TC-CL-04: Call Now assistance lead submits successfully on 22 Wheeler","CategoryPages - CategoryListing [twentyTwoWheeler] [en] — 22 Wheeler","2026-10-09","skipped","2026-10-09","","","",""
"","3684","TC-BGT-04: Call Now assistance lead submits successfully on Trucks Under 40 Lakh","AllLeadForm - Budget [under40Lakh] [en] — Trucks Under 40 Lakh","2026-10-09","passed","2026-10-09","","","",""
"","5437","TC-BUS-01: lead submits successfully on Tata Buses","AllLeadForm - BusListing [tataBuses] [en] — Tata Buses","2026-10-09","passed","2026-10-09","","","",""
"","2645","TC-CL-02: Check Truck Price lead form shows required validation when submitted empty on 4 Wheeler","CategoryPages - CategoryListing [fourWheeler] [en] — 4 Wheeler","2026-10-09","passed","2026-10-09","","","",""
"","2666","TC-TBR-02: Check Truck Price lead form shows required validation when submitted empty on Mahindra Trucks","CategoryPages - CategoryListing [mahindraBrand] [en] — Mahindra Trucks","2026-10-09","passed","2026-10-09","","","",""
"","1449","TC-BUSPDP-02: Check Offers lead form shows required validation when submitted empty on Tata Starbus Staff Contract","AllLeadForm - BusPdp [starbusStaffContract] [en] — Tata Starbus Staff Contract","2026-10-09","passed","2026-10-09","","","",""
"","2298","TC-CUS-03: Submit Request form rejects mobile that is not 10 digits on Contact Us","AllLeadForm - ContactUs [en] — Contact Us","2026-10-09","passed","2026-10-09","","","",""
"","993","TC-SCB-02: Talk To Dealer lead form shows required validation when submitted empty on Tata Service Centers","AllLeadForm - ServiceCenterBrand [tata] [en] — Tata Service Centers","2026-10-09","broken","2026-10-09","","","",""
"","2335","TC-BBG-03: Check Truck Price lead form rejects mobile that is not 10 digits on Eicher Trucks Under 20 Lakh","AllLeadForm - BrandBudget [eicherUnder20Lakh] [en] — Eicher Trucks Under 20 Lakh","2026-10-09","passed","2026-10-09","","","",""
"","1926","TC-CL-03: Check Truck Price lead form rejects mobile that is not 10 digits on 18 Wheeler","CategoryPages - CategoryListing [eighteenWheeler] [en] — 18 Wheeler","2026-10-09","passed","2026-10-09","","","",""
"","3103","TC-CB-04: Call Now assistance lead submits successfully on Atul 3 Wheeler","AllLeadForm - CategoryBrand [threeWheelerAtul] [en] — Atul 3 Wheeler","2026-10-09","passed","2026-10-09","","","",""
"","2300","TC-CT-02: Check Offers lead form shows required validation when submitted empty on Compare Trucks","AllLeadForm - CompareTrucks [en]","2026-10-09","passed","2026-10-09","","","",""
"","21284","TC-TIY-17: Popular Check Offers submits lead and shows Thank You modal","AllLeadForm - Homepage TruckInIndia [en]","2026-10-09","failed","2026-10-09","","","",""
"","9792","TC-ESC-01: Check Truck Price lead submits successfully on Electric 3 Wheeler","AllLeadForm - ElectricSubCategory [threeWheeler] [en] — Electric 3 Wheeler","2026-10-09","passed","2026-10-09","","","",""
"","2970","TC-BR-04: Download Brochure lead submits successfully from the ""Latest"" tab on Brochure","AllLeadForm - Brochure [en]","2026-10-09","passed","2026-10-09","","","",""
"","3287","TC-PL-01: Check Truck Price lead submits successfully on 2.5 ton - 5 ton Trucks","CategoryPages - CategoryListing [ton2_5to5] [en] — 2.5 ton - 5 ton Trucks","2026-10-09","passed","2026-10-09","","","",""
"","428","TC-SPB-03: Talk To Dealer lead form rejects mobile that is not 10 digits on Mahindra Spare Parts Dealers","AllLeadForm - SparePartsBrand [mahindra] [en] — Mahindra Spare Parts Dealers","2026-10-09","broken","2026-10-09","","","",""
"","3140","TC-BBG-04: Call Now assistance lead submits successfully on Ashok Leyland Trucks Above 40 Lakh","AllLeadForm - BrandBudget [ashokLeylandAbove40Lakh] [en] — Ashok Leyland Trucks Above 40 Lakh","2026-10-09","passed","2026-10-09","","","",""
"","244","TC-TSR-04: Call Now assistance lead submits successfully on Ashok Leyland Boss","CategoryPages - CategoryListing [ashokLeylandBoss] [en] — Ashok Leyland Boss","2026-10-09","skipped","2026-10-09","","","",""
"","3966","TC-BUSVAR-01: Check Offers lead submits successfully on Tata Starbus Staff Contract 24+D LP 407/36 CNG","AllLeadForm - BusVariant [starbus24dLp407] [en] — Tata Starbus Staff Contract 24+D LP 407/36 CNG","2026-10-09","passed","2026-10-09","","","",""
"","3228","TC-PDPI-03: Check Offers lead form rejects mobile that is not 10 digits on Eka 3W Cargo Price in Mumbai","PDP - NewTruckInternalPages [ekaPriceMumbai] [en] — Eka 3W Cargo Price in Mumbai","2026-10-09","passed","2026-10-09","","","",""
"","1325","TC-CL-02: Check Truck Price lead form shows required validation when submitted empty on Bi Fuel Trucks","CategoryPages - CategoryListing [biFuel] [en] — Bi Fuel Trucks","2026-10-09","passed","2026-10-09","","","",""
"","17432","TC-VHR-02: Contact Seller lead submits successfully on Vehicle Report","AllLeadForm - VehicleReport [en]","2026-10-09","failed","2026-10-09","","","",""
"","1159","TC-CB-02: Check Truck Price lead form shows required validation when submitted empty on Eicher 4 Wheeler Trucks","AllLeadForm - CategoryBrand [fourWheelerEicher] [en] — Eicher 4 Wheeler Trucks","2026-10-09","passed","2026-10-09","","","",""
"","1613","TC-CL-03: Check Truck Price lead form rejects mobile that is not 10 digits on 14 Wheeler","CategoryPages - CategoryListing [fourteenWheeler] [en] — 14 Wheeler","2026-10-09","passed","2026-10-09","","","",""
"","2157","TC-UTPDP-05: Check Offers lead form shows required validation when submitted empty on Used Truck Detail","AllLeadForm - UsedTruckPdp [en]","2026-10-09","passed","2026-10-09","","","",""
"","457","TC-NLP-03: Contact Seller lead submits successfully on Find New Trucks","ListingPages - NewListingPages [newTrucks] [en] — Find New Trucks","2026-10-09","skipped","2026-10-09","","","",""
"","3198","TC-PDPI-02: Check Offers lead form shows required validation when submitted empty on Eka 3W Cargo Price in Mumbai","PDP - NewTruckInternalPages [ekaPriceMumbai] [en] — Eka 3W Cargo Price in Mumbai","2026-10-09","passed","2026-10-09","","","",""
"","1191","TC-CB-02: Check Truck Price lead form shows required validation when submitted empty on Ashok Leyland Tractor Trailers","AllLeadForm - CategoryBrand [tractorAshokLeyland] [en] — Ashok Leyland Tractor Trailers","2026-10-09","passed","2026-10-09","","","",""
"","1179","TC-BUS-02: lead form shows required validation when submitted empty on Eicher Buses","AllLeadForm - BusListing [eicherBuses] [en] — Eicher Buses","2026-10-09","passed","2026-10-09","","","",""
"","1099","TC-BUS-02: lead form shows required validation when submitted empty on Ashok Leyland Buses","AllLeadForm - BusListing [ashokLeylandBuses] [en] — Ashok Leyland Buses","2026-10-09","passed","2026-10-09","","","",""
"","1564","TC-BGT-03: Check Truck Price lead form rejects mobile that is not 10 digits on Trucks Above 40 Lakh","AllLeadForm - Budget [above40Lakh] [en] — Trucks Above 40 Lakh","2026-10-09","passed","2026-10-09","","","",""
"","1628","TC-BUS-03: lead form rejects mobile that is not 10 digits on Ashok Leyland Buses","AllLeadForm - BusListing [ashokLeylandBuses] [en] — Ashok Leyland Buses","2026-10-09","passed","2026-10-09","","","",""
"","442","TC-SCB-03: Talk To Dealer lead form rejects mobile that is not 10 digits on Mahindra Service Centers","AllLeadForm - ServiceCenterBrand [mahindra] [en] — Mahindra Service Centers","2026-10-09","broken","2026-10-09","","","",""
"","1507","TC-CL-03: Check Truck Price lead form rejects mobile that is not 10 digits on 6 Wheeler","CategoryPages - CategoryListing [sixWheeler] [en] — 6 Wheeler","2026-10-09","passed","2026-10-09","","","",""
"","2576","TC-BGT-02: Check Truck Price lead form shows required validation when submitted empty on Trucks Under 30 Lakh","AllLeadForm - Budget [under30Lakh] [en] — Trucks Under 30 Lakh","2026-10-09","passed","2026-10-09","","","",""
"","207","TC-NLP-07: Check Offers lead form rejects mobile that is not 10 digits on Popular Truck","ListingPages - NewListingPages [popularTrucks] [en] — Popular Truck","2026-10-09","skipped","2026-10-09","","","",""
"","6872","TC-PDPI-05: Get On Road Price lead submits successfully on Tata Yodha 2.0 Videos","PDP - NewTruckInternalPages [yodhaVideos] [en] — Tata Yodha 2.0 Videos","2026-10-09","passed","2026-10-09","","","",""
"","3014","TC-PDPI-03: Get On Road Price lead form rejects mobile that is not 10 digits on Tata Yodha 2.0 Price in Gurgaon","PDP - NewTruckInternalPages [yodhaPriceGurgaon] [en] — Tata Yodha 2.0 Price in Gurgaon","2026-10-09","passed","2026-10-09","","","",""
"","1323","TC-CL-02: Check Truck Price lead form shows required validation when submitted empty on 16 Wheeler","CategoryPages - CategoryListing [sixteenWheeler] [en] — 16 Wheeler","2026-10-09","passed","2026-10-09","","","",""
"","621","TC-SPB-02: Talk To Dealer lead form shows required validation when submitted empty on Mahindra Spare Parts Dealers","AllLeadForm - SparePartsBrand [mahindra] [en] — Mahindra Spare Parts Dealers","2026-10-09","broken","2026-10-09","","","",""
"","1625","TC-CL-03: Check Truck Price lead form rejects mobile that is not 10 digits on ICV","CategoryPages - CategoryListing [icv] [en] — ICV","2026-10-09","passed","2026-10-09","","","",""
"","3839","TC-BGT-01: Check Truck Price lead submits successfully on Trucks Under 15 Lakh","AllLeadForm - Budget [under15Lakh] [en] — Trucks Under 15 Lakh","2026-10-09","passed","2026-10-09","","","",""
"","3117","TC-BBG-04: Call Now assistance lead submits successfully on Ashok Leyland Trucks Under 30 Lakh","AllLeadForm - BrandBudget [ashokLeylandUnder30Lakh] [en] — Ashok Leyland Trucks Under 30 Lakh","2026-10-09","passed","2026-10-09","","","",""
"","3368","TC-BGT-01: Check Truck Price lead submits successfully on Trucks Under 10 Lakh","AllLeadForm - Budget [under10Lakh] [en] — Trucks Under 10 Lakh","2026-10-09","passed","2026-10-09","","","",""
"","1516","TC-PL-03: Check Truck Price lead form rejects mobile that is not 10 digits on 5 ton - 10 ton Trucks","CategoryPages - CategoryListing [ton5to10] [en] — 5 ton - 10 ton Trucks","2026-10-09","passed","2026-10-09","","","",""
"","9832","TC-CB-01: Check Truck Price lead submits successfully on Ashok Leyland Tippers","AllLeadForm - CategoryBrand [tippersAshokLeyland] [en] — Ashok Leyland Tippers","2026-10-09","passed","2026-10-09","","","",""
"","1974","TC-TSR-03: Check Truck Price lead form rejects mobile that is not 10 digits on Mahindra Blazo","CategoryPages - CategoryListing [mahindraBlazo] [en] — Mahindra Blazo","2026-10-09","passed","2026-10-09","","","",""
"","1507","TC-BUS-03: lead form rejects mobile that is not 10 digits on Mahindra Buses","AllLeadForm - BusListing [mahindraBuses] [en] — Mahindra Buses","2026-10-09","passed","2026-10-09","","","",""
"","1211","TC-CB-02: Check Truck Price lead form shows required validation when submitted empty on Ashok Leyland 6 Wheeler Trucks","AllLeadForm - CategoryBrand [sixWheelerAshokLeyland] [en] — Ashok Leyland 6 Wheeler Trucks","2026-10-09","passed","2026-10-09","","","",""
"**Test Case ID:** TC-NLP-06
**Title:** Check Offers lead form shows required validation when submitted empty on Latest Trucks
**Language:** en

**Description:**
Open the Latest Trucks listing page, open Check Offers, and submit with name, mobile and city all left empty.

**Expected Result:**
The real, page-shown validation messages for name, mobile and location are displayed, and no lead is submitted.

**Steps:**
1. Open the Latest Trucks listing page
2. Click Check Offers to open its lead form
3. Leave name, mobile and city empty and submit
4. Verify all three required-field validation messages are shown","1579","TC-NLP-06: Check Offers lead form shows required validation when submitted empty on Latest Trucks","ListingPages - NewListingPages [latestTrucks] [en] — Latest Trucks","2026-10-09","passed","2026-10-09","","","",""
"","1619","TC-TMO-02: Check Offers lead form shows required validation when submitted empty on Offers","AllLeadForm - TabbedModelOffers [offers] [en] — Offers","2026-10-09","passed","2026-10-09","","","",""
"","4920","TC-ECV-05: Check Offers lead form shows required validation when submitted empty","AllLeadForm - Homepage ElectricCommercialVehicles [en]","2026-10-09","passed","2026-10-09","","","",""
"","1512","TC-CL-03: Check Truck Price lead form rejects mobile that is not 10 digits on 12 Wheeler","CategoryPages - CategoryListing [twelveWheeler] [en] — 12 Wheeler","2026-10-09","passed","2026-10-09","","","",""
"","2859","TC-CL-04: Call Now assistance lead submits successfully on HCV","CategoryPages - CategoryListing [hcv] [en] — HCV","2026-10-09","passed","2026-10-09","","","",""
"","395","TC-DBC-03: Talk To Dealer lead form rejects mobile that is not 10 digits on Tata Truck Dealers in Ahmedabad, Gujarat","AllLeadForm - DealerBrandCity [tataAhmedabad] [en] — Tata Truck Dealers in Ahmedabad, Gujarat","2026-10-09","broken","2026-10-09","","","",""
"","1621","TC-CL-03: Check Truck Price lead form rejects mobile that is not 10 digits on LCV","CategoryPages - CategoryListing [lcv] [en] — LCV","2026-10-09","passed","2026-10-09","","","",""
"","3595","TC-BBG-04: Call Now assistance lead submits successfully on Eicher Trucks Under 20 Lakh","AllLeadForm - BrandBudget [eicherUnder20Lakh] [en] — Eicher Trucks Under 20 Lakh","2026-10-09","passed","2026-10-09","","","",""
"","2914","TC-CB-04: Call Now assistance lead submits successfully on Ashok Leyland Pickups","AllLeadForm - CategoryBrand [pickupAshokLeyland] [en] — Ashok Leyland Pickups","2026-10-09","passed","2026-10-09","","","",""
"","4154","TC-BGT-04: Call Now assistance lead submits successfully on Trucks Under 5 Lakh","AllLeadForm - Budget [under5Lakh] [en] — Trucks Under 5 Lakh","2026-10-09","passed","2026-10-09","","","",""
"","3091","TC-CL-04: Call Now assistance lead submits successfully on SCV","CategoryPages - CategoryListing [scv] [en] — SCV","2026-10-09","passed","2026-10-09","","","",""
"","2220","TC-CL-02: Check Truck Price lead form shows required validation when submitted empty on Tippers","CategoryPages - CategoryListing [tippers] [en] — Tippers","2026-10-09","passed","2026-10-09","","","",""
"","246","TC-CL-04: Call Now assistance lead submits successfully on 12 Wheeler","CategoryPages - CategoryListing [twelveWheeler] [en] — 12 Wheeler","2026-10-09","skipped","2026-10-09","","","",""
"**Test Case ID:** TC-NLP-06
**Title:** Check Offers lead form shows required validation when submitted empty on Find New Trucks
**Language:** en

**Description:**
Open the Find New Trucks listing page, open Check Offers, and submit with name, mobile and city all left empty.

**Expected Result:**
The real, page-shown validation messages for name, mobile and location are displayed, and no lead is submitted.

**Steps:**
1. Open the Find New Trucks listing page
2. Click Check Offers to open its lead form
3. Leave name, mobile and city empty and submit
4. Verify all three required-field validation messages are shown","2219","TC-NLP-06: Check Offers lead form shows required validation when submitted empty on Find New Trucks","ListingPages - NewListingPages [newTrucks] [en] — Find New Trucks","2026-10-09","passed","2026-10-09","","","",""
"","1490","TC-CB-03: Check Truck Price lead form rejects mobile that is not 10 digits on Ashok Leyland Tippers","AllLeadForm - CategoryBrand [tippersAshokLeyland] [en] — Ashok Leyland Tippers","2026-10-09","passed","2026-10-09","","","",""
"","3694","TC-TSR-01: Check Truck Price lead submits successfully on Mahindra Bolero","CategoryPages - CategoryListing [mahindraBolero] [en] — Mahindra Bolero","2026-10-09","passed","2026-10-09","","","",""
"**Test Case ID:** TC-NLP-03
**Title:** Contact Seller lead submits successfully on Popular Truck
**Language:** en

**Description:**
Open the Popular Truck listing page, click Contact Seller to open its lead form, fill name, mobile and city, and submit.

**Expected Result:**
A “Thank You For Contact” confirmation is shown after a successful Contact Seller submission.

**Steps:**
1. Open the Popular Truck listing page
2. Click Contact Seller to open its lead form
3. Fill name, mobile and city
4. Submit and verify the confirmation","18870","TC-NLP-03: Contact Seller lead submits successfully on Popular Truck","ListingPages - NewListingPages [popularTrucks] [en] — Popular Truck","2026-10-09","failed","2026-10-09","","","",""
"","4395","TC-TBR-01: Check Truck Price lead submits successfully on Mahindra Trucks","CategoryPages - CategoryListing [mahindraBrand] [en] — Mahindra Trucks","2026-10-09","passed","2026-10-09","","","",""
"","1428","TC-TSR-02: Check Truck Price lead form shows required validation when submitted empty on Ashok Leyland Dost","CategoryPages - CategoryListing [ashokLeylandDost] [en] — Ashok Leyland Dost","2026-10-09","passed","2026-10-09","","","",""
"**Test Case ID:** TC-NLP-05
**Title:** Call Now lead submits successfully on Find New Trucks
**Language:** en

**Description:**
Open the Find New Trucks listing page, click Call Now to open its lead form, fill name, mobile and city, and submit.

**Expected Result:**
The assistance lead form closes after a successful submission (verified via the real submit network call). The submitted name is tagged with a page/CTA identifier for CRM traceability.

**Steps:**
1. Open the Find New Trucks listing page
2. Click Call Now to open its lead form
3. Fill name, mobile and city
4. Submit and verify the confirmation","3200","TC-NLP-05: Call Now lead submits successfully on Find New Trucks","ListingPages - NewListingPages [newTrucks] [en] — Find New Trucks","2026-10-09","passed","2026-10-09","","","",""
"","1910","TC-BBG-02: Check Truck Price lead form shows required validation when submitted empty on Eicher Trucks Under 20 Lakh","AllLeadForm - BrandBudget [eicherUnder20Lakh] [en] — Eicher Trucks Under 20 Lakh","2026-10-09","passed","2026-10-09","","","",""
"","4396","TC-CB-01: Check Truck Price lead submits successfully on Ashok Leyland Mini Trucks","AllLeadForm - CategoryBrand [miniTruckAshokLeyland] [en] — Ashok Leyland Mini Trucks","2026-10-09","passed","2026-10-09","","","",""
"","1701","TC-CL-02: Check Truck Price lead form shows required validation when submitted empty on Diesel Trucks","CategoryPages - CategoryListing [diesel] [en] — Diesel Trucks","2026-10-09","passed","2026-10-09","","","",""
"","1214","TC-PL-02: Check Truck Price lead form shows required validation when submitted empty on 5 ton - 10 ton Trucks","CategoryPages - CategoryListing [ton5to10] [en] — 5 ton - 10 ton Trucks","2026-10-09","passed","2026-10-09","","","",""
"","350","TC-DLC-02: Talk To Dealer lead form shows required validation when submitted empty on Truck Dealers in Jaipur, Rajasthan","AllLeadForm - DealerCity [jaipur] [en] — Truck Dealers in Jaipur, Rajasthan","2026-10-09","broken","2026-10-09","","","",""
"","2914","TC-PDPI-03: Check Offers lead form rejects mobile that is not 10 digits on Tata Yodha 2.0 Images","PDP - NewTruckInternalPages [yodhaImages] [en] — Tata Yodha 2.0 Images","2026-10-09","passed","2026-10-09","","","",""
"","16594","TC-NTPDP-03: Get Offers lead submits successfully for Eka 3W Cargo","AllLeadForm - NewTruckPdp [leastPopular] [en] — Eka 3W Cargo","2026-10-09","failed","2026-10-09","","","",""
"","2657","TC-CB-01: Check Truck Price lead submits successfully on Eicher Mini Trucks","AllLeadForm - CategoryBrand [miniTruckEicher] [en] — Eicher Mini Trucks","2026-10-09","passed","2026-10-09","","","",""
"","3783","TC-BBG-01: Check Truck Price lead submits successfully on Ashok Leyland Trucks Above 40 Lakh","AllLeadForm - BrandBudget [ashokLeylandAbove40Lakh] [en] — Ashok Leyland Trucks Above 40 Lakh","2026-10-09","passed","2026-10-09","","","",""
"","2520","TC-ECH-02: Check Challan lead requests OTP successfully on E Challan","AllLeadForm - EChallan [en]","2026-10-09","passed","2026-10-09","","","",""
"","331","TC-CL-04: Call Now assistance lead submits successfully on Tempo Traveller","CategoryPages - CategoryListing [tempoTraveller] [en] — Tempo Traveller","2026-10-09","skipped","2026-10-09","","","",""
"","17848","TC-BUS-01: lead submits successfully on Ashok Leyland Buses","AllLeadForm - BusListing [ashokLeylandBuses] [en] — Ashok Leyland Buses","2026-10-09","failed","2026-10-09","","","",""
"","1765","TC-TSR-03: Check Truck Price lead form rejects mobile that is not 10 digits on Ashok Leyland Boss","CategoryPages - CategoryListing [ashokLeylandBoss] [en] — Ashok Leyland Boss","2026-10-09","passed","2026-10-09","","","",""
"","282","TC-CL-04: Call Now assistance lead submits successfully on 8 Wheeler","CategoryPages - CategoryListing [eightWheeler] [en] — 8 Wheeler","2026-10-09","skipped","2026-10-09","","","",""
"","2173","TC-PDPI-03: Check Offers lead form rejects mobile that is not 10 digits on Tata Yodha 2.0 Videos","PDP - NewTruckInternalPages [yodhaVideos] [en] — Tata Yodha 2.0 Videos","2026-10-09","passed","2026-10-09","","","",""
"","3173","TC-CB-01: Check Truck Price lead submits successfully on Atul 3 Wheeler","AllLeadForm - CategoryBrand [threeWheelerAtul] [en] — Atul 3 Wheeler","2026-10-09","passed","2026-10-09","","","",""
"","3696","TC-ESC-04: Call Now assistance lead submits successfully on Electric 3 Wheeler","AllLeadForm - ElectricSubCategory [threeWheeler] [en] — Electric 3 Wheeler","2026-10-09","passed","2026-10-09","","","",""
"","19920","TC-PDPI-05: Check Offers lead submits successfully on Tata Yodha 2.0 Brochure","PDP - NewTruckInternalPages [yodhaBrochure] [en] — Tata Yodha 2.0 Brochure","2026-10-09","failed","2026-10-09","","","",""
"","1308","TC-TMO-02: Check Offers lead form shows required validation when submitted empty on Select Your Truck","AllLeadForm - TabbedModelOffers [selectYourTruck] [en] — Select Your Truck","2026-10-09","passed","2026-10-09","","","",""
"","1444","TC-CB-03: Check Truck Price lead form rejects mobile that is not 10 digits on Allfine E Rickshaw","AllLeadForm - CategoryBrand [eRickshawAllfine] [en] — Allfine E Rickshaw","2026-10-09","passed","2026-10-09","","","",""
"","1291","TC-ECH-03: Check Offers lead form shows required validation when submitted empty on E Challan","AllLeadForm - EChallan [en]","2026-10-09","passed","2026-10-09","","","",""
"","11119","TC-CL-01: Check Truck Price lead submits successfully on 4 Wheeler","CategoryPages - CategoryListing [fourWheeler] [en] — 4 Wheeler","2026-10-09","passed","2026-10-09","","","",""
"","4012","TC-CL-04: Call Now assistance lead submits successfully on CNG Trucks","CategoryPages - CategoryListing [cng] [en] — CNG Trucks","2026-10-09","passed","2026-10-09","","","",""
"","5309","TC-CL-01: Check Truck Price lead submits successfully on Auto Rickshaw","CategoryPages - CategoryListing [autoRickshaw] [en] — Auto Rickshaw","2026-10-09","passed","2026-10-09","","","",""
"","446","TC-SPB-01: Talk To Dealer lead submits successfully on Eicher Spare Parts Dealers","AllLeadForm - SparePartsBrand [eicher] [en] — Eicher Spare Parts Dealers","2026-10-09","broken","2026-10-09","","","",""
"","3484","TC-CL-01: Check Truck Price lead submits successfully on 8 Wheeler","CategoryPages - CategoryListing [eightWheeler] [en] — 8 Wheeler","2026-10-09","passed","2026-10-09","","","",""
"","406","TC-DLB-03: Talk To Dealer lead form rejects mobile that is not 10 digits on Ashok Leyland Truck Dealers","AllLeadForm - DealerBrand [ashokLeyland] [en] — Ashok Leyland Truck Dealers","2026-10-09","broken","2026-10-09","","","",""
"","1850","TC-ECH-04: Check Offers lead form rejects mobile that is not 10 digits on E Challan","AllLeadForm - EChallan [en]","2026-10-09","passed","2026-10-09","","","",""
"**Test Case ID:** TC-NLP-01
**Title:** Check Offers lead submits successfully on Upcoming Trucks
**Language:** en

**Description:**
Open the Upcoming Trucks listing page, click Check Offers to open its lead form, fill name, mobile and city, and submit.

**Expected Result:**
A Thank You confirmation is shown after a successful lead submission. The submitted name is tagged with a page/CTA identifier for CRM traceability.

**Steps:**
1. Open the Upcoming Trucks listing page
2. Click Check Offers to open its lead form
3. Fill name, mobile and city
4. Submit and verify the confirmation","5247","TC-NLP-01: Check Offers lead submits successfully on Upcoming Trucks","ListingPages - NewListingPages [upcomingTrucks] [en] — Upcoming Trucks","2026-10-09","passed","2026-10-09","","","",""
"","3912","TC-TBR-02: Check Truck Price lead form shows required validation when submitted empty on Tata Trucks","CategoryPages - CategoryListing [tataBrand] [en] — Tata Trucks","2026-10-09","passed","2026-10-09","","","",""
"","233","TC-TSR-04: Call Now assistance lead submits successfully on Mahindra Blazo","CategoryPages - CategoryListing [mahindraBlazo] [en] — Mahindra Blazo","2026-10-09","skipped","2026-10-09","","","",""
"","253","TC-CL-04: Call Now assistance lead submits successfully on 6 Wheeler","CategoryPages - CategoryListing [sixWheeler] [en] — 6 Wheeler","2026-10-09","skipped","2026-10-09","","","",""
"","1920","TC-PL-03: Check Truck Price lead form rejects mobile that is not 10 digits on 40 ton - 300 ton Trucks","CategoryPages - CategoryListing [ton40to300] [en] — 40 ton - 300 ton Trucks","2026-10-09","passed","2026-10-09","","","",""
"","391","TC-DBC-01: Talk To Dealer lead submits successfully on Tata Truck Dealers in Ahmedabad, Gujarat","AllLeadForm - DealerBrandCity [tataAhmedabad] [en] — Tata Truck Dealers in Ahmedabad, Gujarat","2026-10-09","broken","2026-10-09","","","",""
"","1676","TC-CL-03: Check Truck Price lead form rejects mobile that is not 10 digits on 16 Wheeler","CategoryPages - CategoryListing [sixteenWheeler] [en] — 16 Wheeler","2026-10-09","passed","2026-10-09","","","",""
"","349","TC-DLB-02: Talk To Dealer lead form shows required validation when submitted empty on Ashok Leyland Truck Dealers","AllLeadForm - DealerBrand [ashokLeyland] [en] — Ashok Leyland Truck Dealers","2026-10-09","broken","2026-10-09","","","",""
"","2826","TC-CB-04: Call Now assistance lead submits successfully on Ashok Leyland Tippers","AllLeadForm - CategoryBrand [tippersAshokLeyland] [en] — Ashok Leyland Tippers","2026-10-09","passed","2026-10-09","","","",""
"","1091","TC-CVP-03: Check Offers lead form shows required validation when submitted empty on CV Permit","AllLeadForm - CvPermit [en]","2026-10-09","passed","2026-10-09","","","",""
"","3021","TC-PL-04: Call Now assistance lead submits successfully on 20 ton - 40 ton Trucks","CategoryPages - CategoryListing [ton20to40] [en] — 20 ton - 40 ton Trucks","2026-10-09","passed","2026-10-09","","","",""
"","1082","TC-CB-02: Check Truck Price lead form shows required validation when submitted empty on Ashok Leyland Transit Mixers","AllLeadForm - CategoryBrand [transitMixerAshokLeyland] [en] — Ashok Leyland Transit Mixers","2026-10-09","passed","2026-10-09","","","",""
"","410","TC-CL-04: Call Now assistance lead submits successfully on 4 Wheeler","CategoryPages - CategoryListing [fourWheeler] [en] — 4 Wheeler","2026-10-09","skipped","2026-10-09","","","",""
"","4547","TC-CVP-01: Check Offers lead submits successfully on CV Permit","AllLeadForm - CvPermit [en]","2026-10-09","passed","2026-10-09","","","",""
"**Test Case ID:** TC-NLP-07
**Title:** Check Offers lead form rejects mobile that is not 10 digits on Upcoming Trucks
**Language:** en

**Description:**
Open the Upcoming Trucks listing page, open Check Offers, fill a valid name, an invalid (5-digit) mobile number, and leave city empty, then submit.

**Expected Result:**
The real, page-shown mobile-format and location-required validation messages are displayed, and no lead is submitted.

**Steps:**
1. Open the Upcoming Trucks listing page
2. Click Check Offers to open its lead form
3. Fill a valid name and an invalid mobile number
4. Submit with city left empty
5. Verify the mobile-format and location validation messages are shown","1847","TC-NLP-07: Check Offers lead form rejects mobile that is not 10 digits on Upcoming Trucks","ListingPages - NewListingPages [upcomingTrucks] [en] — Upcoming Trucks","2026-10-09","passed","2026-10-09","","","",""
"","4379","TC-PDPI-05: Get On Road Price lead submits successfully on Tata Yodha 2.0 Specifications","PDP - NewTruckInternalPages [yodhaSpecifications] [en] — Tata Yodha 2.0 Specifications","2026-10-09","passed","2026-10-09","","","",""
"","2780","TC-CB-04: Call Now assistance lead submits successfully on Eicher 10 Wheeler Trucks","AllLeadForm - CategoryBrand [tenWheelerEicher] [en] — Eicher 10 Wheeler Trucks","2026-10-09","passed","2026-10-09","","","",""
"","3598","TC-TSR-01: Check Truck Price lead submits successfully on Ashok Leyland Dost","CategoryPages - CategoryListing [ashokLeylandDost] [en] — Ashok Leyland Dost","2026-10-09","passed","2026-10-09","","","",""
"","1249","TC-ESC-02: Check Truck Price lead form shows required validation when submitted empty on Electric Trucks","AllLeadForm - ElectricSubCategory [trucks] [en] — Electric Trucks","2026-10-09","passed","2026-10-09","","","",""
"","595","TC-NLP-04: Notify Me lead submits successfully on Best Trucks","ListingPages - NewListingPages [bestTrucks] [en] — Best Trucks","2026-10-09","skipped","2026-10-09","","","",""
"","3914","TC-BGT-04: Call Now assistance lead submits successfully on Trucks Under 30 Lakh","AllLeadForm - Budget [under30Lakh] [en] — Trucks Under 30 Lakh","2026-10-09","passed","2026-10-09","","","",""
"","2275","TC-PDPI-02: Check Offers lead form shows required validation when submitted empty on Tata Yodha 2.0 Reviews","PDP - NewTruckInternalPages [yodhaReview] [en] — Tata Yodha 2.0 Reviews","2026-10-09","passed","2026-10-09","","","",""
"","1141","TC-BUS-02: lead form shows required validation when submitted empty on Upcoming Buses","AllLeadForm - BusListing [upcomingBuses] [en] — Upcoming Buses","2026-10-09","passed","2026-10-09","","","",""
"","11845","TC-PDPI-01: Check Offers lead submits successfully on Tata Yodha 2.0 Images","PDP - NewTruckInternalPages [yodhaImages] [en] — Tata Yodha 2.0 Images","2026-10-09","passed","2026-10-09","","","",""
"","1123","TC-CB-02: Check Truck Price lead form shows required validation when submitted empty on Eicher 10 Wheeler Trucks","AllLeadForm - CategoryBrand [tenWheelerEicher] [en] — Eicher 10 Wheeler Trucks","2026-10-09","passed","2026-10-09","","","",""
"","2057","TC-ESC-02: Check Truck Price lead form shows required validation when submitted empty on Electric 3 Wheeler","AllLeadForm - ElectricSubCategory [threeWheeler] [en] — Electric 3 Wheeler","2026-10-09","passed","2026-10-09","","","",""
"","18918","TC-CB-01: Check Truck Price lead submits successfully on Ashok Leyland Tractor Trailers","AllLeadForm - CategoryBrand [tractorAshokLeyland] [en] — Ashok Leyland Tractor Trailers","2026-10-09","failed","2026-10-09","","","",""
"","13682","TC-NTPDP-01: Get Offers lead opens on launch for Tata Yodha 2.0","AllLeadForm - NewTruckPdp [mostPopular] [en] — Tata Yodha 2.0","2026-10-09","passed","2026-10-09","","","",""
"","3059","TC-CL-04: Call Now assistance lead submits successfully on Petrol Trucks","CategoryPages - CategoryListing [petrol] [en] — Petrol Trucks","2026-10-09","passed","2026-10-09","","","",""
"","1434","TC-BUSVAR-02: Check Offers lead form shows required validation when submitted empty on Tata Starbus Staff Contract 40+D LP 909/52 CNG","AllLeadForm - BusVariant [starbus40dLp909] [en] — Tata Starbus Staff Contract 40+D LP 909/52 CNG","2026-10-09","passed","2026-10-09","","","",""
"","1520","TC-TSR-03: Check Truck Price lead form rejects mobile that is not 10 digits on Ashok Leyland Dost","CategoryPages - CategoryListing [ashokLeylandDost] [en] — Ashok Leyland Dost","2026-10-09","passed","2026-10-09","","","",""
"","3790","TC-CL-01: Check Truck Price lead submits successfully on 14 Wheeler","CategoryPages - CategoryListing [fourteenWheeler] [en] — 14 Wheeler","2026-10-09","passed","2026-10-09","","","",""
"","2547","TC-CL-01: Check Truck Price lead submits successfully on Hydrogen Trucks","CategoryPages - CategoryListing [hydrogen] [en] — Hydrogen Trucks","2026-10-09","passed","2026-10-09","","","",""
"**Test Case ID:** TC-NLP-06
**Title:** Check Offers lead form shows required validation when submitted empty on Upcoming Trucks
**Language:** en

**Description:**
Open the Upcoming Trucks listing page, open Check Offers, and submit with name, mobile and city all left empty.

**Expected Result:**
The real, page-shown validation messages for name, mobile and location are displayed, and no lead is submitted.

**Steps:**
1. Open the Upcoming Trucks listing page
2. Click Check Offers to open its lead form
3. Leave name, mobile and city empty and submit
4. Verify all three required-field validation messages are shown","2070","TC-NLP-06: Check Offers lead form shows required validation when submitted empty on Upcoming Trucks","ListingPages - NewListingPages [upcomingTrucks] [en] — Upcoming Trucks","2026-10-09","passed","2026-10-09","","","",""
"","404","TC-SPB-03: Talk To Dealer lead form rejects mobile that is not 10 digits on Tata Spare Parts Dealers","AllLeadForm - SparePartsBrand [tata] [en] — Tata Spare Parts Dealers","2026-10-09","broken","2026-10-09","","","",""
"","2977","TC-CL-04: Call Now assistance lead submits successfully on LNG Trucks","CategoryPages - CategoryListing [lng] [en] — LNG Trucks","2026-10-09","passed","2026-10-09","","","",""
"**Test Case ID:** TC-NLP-06
**Title:** Check Offers lead form shows required validation when submitted empty on BS6 Trucks
**Language:** en

**Description:**
Open the BS6 Trucks listing page, open Check Offers, and submit with name, mobile and city all left empty.

**Expected Result:**
The real, page-shown validation messages for name, mobile and location are displayed, and no lead is submitted.

**Steps:**
1. Open the BS6 Trucks listing page
2. Click Check Offers to open its lead form
3. Leave name, mobile and city empty and submit
4. Verify all three required-field validation messages are shown","3502","TC-NLP-06: Check Offers lead form shows required validation when submitted empty on BS6 Trucks","ListingPages - NewListingPages [bs6Trucks] [en] — BS6 Trucks","2026-10-09","passed","2026-10-09","","","",""
"","2883","TC-CL-04: Call Now assistance lead submits successfully on LCV","CategoryPages - CategoryListing [lcv] [en] — LCV","2026-10-09","passed","2026-10-09","","","",""
"","1319","TC-BBG-02: Check Truck Price lead form shows required validation when submitted empty on Eicher Trucks Above 40 Lakh","AllLeadForm - BrandBudget [eicherAbove40Lakh] [en] — Eicher Trucks Above 40 Lakh","2026-10-09","passed","2026-10-09","","","",""
"**Test Case ID:** TC-NLP-04
**Title:** Notify Me lead submits successfully on Latest Trucks
**Language:** en

**Description:**
Open the Latest Trucks listing page, click Notify Me to open its lead form, fill name, mobile and city, and submit.

**Expected Result:**
A Thank You confirmation is shown after a successful lead submission. The submitted name is tagged with a page/CTA identifier for CRM traceability.

**Steps:**
1. Open the Latest Trucks listing page
2. Click Notify Me to open its lead form
3. Fill name, mobile and city
4. Submit and verify the confirmation","3894","TC-NLP-04: Notify Me lead submits successfully on Latest Trucks","ListingPages - NewListingPages [latestTrucks] [en] — Latest Trucks","2026-10-09","passed","2026-10-09","","","",""
"","1944","TC-BBG-03: Check Truck Price lead form rejects mobile that is not 10 digits on Eicher Trucks Above 40 Lakh","AllLeadForm - BrandBudget [eicherAbove40Lakh] [en] — Eicher Trucks Above 40 Lakh","2026-10-09","passed","2026-10-09","","","",""
"","3526","TC-BBG-01: Check Truck Price lead submits successfully on Ashok Leyland Trucks Under 30 Lakh","AllLeadForm - BrandBudget [ashokLeylandUnder30Lakh] [en] — Ashok Leyland Trucks Under 30 Lakh","2026-10-09","passed","2026-10-09","","","",""
"","4293","TC-PDPI-05: Get On Road Price lead submits successfully on Tata Yodha 2.0 Mileage","PDP - NewTruckInternalPages [yodhaMileage] [en] — Tata Yodha 2.0 Mileage","2026-10-09","passed","2026-10-09","","","",""
"","3042","TC-CB-04: Call Now assistance lead submits successfully on Ashok Leyland Tractor Trailers","AllLeadForm - CategoryBrand [tractorAshokLeyland] [en] — Ashok Leyland Tractor Trailers","2026-10-09","passed","2026-10-09","","","",""
"","3517","TC-ESC-01: Check Truck Price lead submits successfully on Electric Commercial Vehicle Under 1 Lakh","AllLeadForm - ElectricSubCategory [under1Lakh] [en] — Electric Commercial Vehicle Under 1 Lakh","2026-10-09","passed","2026-10-09","","","",""
"","2883","TC-CL-04: Call Now assistance lead submits successfully on Hydrogen Trucks","CategoryPages - CategoryListing [hydrogen] [en] — Hydrogen Trucks","2026-10-09","passed","2026-10-09","","","",""
"","1801","TC-BGT-02: Check Truck Price lead form shows required validation when submitted empty on Trucks Under 40 Lakh","AllLeadForm - Budget [under40Lakh] [en] — Trucks Under 40 Lakh","2026-10-09","passed","2026-10-09","","","",""
"","1470","TC-CL-03: Check Truck Price lead form rejects mobile that is not 10 digits on Hydrogen Trucks","CategoryPages - CategoryListing [hydrogen] [en] — Hydrogen Trucks","2026-10-09","passed","2026-10-09","","","",""
"","1341","TC-BUSVAR-02: Check Offers lead form shows required validation when submitted empty on Tata Starbus Staff Contract 24+D LP 407/36 CNG","AllLeadForm - BusVariant [starbus24dLp407] [en] — Tata Starbus Staff Contract 24+D LP 407/36 CNG","2026-10-09","passed","2026-10-09","","","",""
"","1287","TC-TSR-02: Check Truck Price lead form shows required validation when submitted empty on Mahindra Bolero","CategoryPages - CategoryListing [mahindraBolero] [en] — Mahindra Bolero","2026-10-09","passed","2026-10-09","","","",""
"","4577","TC-PDPI-01: Check Offers lead submits successfully on Tata Yodha 2.0 Mileage","PDP - NewTruckInternalPages [yodhaMileage] [en] — Tata Yodha 2.0 Mileage","2026-10-09","passed","2026-10-09","","","",""
"","2231","TC-CL-02: Check Truck Price lead form shows required validation when submitted empty on Auto Rickshaw","CategoryPages - CategoryListing [autoRickshaw] [en] — Auto Rickshaw","2026-10-09","passed","2026-10-09","","","",""
"","19055","TC-BUS-01: lead submits successfully on New Buses","AllLeadForm - BusListing [newBuses] [en] — New Buses","2026-10-09","failed","2026-10-09","","","",""
"","458","TC-CL-04: Call Now assistance lead submits successfully on 18 Wheeler","CategoryPages - CategoryListing [eighteenWheeler] [en] — 18 Wheeler","2026-10-09","skipped","2026-10-09","","","",""
"","541","TC-CL-04: Call Now assistance lead submits successfully on Mini Trucks","CategoryPages - CategoryListing [miniTrucks] [en] — Mini Trucks","2026-10-09","skipped","2026-10-09","","","",""
"","1220","TC-BDM-03: Talk To Dealer lead form rejects mobile that is not 10 digits on Body Makers","AllLeadForm - BodyMakers [en] — Body Makers","2026-10-09","passed","2026-10-09","","","",""
"","6830","TC-NTPDP-01: Get Offers lead opens on launch for Eka 3W Cargo","AllLeadForm - NewTruckPdp [leastPopular] [en] — Eka 3W Cargo","2026-10-09","passed","2026-10-09","","","",""
"","4527","TC-CL-01: Check Truck Price lead submits successfully on 22 Wheeler","CategoryPages - CategoryListing [twentyTwoWheeler] [en] — 22 Wheeler","2026-10-09","passed","2026-10-09","","","",""
"","2730","TC-BUSVAR-01: Check Offers lead submits successfully on Tata Starbus Staff Contract 40+D AC LP 913/52 CNG","AllLeadForm - BusVariant [starbus40dAcLp913] [en] — Tata Starbus Staff Contract 40+D AC LP 913/52 CNG","2026-10-09","passed","2026-10-09","","","",""
"","3132","TC-TBR-03: Check Truck Price lead form rejects mobile that is not 10 digits on Tata Trucks","CategoryPages - CategoryListing [tataBrand] [en] — Tata Trucks","2026-10-09","passed","2026-10-09","","","",""
"","288","TC-PDPI-05: lead submits successfully on Tata Yodha 2.0 Reviews","PDP - NewTruckInternalPages [yodhaReview] [en] — Tata Yodha 2.0 Reviews","2026-10-09","skipped","2026-10-09","","","",""
"","16016","TC-BUT-01: Contact Seller lead submits successfully on Buy Used Trucks","AllLeadForm - BuyUsedTrucks [en]","2026-10-09","passed","2026-10-09","","","",""
"","357","TC-SCB-02: Talk To Dealer lead form shows required validation when submitted empty on Ashok Leyland Service Centers","AllLeadForm - ServiceCenterBrand [ashokLeyland] [en] — Ashok Leyland Service Centers","2026-10-09","broken","2026-10-09","","","",""
"","1612","TC-TMO-03: Check Offers lead form rejects mobile that is not 10 digits on Select Your Truck","AllLeadForm - TabbedModelOffers [selectYourTruck] [en] — Select Your Truck","2026-10-09","passed","2026-10-09","","","",""
"","1597","TC-BUS-03: lead form rejects mobile that is not 10 digits on Popular Buses","AllLeadForm - BusListing [popularBuses] [en] — Popular Buses","2026-10-09","passed","2026-10-09","","","",""
"","1122","TC-BUS-02: lead form shows required validation when submitted empty on Popular Buses","AllLeadForm - BusListing [popularBuses] [en] — Popular Buses","2026-10-09","passed","2026-10-09","","","",""
"","421","TC-PDPI-05: lead submits successfully on Tata Yodha 2.0 Images","PDP - NewTruckInternalPages [yodhaImages] [en] — Tata Yodha 2.0 Images","2026-10-09","skipped","2026-10-09","","","",""
"","4257","TC-CL-01: Check Truck Price lead submits successfully on Transit Mixer","CategoryPages - CategoryListing [transitMixer] [en] — Transit Mixer","2026-10-09","passed","2026-10-09","","","",""
"**Test Case ID:** TC-NLP-07
**Title:** Check Offers lead form rejects mobile that is not 10 digits on Best Trucks
**Language:** en

**Description:**
Open the Best Trucks listing page, open Check Offers, fill a valid name, an invalid (5-digit) mobile number, and leave city empty, then submit.

**Expected Result:**
The real, page-shown mobile-format and location-required validation messages are displayed, and no lead is submitted.

**Steps:**
1. Open the Best Trucks listing page
2. Click Check Offers to open its lead form
3. Fill a valid name and an invalid mobile number
4. Submit with city left empty
5. Verify the mobile-format and location validation messages are shown","3108","TC-NLP-07: Check Offers lead form rejects mobile that is not 10 digits on Best Trucks","ListingPages - NewListingPages [bestTrucks] [en] — Best Trucks","2026-10-09","passed","2026-10-09","","","",""
"","364","TC-DLB-02: Talk To Dealer lead form shows required validation when submitted empty on Atul 3 Wheeler Dealers","AllLeadForm - DealerBrand [atul] [en] — Atul 3 Wheeler Dealers","2026-10-09","broken","2026-10-09","","","",""
"","4997","TC-PDPI-02: Get On Road Price lead form shows required validation when submitted empty on Tata Yodha 2.0 Price in Gurgaon","PDP - NewTruckInternalPages [yodhaPriceGurgaon] [en] — Tata Yodha 2.0 Price in Gurgaon","2026-10-09","passed","2026-10-09","","","",""
"","1488","TC-BBG-02: Check Truck Price lead form shows required validation when submitted empty on Ashok Leyland Trucks Under 30 Lakh","AllLeadForm - BrandBudget [ashokLeylandUnder30Lakh] [en] — Ashok Leyland Trucks Under 30 Lakh","2026-10-09","passed","2026-10-09","","","",""
"","1515","TC-ESC-03: Check Truck Price lead form rejects mobile that is not 10 digits on Electric Pickup","AllLeadForm - ElectricSubCategory [pickup] [en] — Electric Pickup","2026-10-09","passed","2026-10-09","","","",""
"","8587","TC-CUS-01: Submit Request enquiry submits successfully on Contact Us","AllLeadForm - ContactUs [en] — Contact Us","2026-10-09","passed","2026-10-09","","","",""
"","1829","TC-CB-03: Check Truck Price lead form rejects mobile that is not 10 digits on Altigreen Auto Rickshaw","AllLeadForm - CategoryBrand [autoRickshawAltigreen] [en] — Altigreen Auto Rickshaw","2026-10-09","passed","2026-10-09","","","",""
"","1140","TC-CL-02: Check Truck Price lead form shows required validation when submitted empty on 14 Wheeler","CategoryPages - CategoryListing [fourteenWheeler] [en] — 14 Wheeler","2026-10-09","passed","2026-10-09","","","",""
"**Test Case ID:** TC-NLP-06
**Title:** Check Offers lead form shows required validation when submitted empty on Best Trucks
**Language:** en

**Description:**
Open the Best Trucks listing page, open Check Offers, and submit with name, mobile and city all left empty.

**Expected Result:**
The real, page-shown validation messages for name, mobile and location are displayed, and no lead is submitted.

**Steps:**
1. Open the Best Trucks listing page
2. Click Check Offers to open its lead form
3. Leave name, mobile and city empty and submit
4. Verify all three required-field validation messages are shown","2553","TC-NLP-06: Check Offers lead form shows required validation when submitted empty on Best Trucks","ListingPages - NewListingPages [bestTrucks] [en] — Best Trucks","2026-10-09","passed","2026-10-09","","","",""
"","763","TC-NLP-02: Check Truck Price lead submits successfully on Upcoming Trucks","ListingPages - NewListingPages [upcomingTrucks] [en] — Upcoming Trucks","2026-10-09","skipped","2026-10-09","","","",""
"","3124","TC-CB-01: Check Truck Price lead submits successfully on Ashok Leyland Pickups","AllLeadForm - CategoryBrand [pickupAshokLeyland] [en] — Ashok Leyland Pickups","2026-10-09","passed","2026-10-09","","","",""
"","3602","TC-ESC-04: Call Now assistance lead submits successfully on Electric Trucks","AllLeadForm - ElectricSubCategory [trucks] [en] — Electric Trucks","2026-10-09","passed","2026-10-09","","","",""
"","3575","TC-BUSPDP-01: Check Offers lead submits successfully on Tata Starbus Ultra City Electric","AllLeadForm - BusPdp [starbusUltraCityElectric] [en] — Tata Starbus Ultra City Electric","2026-10-09","passed","2026-10-09","","","",""
"","4289","TC-CB-04: Call Now assistance lead submits successfully on Ashok Leyland Transit Mixers","AllLeadForm - CategoryBrand [transitMixerAshokLeyland] [en] — Ashok Leyland Transit Mixers","2026-10-09","passed","2026-10-09","","","",""
"","1832","TC-BGT-02: Check Truck Price lead form shows required validation when submitted empty on Trucks Under 20 Lakh","AllLeadForm - Budget [under20Lakh] [en] — Trucks Under 20 Lakh","2026-10-09","passed","2026-10-09","","","",""
"**Test Case ID:** TC-NLP-07
**Title:** Check Offers lead form rejects mobile that is not 10 digits on Find New Trucks
**Language:** en

**Description:**
Open the Find New Trucks listing page, open Check Offers, fill a valid name, an invalid (5-digit) mobile number, and leave city empty, then submit.

**Expected Result:**
The real, page-shown mobile-format and location-required validation messages are displayed, and no lead is submitted.

**Steps:**
1. Open the Find New Trucks listing page
2. Click Check Offers to open its lead form
3. Fill a valid name and an invalid mobile number
4. Submit with city left empty
5. Verify the mobile-format and location validation messages are shown","2862","TC-NLP-07: Check Offers lead form rejects mobile that is not 10 digits on Find New Trucks","ListingPages - NewListingPages [newTrucks] [en] — Find New Trucks","2026-10-09","passed","2026-10-09","","","",""
"","47823","TC-CB-04: Call Now assistance lead submits successfully on Ashok Leyland Mini Trucks","AllLeadForm - CategoryBrand [miniTruckAshokLeyland] [en] — Ashok Leyland Mini Trucks","2026-10-09","failed","2026-10-09","","","",""
"","1561","TC-BUS-03: lead form rejects mobile that is not 10 digits on Upcoming Buses","AllLeadForm - BusListing [upcomingBuses] [en] — Upcoming Buses","2026-10-09","passed","2026-10-09","","","",""
"","2594","TC-BGT-03: Check Truck Price lead form rejects mobile that is not 10 digits on Trucks Under 20 Lakh","AllLeadForm - Budget [under20Lakh] [en] — Trucks Under 20 Lakh","2026-10-09","passed","2026-10-09","","","",""
"","1545","TC-CL-03: Check Truck Price lead form rejects mobile that is not 10 digits on HCV","CategoryPages - CategoryListing [hcv] [en] — HCV","2026-10-09","passed","2026-10-09","","","",""
"","4110","TC-UTPDP-04: Check Offers lead submits successfully on Used Truck Detail","AllLeadForm - UsedTruckPdp [en]","2026-10-09","passed","2026-10-09","","","",""
"","2330","TC-TMO-03: Check Offers lead form rejects mobile that is not 10 digits on Offers","AllLeadForm - TabbedModelOffers [offers] [en] — Offers","2026-10-09","passed","2026-10-09","","","",""
"","3235","TC-CB-01: Check Truck Price lead submits successfully on BharatBenz 6 Wheeler Trucks","AllLeadForm - CategoryBrand [sixWheelerBharatBenz] [en] — BharatBenz 6 Wheeler Trucks","2026-10-09","passed","2026-10-09","","","",""
"","668","TC-NTPDP-04: Get Offers lead shows validation when empty for Eka 3W Cargo","AllLeadForm - NewTruckPdp [leastPopular] [en] — Eka 3W Cargo","2026-10-09","passed","2026-10-09","","","",""
"","1579","TC-PL-03: Check Truck Price lead form rejects mobile that is not 10 digits on Under 1 Ton Trucks","CategoryPages - CategoryListing [under1Ton] [en] — Under 1 Ton Trucks","2026-10-09","passed","2026-10-09","","","",""
"","1163","TC-CB-02: Check Truck Price lead form shows required validation when submitted empty on Ashok Leyland Pickups","AllLeadForm - CategoryBrand [pickupAshokLeyland] [en] — Ashok Leyland Pickups","2026-10-09","passed","2026-10-09","","","",""
"","1559","TC-PL-03: Check Truck Price lead form rejects mobile that is not 10 digits on 10 ton - 20 ton Trucks","CategoryPages - CategoryListing [ton10to20] [en] — 10 ton - 20 ton Trucks","2026-10-09","passed","2026-10-09","","","",""
"","305","TC-DLC-02: Talk To Dealer lead form shows required validation when submitted empty on Truck Dealers in Ahmedabad, Gujarat","AllLeadForm - DealerCity [ahmedabad] [en] — Truck Dealers in Ahmedabad, Gujarat","2026-10-09","broken","2026-10-09","","","",""
"","1698","TC-BUSVAR-03: Check Offers lead form rejects mobile that is not 10 digits on Tata Starbus Staff Contract 24+D LP 407/36 CNG","AllLeadForm - BusVariant [starbus24dLp407] [en] — Tata Starbus Staff Contract 24+D LP 407/36 CNG","2026-10-09","passed","2026-10-09","","","",""
"","1097","TC-BUSPDP-02: Check Offers lead form shows required validation when submitted empty on Tata Starbus Ultra City Electric","AllLeadForm - BusPdp [starbusUltraCityElectric] [en] — Tata Starbus Ultra City Electric","2026-10-09","passed","2026-10-09","","","",""
"","403","TC-TBR-04: Call Now assistance lead submits successfully on Ashok Leyland Trucks","CategoryPages - CategoryListing [ashokLeylandBrand] [en] — Ashok Leyland Trucks","2026-10-09","skipped","2026-10-09","","","",""
"","1742","TC-PDPI-03: Download Brochure lead form rejects mobile that is not 10 digits on Tata Yodha 2.0 Brochure","PDP - NewTruckInternalPages [yodhaBrochure] [en] — Tata Yodha 2.0 Brochure","2026-10-09","passed","2026-10-09","","","",""
"","2688","TC-BR-02: Download Brochure lead submits successfully from the ""Popular"" tab on Brochure","AllLeadForm - Brochure [en]","2026-10-09","passed","2026-10-09","","","",""
"","3967","TC-TBR-03: Check Truck Price lead form rejects mobile that is not 10 digits on Ashok Leyland Trucks","CategoryPages - CategoryListing [ashokLeylandBrand] [en] — Ashok Leyland Trucks","2026-10-09","passed","2026-10-09","","","",""
"","4086","TC-CB-01: Check Truck Price lead submits successfully on Ashok Leyland 4 Wheeler Trucks","AllLeadForm - CategoryBrand [fourWheelerAshokLeyland] [en] — Ashok Leyland 4 Wheeler Trucks","2026-10-09","passed","2026-10-09","","","",""
"","19626","TC-LMC-05: one Check Offers lead from eRickshaw tab submits successfully","AllLeadForm - Homepage LatestModelsByCategory [en]","2026-10-09","failed","2026-10-09","","","",""
"","47211","TC-CB-04: Call Now assistance lead submits successfully on Altigreen Auto Rickshaw","AllLeadForm - CategoryBrand [autoRickshawAltigreen] [en] — Altigreen Auto Rickshaw","2026-10-09","failed","2026-10-09","","","",""
"","1447","TC-BGT-02: Check Truck Price lead form shows required validation when submitted empty on Trucks Under 10 Lakh","AllLeadForm - Budget [under10Lakh] [en] — Trucks Under 10 Lakh","2026-10-09","passed","2026-10-09","","","",""
"","2816","TC-TBR-02: Check Truck Price lead form shows required validation when submitted empty on Eicher Trucks","CategoryPages - CategoryListing [eicherBrand] [en] — Eicher Trucks","2026-10-09","passed","2026-10-09","","","",""
"","2061","TC-CVP-02: Check Permit Info lead requests OTP successfully on CV Permit","AllLeadForm - CvPermit [en]","2026-10-09","passed","2026-10-09","","","",""
"","3702","TC-BUS-01: lead submits successfully on Upcoming Buses","AllLeadForm - BusListing [upcomingBuses] [en] — Upcoming Buses","2026-10-09","passed","2026-10-09","","","",""
"","1608","TC-BBG-03: Check Truck Price lead form rejects mobile that is not 10 digits on Ashok Leyland Trucks Under 15 Lakh","AllLeadForm - BrandBudget [ashokLeylandUnder15Lakh] [en] — Ashok Leyland Trucks Under 15 Lakh","2026-10-09","passed","2026-10-09","","","",""
"","8283","TC-CT-01: Check Offers lead submits successfully on Compare Trucks","AllLeadForm - CompareTrucks [en]","2026-10-09","passed","2026-10-09","","","",""
"","1467","TC-ESC-03: Check Truck Price lead form rejects mobile that is not 10 digits on Electric Commercial Vehicle Under 5 Lakh","AllLeadForm - ElectricSubCategory [under5Lakh] [en] — Electric Commercial Vehicle Under 5 Lakh","2026-10-09","passed","2026-10-09","","","",""
"","4845","TC-CL-01: Check Truck Price lead submits successfully on Diesel Trucks","CategoryPages - CategoryListing [diesel] [en] — Diesel Trucks","2026-10-09","passed","2026-10-09","","","",""
"","1314","TC-BUSVAR-03: Check Offers lead form rejects mobile that is not 10 digits on Tata Starbus Staff Contract 40+D AC LP 913/52 CNG","AllLeadForm - BusVariant [starbus40dAcLp913] [en] — Tata Starbus Staff Contract 40+D AC LP 913/52 CNG","2026-10-09","passed","2026-10-09","","","",""
"","1298","TC-CB-02: Check Truck Price lead form shows required validation when submitted empty on Ashok Leyland Mini Trucks","AllLeadForm - CategoryBrand [miniTruckAshokLeyland] [en] — Ashok Leyland Mini Trucks","2026-10-09","passed","2026-10-09","","","",""
"","5431","TC-ESC-01: Check Truck Price lead submits successfully on Electric Auto Rickshaw","AllLeadForm - ElectricSubCategory [autoRickshaw] [en] — Electric Auto Rickshaw","2026-10-09","passed","2026-10-09","","","",""
"","2937","TC-CB-04: Call Now assistance lead submits successfully on Eicher 4 Wheeler Trucks","AllLeadForm - CategoryBrand [fourWheelerEicher] [en] — Eicher 4 Wheeler Trucks","2026-10-09","passed","2026-10-09","","","",""
"","1583","TC-BUSVAR-03: Check Offers lead form rejects mobile that is not 10 digits on Tata Starbus Staff Contract 40+D LP 909/52 CNG","AllLeadForm - BusVariant [starbus40dLp909] [en] — Tata Starbus Staff Contract 40+D LP 909/52 CNG","2026-10-09","passed","2026-10-09","","","",""
"","1792","TC-TIY-20: Check Offers lead form shows required validation when submitted empty","AllLeadForm - Homepage TruckInIndia [en]","2026-10-09","passed","2026-10-09","","","",""
"","3414","TC-CL-01: Check Truck Price lead submits successfully on SCV","CategoryPages - CategoryListing [scv] [en] — SCV","2026-10-09","passed","2026-10-09","","","",""
"","18071","TC-CB-01: Check Truck Price lead submits successfully on Ashok Leyland Transit Mixers","AllLeadForm - CategoryBrand [transitMixerAshokLeyland] [en] — Ashok Leyland Transit Mixers","2026-10-09","failed","2026-10-09","","","",""
"","4711","TC-VHR-01: Check Offers lead submits successfully on Vehicle Report","AllLeadForm - VehicleReport [en]","2026-10-09","passed","2026-10-09","","","",""
"","1360","TC-NLP-01: Check Offers lead submits successfully on Popular Truck","ListingPages - NewListingPages [popularTrucks] [en] — Popular Truck","2026-10-09","skipped","2026-10-09","","","",""
"","1477","TC-CVP-04: Check Offers lead form rejects mobile that is not 10 digits on CV Permit","AllLeadForm - CvPermit [en]","2026-10-09","passed","2026-10-09","","","",""
"","3178","TC-BBG-01: Check Truck Price lead submits successfully on Eicher Trucks Above 40 Lakh","AllLeadForm - BrandBudget [eicherAbove40Lakh] [en] — Eicher Trucks Above 40 Lakh","2026-10-09","passed","2026-10-09","","","",""
"","902","TC-SCB-01: Talk To Dealer lead submits successfully on Tata Service Centers","AllLeadForm - ServiceCenterBrand [tata] [en] — Tata Service Centers","2026-10-09","broken","2026-10-09","","","",""
"","1493","TC-CL-02: Check Truck Price lead form shows required validation when submitted empty on Mini Trucks","CategoryPages - CategoryListing [miniTrucks] [en] — Mini Trucks","2026-10-09","passed","2026-10-09","","","",""
"**Test Case ID:** TC-NLP-05
**Title:** Call Now lead submits successfully on Popular Truck
**Language:** en

**Description:**
Open the Popular Truck listing page, click Call Now to open its lead form, fill name, mobile and city, and submit.

**Expected Result:**
The assistance lead form closes after a successful submission (verified via the real submit network call). The submitted name is tagged with a page/CTA identifier for CRM traceability.

**Steps:**
1. Open the Popular Truck listing page
2. Click Call Now to open its lead form
3. Fill name, mobile and city
4. Submit and verify the confirmation","3165","TC-NLP-05: Call Now lead submits successfully on Popular Truck","ListingPages - NewListingPages [popularTrucks] [en] — Popular Truck","2026-10-09","passed","2026-10-09","","","",""
"","3678","TC-PDPI-02: Check Offers lead form shows required validation when submitted empty on Tata Yodha 2.0 Specifications","PDP - NewTruckInternalPages [yodhaSpecifications] [en] — Tata Yodha 2.0 Specifications","2026-10-09","passed","2026-10-09","","","",""
"","703","TC-NLP-03: Contact Seller lead submits successfully on Latest Trucks","ListingPages - NewListingPages [latestTrucks] [en] — Latest Trucks","2026-10-09","skipped","2026-10-09","","","",""
"","3359","TC-ECV-06: Check Offers lead form rejects mobile that is not 10 digits","AllLeadForm - Homepage ElectricCommercialVehicles [en]","2026-10-09","passed","2026-10-09","","","",""
"","1836","TC-ESC-03: Check Truck Price lead form rejects mobile that is not 10 digits on Electric 3 Wheeler","AllLeadForm - ElectricSubCategory [threeWheeler] [en] — Electric 3 Wheeler","2026-10-09","passed","2026-10-09","","","",""
"","17932","TC-CB-01: Check Truck Price lead submits successfully on Ashok Leyland 10 Wheeler Trucks","AllLeadForm - CategoryBrand [tenWheelerAshokLeyland] [en] — Ashok Leyland 10 Wheeler Trucks","2026-10-09","failed","2026-10-09","","","",""
"","1175","TC-CL-02: Check Truck Price lead form shows required validation when submitted empty on HCV","CategoryPages - CategoryListing [hcv] [en] — HCV","2026-10-09","passed","2026-10-09","","","",""
"","323","TC-NLP-06: Check Offers lead form shows required validation when submitted empty on Popular Truck","ListingPages - NewListingPages [popularTrucks] [en] — Popular Truck","2026-10-09","skipped","2026-10-09","","","",""
"**Test Case ID:** TC-NLP-02
**Title:** Check Truck Price lead submits successfully on Latest Trucks
**Language:** en

**Description:**
Open the Latest Trucks listing page, click Check Truck Price to open its lead form, fill name, mobile and city, and submit.

**Expected Result:**
A Thank You confirmation is shown after a successful lead submission. The submitted name is tagged with a page/CTA identifier for CRM traceability.

**Steps:**
1. Open the Latest Trucks listing page
2. Click Check Truck Price to open its lead form
3. Fill name, mobile and city
4. Submit and verify the confirmation","15684","TC-NLP-02: Check Truck Price lead submits successfully on Latest Trucks","ListingPages - NewListingPages [latestTrucks] [en] — Latest Trucks","2026-10-09","failed","2026-10-09","","","",""
"","1239","TC-CL-02: Check Truck Price lead form shows required validation when submitted empty on 22 Wheeler","CategoryPages - CategoryListing [twentyTwoWheeler] [en] — 22 Wheeler","2026-10-09","passed","2026-10-09","","","",""
"","1611","TC-CL-03: Check Truck Price lead form rejects mobile that is not 10 digits on Petrol Trucks","CategoryPages - CategoryListing [petrol] [en] — Petrol Trucks","2026-10-09","passed","2026-10-09","","","",""
"","1521","TC-CB-02: Check Truck Price lead form shows required validation when submitted empty on Ashok Leyland Tippers","AllLeadForm - CategoryBrand [tippersAshokLeyland] [en] — Ashok Leyland Tippers","2026-10-09","passed","2026-10-09","","","",""
"","1861","TC-BUS-03: lead form rejects mobile that is not 10 digits on New Buses","AllLeadForm - BusListing [newBuses] [en] — New Buses","2026-10-09","passed","2026-10-09","","","",""
"","359","TC-DLB-01: Talk To Dealer lead submits successfully on Ashok Leyland Truck Dealers","AllLeadForm - DealerBrand [ashokLeyland] [en] — Ashok Leyland Truck Dealers","2026-10-09","broken","2026-10-09","","","",""
"","612","TC-SPB-03: Talk To Dealer lead form rejects mobile that is not 10 digits on Eicher Spare Parts Dealers","AllLeadForm - SparePartsBrand [eicher] [en] — Eicher Spare Parts Dealers","2026-10-09","broken","2026-10-09","","","",""
"","1244","TC-CB-02: Check Truck Price lead form shows required validation when submitted empty on Ashok Leyland 10 Wheeler Trucks","AllLeadForm - CategoryBrand [tenWheelerAshokLeyland] [en] — Ashok Leyland 10 Wheeler Trucks","2026-10-09","passed","2026-10-09","","","",""
"","2489","TC-TSR-02: Check Truck Price lead form shows required validation when submitted empty on Tata Ace","CategoryPages - CategoryListing [tataAce] [en] — Tata Ace","2026-10-09","passed","2026-10-09","","","",""
"","1482","TC-VHR-05: Check Offers lead form rejects mobile that is not 10 digits on Vehicle Report","AllLeadForm - VehicleReport [en]","2026-10-09","passed","2026-10-09","","","",""
"","4848","TC-CL-01: Check Truck Price lead submits successfully on Pickups","CategoryPages - CategoryListing [pickups] [en] — Pickups","2026-10-09","passed","2026-10-09","","","",""
"","1371","TC-BBG-02: Check Truck Price lead form shows required validation when submitted empty on Ashok Leyland Trucks Under 15 Lakh","AllLeadForm - BrandBudget [ashokLeylandUnder15Lakh] [en] — Ashok Leyland Trucks Under 15 Lakh","2026-10-09","passed","2026-10-09","","","",""
"","3811","TC-CB-01: Check Truck Price lead submits successfully on Altigreen Auto Rickshaw","AllLeadForm - CategoryBrand [autoRickshawAltigreen] [en] — Altigreen Auto Rickshaw","2026-10-09","passed","2026-10-09","","","",""
"","3211","TC-BUS-01: lead submits successfully on SML ISUZU Buses","AllLeadForm - BusListing [smlIsuzuBuses] [en] — SML ISUZU Buses","2026-10-09","passed","2026-10-09","","","",""
"","1225","TC-CL-04: Call Now assistance lead submits successfully on 3 Wheeler","CategoryPages - CategoryListing [threeWheeler] [en] — 3 Wheeler","2026-10-09","skipped","2026-10-09","","","",""
"","1719","TC-CL-03: Check Truck Price lead form rejects mobile that is not 10 digits on Diesel Trucks","CategoryPages - CategoryListing [diesel] [en] — Diesel Trucks","2026-10-09","passed","2026-10-09","","","",""
"","3307","TC-EV-04: Check Truck Price lead form rejects mobile that is not 10 digits on Electric Commercial Vehicles","AllLeadForm - ElectricVehicle [en] — Electric Commercial Vehicles","2026-10-09","passed","2026-10-09","","","",""
"","1522","TC-CB-03: Check Truck Price lead form rejects mobile that is not 10 digits on Eicher 10 Wheeler Trucks","AllLeadForm - CategoryBrand [tenWheelerEicher] [en] — Eicher 10 Wheeler Trucks","2026-10-09","passed","2026-10-09","","","",""
"","8115","TC-PL-01: Check Truck Price lead submits successfully on Under 1 Ton Trucks","CategoryPages - CategoryListing [under1Ton] [en] — Under 1 Ton Trucks","2026-10-09","passed","2026-10-09","","","",""
"","1749","TC-UTPDP-03: Contact Seller lead form rejects mobile that is not 10 digits on Used Truck Detail","AllLeadForm - UsedTruckPdp [en]","2026-10-09","passed","2026-10-09","","","",""
"","1705","TC-CL-03: Check Truck Price lead form rejects mobile that is not 10 digits on Tippers","CategoryPages - CategoryListing [tippers] [en] — Tippers","2026-10-09","passed","2026-10-09","","","",""
"","452","TC-CL-04: Call Now assistance lead submits successfully on 16 Wheeler","CategoryPages - CategoryListing [sixteenWheeler] [en] — 16 Wheeler","2026-10-09","skipped","2026-10-09","","","",""
"","1711","TC-CL-02: Check Truck Price lead form shows required validation when submitted empty on 18 Wheeler","CategoryPages - CategoryListing [eighteenWheeler] [en] — 18 Wheeler","2026-10-09","passed","2026-10-09","","","",""
"","17184","TC-ESC-01: Check Truck Price lead submits successfully on Electric E Rickshaw","AllLeadForm - ElectricSubCategory [eRickshaw] [en] — Electric E Rickshaw","2026-10-09","failed","2026-10-09","","","",""
"","364","TC-CL-04: Call Now assistance lead submits successfully on Transit Mixer","CategoryPages - CategoryListing [transitMixer] [en] — Transit Mixer","2026-10-09","skipped","2026-10-09","","","",""
"","1390","TC-CL-02: Check Truck Price lead form shows required validation when submitted empty on Trailers","CategoryPages - CategoryListing [trailers] [en] — Trailers","2026-10-09","passed","2026-10-09","","","",""
"","1231","TC-CL-02: Check Truck Price lead form shows required validation when submitted empty on LNG Trucks","CategoryPages - CategoryListing [lng] [en] — LNG Trucks","2026-10-09","passed","2026-10-09","","","",""
"","5858","TC-CL-01: Check Truck Price lead submits successfully on Tempo Traveller","CategoryPages - CategoryListing [tempoTraveller] [en] — Tempo Traveller","2026-10-09","passed","2026-10-09","","","",""
"","2590","TC-UTPDP-06: Check Offers lead form rejects mobile that is not 10 digits on Used Truck Detail","AllLeadForm - UsedTruckPdp [en]","2026-10-09","passed","2026-10-09","","","",""
"**Test Case ID:** TC-NLP-03
**Title:** Contact Seller lead submits successfully on Best Trucks
**Language:** en

**Description:**
Open the Best Trucks listing page, click Contact Seller to open its lead form, fill name, mobile and city, and submit.

**Expected Result:**
A “Thank You For Contact” confirmation is shown after a successful Contact Seller submission.

**Steps:**
1. Open the Best Trucks listing page
2. Click Contact Seller to open its lead form
3. Fill name, mobile and city
4. Submit and verify the confirmation","4179","TC-NLP-03: Contact Seller lead submits successfully on Best Trucks","ListingPages - NewListingPages [bestTrucks] [en] — Best Trucks","2026-10-09","passed","2026-10-09","","","",""
"","1559","TC-CL-02: Check Truck Price lead form shows required validation when submitted empty on SCV","CategoryPages - CategoryListing [scv] [en] — SCV","2026-10-09","passed","2026-10-09","","","",""
"","339","TC-DLB-01: Talk To Dealer lead submits successfully on Atul 3 Wheeler Dealers","AllLeadForm - DealerBrand [atul] [en] — Atul 3 Wheeler Dealers","2026-10-09","broken","2026-10-09","","","",""
"","3391","TC-ESC-04: Call Now assistance lead submits successfully on Electric Pickup","AllLeadForm - ElectricSubCategory [pickup] [en] — Electric Pickup","2026-10-09","passed","2026-10-09","","","",""
"","3883","TC-BBG-04: Call Now assistance lead submits successfully on Ashok Leyland Trucks Under 15 Lakh","AllLeadForm - BrandBudget [ashokLeylandUnder15Lakh] [en] — Ashok Leyland Trucks Under 15 Lakh","2026-10-09","passed","2026-10-09","","","",""
"","2726","TC-CB-01: Check Truck Price lead submits successfully on Eicher 4 Wheeler Trucks","AllLeadForm - CategoryBrand [fourWheelerEicher] [en] — Eicher 4 Wheeler Trucks","2026-10-09","passed","2026-10-09","","","",""
"","765","TC-CUS-02: Submit Request form shows required validation when submitted empty on Contact Us","AllLeadForm - ContactUs [en] — Contact Us","2026-10-09","passed","2026-10-09","","","",""
"","1084","TC-SPB-02: Talk To Dealer lead form shows required validation when submitted empty on Tata Spare Parts Dealers","AllLeadForm - SparePartsBrand [tata] [en] — Tata Spare Parts Dealers","2026-10-09","broken","2026-10-09","","","",""
"","1090","TC-ESC-02: Check Truck Price lead form shows required validation when submitted empty on Electric Commercial Vehicle Under 5 Lakh","AllLeadForm - ElectricSubCategory [under5Lakh] [en] — Electric Commercial Vehicle Under 5 Lakh","2026-10-09","passed","2026-10-09","","","",""
"","5574","TC-CL-01: Check Truck Price lead submits successfully on 3 Wheeler","CategoryPages - CategoryListing [threeWheeler] [en] — 3 Wheeler","2026-10-09","passed","2026-10-09","","","",""
"","1715","TC-PL-02: Check Truck Price lead form shows required validation when submitted empty on Under 1 Ton Trucks","CategoryPages - CategoryListing [under1Ton] [en] — Under 1 Ton Trucks","2026-10-09","passed","2026-10-09","","","",""
"","1604","TC-CB-03: Check Truck Price lead form rejects mobile that is not 10 digits on Atul 3 Wheeler","AllLeadForm - CategoryBrand [threeWheelerAtul] [en] — Atul 3 Wheeler","2026-10-09","passed","2026-10-09","","","",""
"","1548","TC-CB-03: Check Truck Price lead form rejects mobile that is not 10 digits on Force Tempo Traveller","AllLeadForm - CategoryBrand [tempoTravellerForce] [en] — Force Tempo Traveller","2026-10-09","passed","2026-10-09","","","",""
"","3411","TC-PL-04: Call Now assistance lead submits successfully on 1 ton - 2.5 ton Trucks","CategoryPages - CategoryListing [ton1to2_5] [en] — 1 ton - 2.5 ton Trucks","2026-10-09","passed","2026-10-09","","","",""
"","391","TC-DLC-03: Talk To Dealer lead form rejects mobile that is not 10 digits on Truck Dealers in Ahmedabad, Gujarat","AllLeadForm - DealerCity [ahmedabad] [en] — Truck Dealers in Ahmedabad, Gujarat","2026-10-09","broken","2026-10-09","","","",""
"","245","TC-TSR-04: Call Now assistance lead submits successfully on Tata Ace","CategoryPages - CategoryListing [tataAce] [en] — Tata Ace","2026-10-09","skipped","2026-10-09","","","",""
"","1451","TC-CB-03: Check Truck Price lead form rejects mobile that is not 10 digits on Ashok Leyland Transit Mixers","AllLeadForm - CategoryBrand [transitMixerAshokLeyland] [en] — Ashok Leyland Transit Mixers","2026-10-09","passed","2026-10-09","","","",""
"","5454","TC-TBR-01: Check Truck Price lead submits successfully on Ashok Leyland Trucks","CategoryPages - CategoryListing [ashokLeylandBrand] [en] — Ashok Leyland Trucks","2026-10-09","passed","2026-10-09","","","",""
"","1201","TC-BUS-02: lead form shows required validation when submitted empty on SML ISUZU Buses","AllLeadForm - BusListing [smlIsuzuBuses] [en] — SML ISUZU Buses","2026-10-09","passed","2026-10-09","","","",""
"","755","TC-NTPDP-04: Get Offers lead shows validation when empty for Tata Yodha 2.0","AllLeadForm - NewTruckPdp [mostPopular] [en] — Tata Yodha 2.0","2026-10-09","passed","2026-10-09","","","",""
"","5119","TC-BGT-04: Call Now assistance lead submits successfully on Trucks Under 20 Lakh","AllLeadForm - Budget [under20Lakh] [en] — Trucks Under 20 Lakh","2026-10-09","passed","2026-10-09","","","",""
"","17214","TC-CB-01: Check Truck Price lead submits successfully on Eicher 10 Wheeler Trucks","AllLeadForm - CategoryBrand [tenWheelerEicher] [en] — Eicher 10 Wheeler Trucks","2026-10-09","failed","2026-10-09","","","",""
"**Test Case ID:** TC-NLP-01
**Title:** Check Offers lead submits successfully on Find New Trucks
**Language:** en

**Description:**
Open the Find New Trucks listing page, click Check Offers to open its lead form, fill name, mobile and city, and submit.

**Expected Result:**
A Thank You confirmation is shown after a successful lead submission. The submitted name is tagged with a page/CTA identifier for CRM traceability.

**Steps:**
1. Open the Find New Trucks listing page
2. Click Check Offers to open its lead form
3. Fill name, mobile and city
4. Submit and verify the confirmation","5914","TC-NLP-01: Check Offers lead submits successfully on Find New Trucks","ListingPages - NewListingPages [newTrucks] [en] — Find New Trucks","2026-10-09","passed","2026-10-09","","","",""
"","17","TC-PDPI-03: Check Offers lead form rejects mobile that is not 10 digits on Eka 3W Cargo Reviews","PDP - NewTruckInternalPages [ekaReview] [en] — Eka 3W Cargo Reviews","2026-10-09","skipped","2026-10-09","","","",""
"**Test Case ID:** TC-NLP-01
**Title:** Check Offers lead submits successfully on BS6 Trucks
**Language:** en

**Description:**
Open the BS6 Trucks listing page, click Check Offers to open its lead form, fill name, mobile and city, and submit.

**Expected Result:**
A Thank You confirmation is shown after a successful lead submission. The submitted name is tagged with a page/CTA identifier for CRM traceability.

**Steps:**
1. Open the BS6 Trucks listing page
2. Click Check Offers to open its lead form
3. Fill name, mobile and city
4. Submit and verify the confirmation","19767","TC-NLP-01: Check Offers lead submits successfully on BS6 Trucks","ListingPages - NewListingPages [bs6Trucks] [en] — BS6 Trucks","2026-10-09","failed","2026-10-09","","","",""
"","3364","TC-CL-04: Call Now assistance lead submits successfully on ICV","CategoryPages - CategoryListing [icv] [en] — ICV","2026-10-09","passed","2026-10-09","","","",""
"","253","TC-CL-04: Call Now assistance lead submits successfully on 10 Wheeler","CategoryPages - CategoryListing [tenWheeler] [en] — 10 Wheeler","2026-10-09","skipped","2026-10-09","","","",""
"","2905","TC-PDPI-02: Check Offers lead form shows required validation when submitted empty on Tata Yodha 2.0 Mileage","PDP - NewTruckInternalPages [yodhaMileage] [en] — Tata Yodha 2.0 Mileage","2026-10-09","passed","2026-10-09","","","",""
"","2664","TC-CB-04: Call Now assistance lead submits successfully on Eicher Mini Trucks","AllLeadForm - CategoryBrand [miniTruckEicher] [en] — Eicher Mini Trucks","2026-10-09","passed","2026-10-09","","","",""
"","1189","TC-PL-02: Check Truck Price lead form shows required validation when submitted empty on 1 ton - 2.5 ton Trucks","CategoryPages - CategoryListing [ton1to2_5] [en] — 1 ton - 2.5 ton Trucks","2026-10-09","passed","2026-10-09","","","",""
"","5197","TC-EV-02: Call Now assistance lead submits successfully on Electric Commercial Vehicles","AllLeadForm - ElectricVehicle [en] — Electric Commercial Vehicles","2026-10-09","passed","2026-10-09","","","",""
"","2886","TC-BR-03: Download Brochure lead submits successfully from the ""Upcoming"" tab on Brochure","AllLeadForm - Brochure [en]","2026-10-09","passed","2026-10-09","","","",""
"","3262","TC-BUS-01: lead submits successfully on Eicher Buses","AllLeadForm - BusListing [eicherBuses] [en] — Eicher Buses","2026-10-09","passed","2026-10-09","","","",""
"","1472","TC-BGT-02: Check Truck Price lead form shows required validation when submitted empty on Trucks Under 15 Lakh","AllLeadForm - Budget [under15Lakh] [en] — Trucks Under 15 Lakh","2026-10-09","passed","2026-10-09","","","",""
"","2827","TC-PDPI-03: Check Offers lead form rejects mobile that is not 10 digits on Tata Yodha 2.0 Mileage","PDP - NewTruckInternalPages [yodhaMileage] [en] — Tata Yodha 2.0 Mileage","2026-10-09","passed","2026-10-09","","","",""
"**Test Case ID:** TC-NLP-02
**Title:** Check Truck Price lead submits successfully on Find New Trucks
**Language:** en

**Description:**
Open the Find New Trucks listing page, click Check Truck Price to open its lead form, fill name, mobile and city, and submit.

**Expected Result:**
A Thank You confirmation is shown after a successful lead submission. The submitted name is tagged with a page/CTA identifier for CRM traceability.

**Steps:**
1. Open the Find New Trucks listing page
2. Click Check Truck Price to open its lead form
3. Fill name, mobile and city
4. Submit and verify the confirmation","5101","TC-NLP-02: Check Truck Price lead submits successfully on Find New Trucks","ListingPages - NewListingPages [newTrucks] [en] — Find New Trucks","2026-10-09","passed","2026-10-09","","","",""
"","448","TC-SCB-02: Talk To Dealer lead form shows required validation when submitted empty on Mahindra Service Centers","AllLeadForm - ServiceCenterBrand [mahindra] [en] — Mahindra Service Centers","2026-10-09","broken","2026-10-09","","","",""
"","1403","TC-CB-02: Check Truck Price lead form shows required validation when submitted empty on Altigreen Auto Rickshaw","AllLeadForm - CategoryBrand [autoRickshawAltigreen] [en] — Altigreen Auto Rickshaw","2026-10-09","passed","2026-10-09","","","",""
"","3282","TC-BGT-04: Call Now assistance lead submits successfully on Trucks Under 10 Lakh","AllLeadForm - Budget [under10Lakh] [en] — Trucks Under 10 Lakh","2026-10-09","passed","2026-10-09","","","",""
"","232","TC-CL-04: Call Now assistance lead submits successfully on Trailers","CategoryPages - CategoryListing [trailers] [en] — Trailers","2026-10-09","skipped","2026-10-09","","","",""
"","47389","TC-PL-04: Call Now assistance lead submits successfully on Under 1 Ton Trucks","CategoryPages - CategoryListing [under1Ton] [en] — Under 1 Ton Trucks","2026-10-09","failed","2026-10-09","","","",""
"**Test Case ID:** TC-NLP-07
**Title:** Check Offers lead form rejects mobile that is not 10 digits on Latest Trucks
**Language:** en

**Description:**
Open the Latest Trucks listing page, open Check Offers, fill a valid name, an invalid (5-digit) mobile number, and leave city empty, then submit.

**Expected Result:**
The real, page-shown mobile-format and location-required validation messages are displayed, and no lead is submitted.

**Steps:**
1. Open the Latest Trucks listing page
2. Click Check Offers to open its lead form
3. Fill a valid name and an invalid mobile number
4. Submit with city left empty
5. Verify the mobile-format and location validation messages are shown","2295","TC-NLP-07: Check Offers lead form rejects mobile that is not 10 digits on Latest Trucks","ListingPages - NewListingPages [latestTrucks] [en] — Latest Trucks","2026-10-09","passed","2026-10-09","","","",""
"","3183","TC-ESC-04: Call Now assistance lead submits successfully on Electric Auto Rickshaw","AllLeadForm - ElectricSubCategory [autoRickshaw] [en] — Electric Auto Rickshaw","2026-10-09","passed","2026-10-09","","","",""
"","1511","TC-CB-03: Check Truck Price lead form rejects mobile that is not 10 digits on Ashok Leyland 10 Wheeler Trucks","AllLeadForm - CategoryBrand [tenWheelerAshokLeyland] [en] — Ashok Leyland 10 Wheeler Trucks","2026-10-09","passed","2026-10-09","","","",""
"","245","TC-TSR-04: Call Now assistance lead submits successfully on Mahindra Bolero","CategoryPages - CategoryListing [mahindraBolero] [en] — Mahindra Bolero","2026-10-09","skipped","2026-10-09","","","",""
"","1296","TC-CL-02: Check Truck Price lead form shows required validation when submitted empty on CNG Trucks","CategoryPages - CategoryListing [cng] [en] — CNG Trucks","2026-10-09","passed","2026-10-09","","","",""
"","1632","TC-CB-02: Check Truck Price lead form shows required validation when submitted empty on Ashok Leyland 4 Wheeler Trucks","AllLeadForm - CategoryBrand [fourWheelerAshokLeyland] [en] — Ashok Leyland 4 Wheeler Trucks","2026-10-09","passed","2026-10-09","","","",""
"**Test Case ID:** TC-NLP-02
**Title:** Check Truck Price lead submits successfully on BS6 Trucks
**Language:** en

**Description:**
Open the BS6 Trucks listing page, click Check Truck Price to open its lead form, fill name, mobile and city, and submit.

**Expected Result:**
A Thank You confirmation is shown after a successful lead submission. The submitted name is tagged with a page/CTA identifier for CRM traceability.

**Steps:**
1. Open the BS6 Trucks listing page
2. Click Check Truck Price to open its lead form
3. Fill name, mobile and city
4. Submit and verify the confirmation","4611","TC-NLP-02: Check Truck Price lead submits successfully on BS6 Trucks","ListingPages - NewListingPages [bs6Trucks] [en] — BS6 Trucks","2026-10-09","passed","2026-10-09","","","",""
"","2796","TC-PDPI-02: Check Offers lead form shows required validation when submitted empty on Tata Yodha 2.0 Images","PDP - NewTruckInternalPages [yodhaImages] [en] — Tata Yodha 2.0 Images","2026-10-09","passed","2026-10-09","","","",""
"","1534","TC-CB-03: Check Truck Price lead form rejects mobile that is not 10 digits on Ashok Leyland Pickups","AllLeadForm - CategoryBrand [pickupAshokLeyland] [en] — Ashok Leyland Pickups","2026-10-09","passed","2026-10-09","","","",""
"**Test Case ID:** TC-NLP-04
**Title:** Notify Me lead submits successfully on Upcoming Trucks
**Language:** en

**Description:**
Open the Upcoming Trucks listing page, click Notify Me to open its lead form, fill name, mobile and city, and submit.

**Expected Result:**
A Thank You confirmation is shown after a successful lead submission. The submitted name is tagged with a page/CTA identifier for CRM traceability.

**Steps:**
1. Open the Upcoming Trucks listing page
2. Click Notify Me to open its lead form
3. Fill name, mobile and city
4. Submit and verify the confirmation","3532","TC-NLP-04: Notify Me lead submits successfully on Upcoming Trucks","ListingPages - NewListingPages [upcomingTrucks] [en] — Upcoming Trucks","2026-10-09","passed","2026-10-09","","","",""
"","4165","TC-BUSVAR-01: Check Offers lead submits successfully on Tata Starbus Staff Contract 40+D LP 909/52 CNG","AllLeadForm - BusVariant [starbus40dLp909] [en] — Tata Starbus Staff Contract 40+D LP 909/52 CNG","2026-10-09","passed","2026-10-09","","","",""
"","1050","TC-DBC-02: Talk To Dealer lead form shows required validation when submitted empty on Tata Truck Dealers in Pune, Maharashtra","AllLeadForm - DealerBrandCity [tataPune] [en] — Tata Truck Dealers in Pune, Maharashtra","2026-10-09","broken","2026-10-09","","","",""
"","3801","TC-PDPI-01: Download Brochure lead submits successfully on Tata Yodha 2.0 Brochure","PDP - NewTruckInternalPages [yodhaBrochure] [en] — Tata Yodha 2.0 Brochure","2026-10-09","passed","2026-10-09","","","",""
"","1621","TC-BGT-02: Check Truck Price lead form shows required validation when submitted empty on Trucks Under 5 Lakh","AllLeadForm - Budget [under5Lakh] [en] — Trucks Under 5 Lakh","2026-10-09","passed","2026-10-09","","","",""
"","10319","TC-TSR-01: Check Truck Price lead submits successfully on Tata Ace","CategoryPages - CategoryListing [tataAce] [en] — Tata Ace","2026-10-09","passed","2026-10-09","","","",""
"","11019","TC-UTPDP-01: Contact Seller lead submits successfully on Used Truck Detail","AllLeadForm - UsedTruckPdp [en]","2026-10-09","passed","2026-10-09","","","",""
"","2008","TC-BUS-03: lead form rejects mobile that is not 10 digits on Eicher Buses","AllLeadForm - BusListing [eicherBuses] [en] — Eicher Buses","2026-10-09","passed","2026-10-09","","","",""
"","47707","TC-CB-04: Call Now assistance lead submits successfully on Ashok Leyland 10 Wheeler Trucks","AllLeadForm - CategoryBrand [tenWheelerAshokLeyland] [en] — Ashok Leyland 10 Wheeler Trucks","2026-10-09","failed","2026-10-09","","","",""
"","3719","TC-CL-01: Check Truck Price lead submits successfully on 16 Wheeler","CategoryPages - CategoryListing [sixteenWheeler] [en] — 16 Wheeler","2026-10-09","passed","2026-10-09","","","",""
"","1168","TC-ESC-02: Check Truck Price lead form shows required validation when submitted empty on Electric Pickup","AllLeadForm - ElectricSubCategory [pickup] [en] — Electric Pickup","2026-10-09","passed","2026-10-09","","","",""
"","3596","TC-CL-01: Check Truck Price lead submits successfully on 6 Wheeler","CategoryPages - CategoryListing [sixWheeler] [en] — 6 Wheeler","2026-10-09","passed","2026-10-09","","","",""
"","1475","TC-CB-03: Check Truck Price lead form rejects mobile that is not 10 digits on BharatBenz 6 Wheeler Trucks","AllLeadForm - CategoryBrand [sixWheelerBharatBenz] [en] — BharatBenz 6 Wheeler Trucks","2026-10-09","passed","2026-10-09","","","",""
"","2622","TC-TIY-22: Check Offers lead form requires location even when name and mobile are valid","AllLeadForm - Homepage TruckInIndia [en]","2026-10-09","passed","2026-10-09","","","",""
"","1522","TC-CL-03: Check Truck Price lead form rejects mobile that is not 10 digits on 22 Wheeler","CategoryPages - CategoryListing [twentyTwoWheeler] [en] — 22 Wheeler","2026-10-09","passed","2026-10-09","","","",""
"","2856","TC-TBR-03: Check Truck Price lead form rejects mobile that is not 10 digits on Eicher Trucks","CategoryPages - CategoryListing [eicherBrand] [en] — Eicher Trucks","2026-10-09","passed","2026-10-09","","","",""
"","455","TC-SPB-02: Talk To Dealer lead form shows required validation when submitted empty on Eicher Spare Parts Dealers","AllLeadForm - SparePartsBrand [eicher] [en] — Eicher Spare Parts Dealers","2026-10-09","broken","2026-10-09","","","",""
"","1527","TC-CB-03: Check Truck Price lead form rejects mobile that is not 10 digits on Ashok Leyland Mini Trucks","AllLeadForm - CategoryBrand [miniTruckAshokLeyland] [en] — Ashok Leyland Mini Trucks","2026-10-09","passed","2026-10-09","","","",""
"","290","TC-NLP-04: Notify Me lead submits successfully on Find New Trucks","ListingPages - NewListingPages [newTrucks] [en] — Find New Trucks","2026-10-09","skipped","2026-10-09","","","",""
"","1675","TC-CL-03: Check Truck Price lead form rejects mobile that is not 10 digits on SCV","CategoryPages - CategoryListing [scv] [en] — SCV","2026-10-09","passed","2026-10-09","","","",""
"**Test Case ID:** TC-NLP-05
**Title:** Call Now lead submits successfully on Latest Trucks
**Language:** en

**Description:**
Open the Latest Trucks listing page, click Call Now to open its lead form, fill name, mobile and city, and submit.

**Expected Result:**
The assistance lead form closes after a successful submission (verified via the real submit network call). The submitted name is tagged with a page/CTA identifier for CRM traceability.

**Steps:**
1. Open the Latest Trucks listing page
2. Click Call Now to open its lead form
3. Fill name, mobile and city
4. Submit and verify the confirmation","4198","TC-NLP-05: Call Now lead submits successfully on Latest Trucks","ListingPages - NewListingPages [latestTrucks] [en] — Latest Trucks","2026-10-09","passed","2026-10-09","","","",""
"","3521","TC-PL-01: Check Truck Price lead submits successfully on 40 ton - 300 ton Trucks","CategoryPages - CategoryListing [ton40to300] [en] — 40 ton - 300 ton Trucks","2026-10-09","passed","2026-10-09","","","",""
"","13327","TC-CL-01: Check Truck Price lead submits successfully on Tippers","CategoryPages - CategoryListing [tippers] [en] — Tippers","2026-10-09","passed","2026-10-09","","","",""
"","4900","TC-TIY-19: Upcoming Check Offers submits lead and shows Thank You modal","AllLeadForm - Homepage TruckInIndia [en]","2026-10-09","passed","2026-10-09","","","",""
"","1606","TC-CB-03: Check Truck Price lead form rejects mobile that is not 10 digits on Ashok Leyland Tractor Trailers","AllLeadForm - CategoryBrand [tractorAshokLeyland] [en] — Ashok Leyland Tractor Trailers","2026-10-09","passed","2026-10-09","","","",""
"","276","TC-CL-04: Call Now assistance lead submits successfully on 14 Wheeler","CategoryPages - CategoryListing [fourteenWheeler] [en] — 14 Wheeler","2026-10-09","skipped","2026-10-09","","","",""
"","3549","TC-TBR-02: Check Truck Price lead form shows required validation when submitted empty on Ashok Leyland Trucks","CategoryPages - CategoryListing [ashokLeylandBrand] [en] — Ashok Leyland Trucks","2026-10-09","passed","2026-10-09","","","",""
"","1672","TC-CL-03: Check Truck Price lead form rejects mobile that is not 10 digits on 10 Wheeler","CategoryPages - CategoryListing [tenWheeler] [en] — 10 Wheeler","2026-10-09","passed","2026-10-09","","","",""
"","1799","TC-CL-03: Check Truck Price lead form rejects mobile that is not 10 digits on LPG Trucks","CategoryPages - CategoryListing [lpg] [en] — LPG Trucks","2026-10-09","passed","2026-10-09","","","",""
"","1962","TC-BGT-03: Check Truck Price lead form rejects mobile that is not 10 digits on Trucks Under 40 Lakh","AllLeadForm - Budget [under40Lakh] [en] — Trucks Under 40 Lakh","2026-10-09","passed","2026-10-09","","","",""
"","4792","TC-PDPI-01: Check Offers lead submits successfully on Eka 3W Cargo Price in Mumbai","PDP - NewTruckInternalPages [ekaPriceMumbai] [en] — Eka 3W Cargo Price in Mumbai","2026-10-09","passed","2026-10-09","","","",""
"","1473","TC-BGT-02: Check Truck Price lead form shows required validation when submitted empty on Trucks Above 40 Lakh","AllLeadForm - Budget [above40Lakh] [en] — Trucks Above 40 Lakh","2026-10-09","passed","2026-10-09","","","",""
"","3954","TC-TIY-18: Latest Check Offers submits lead and shows Thank You modal","AllLeadForm - Homepage TruckInIndia [en]","2026-10-09","passed","2026-10-09","","","",""
"","2653","TC-TBR-03: Check Truck Price lead form rejects mobile that is not 10 digits on Mahindra Trucks","CategoryPages - CategoryListing [mahindraBrand] [en] — Mahindra Trucks","2026-10-09","passed","2026-10-09","","","",""
"","1731","TC-TYR-02: lead form shows required validation when submitted empty on Tyres","AllLeadForm - Tyres [en] — Tyres","2026-10-09","passed","2026-10-09","","","",""
"","482","TC-TBR-04: Call Now assistance lead submits successfully on Eicher Trucks","CategoryPages - CategoryListing [eicherBrand] [en] — Eicher Trucks","2026-10-09","skipped","2026-10-09","","","",""
"","1490","TC-CB-02: Check Truck Price lead form shows required validation when submitted empty on Force Tempo Traveller","AllLeadForm - CategoryBrand [tempoTravellerForce] [en] — Force Tempo Traveller","2026-10-09","passed","2026-10-09","","","",""
"","394","TC-DLC-03: Talk To Dealer lead form rejects mobile that is not 10 digits on Truck Dealers in Jaipur, Rajasthan","AllLeadForm - DealerCity [jaipur] [en] — Truck Dealers in Jaipur, Rajasthan","2026-10-09","broken","2026-10-09","","","",""
"","1772","TC-BUSPDP-03: Check Offers lead form rejects mobile that is not 10 digits on Tata Starbus Ultra City Electric","AllLeadForm - BusPdp [starbusUltraCityElectric] [en] — Tata Starbus Ultra City Electric","2026-10-09","passed","2026-10-09","","","",""
"","1076","TC-BUS-02: lead form shows required validation when submitted empty on Mahindra Buses","AllLeadForm - BusListing [mahindraBuses] [en] — Mahindra Buses","2026-10-09","passed","2026-10-09","","","",""
"**Test Case ID:** TC-ECV-03
**Title:** One Check Offers lead submits successfully
**Language:** en

**Description:**
Open Check Offers once from a card in Electric Commercial Vehicles, fill name, mobile and city, and submit.

**Expected Result:**
A Thank You confirmation is shown after a successful lead submission.

**Steps:**
1. Open Electric Commercial Vehicles
2. Open Check Offers
3. Fill and submit the lead form","14421","TC-ECV-03: one Check Offers lead submits successfully","AllLeadForm - Homepage ElectricCommercialVehicles [en]","2026-10-09","passed","2026-10-09","","","",""
"","3684","TC-PL-01: Check Truck Price lead submits successfully on 20 ton - 40 ton Trucks","CategoryPages - CategoryListing [ton20to40] [en] — 20 ton - 40 ton Trucks","2026-10-09","passed","2026-10-09","","","",""
"","3355","TC-LMC-11: Check Offers lead form rejects mobile that is not 10 digits","AllLeadForm - Homepage LatestModelsByCategory [en]","2026-10-09","passed","2026-10-09","","","",""
"","1764","TC-PDPI-02: Download Brochure lead form shows required validation when submitted empty on Tata Yodha 2.0 Brochure","PDP - NewTruckInternalPages [yodhaBrochure] [en] — Tata Yodha 2.0 Brochure","2026-10-09","passed","2026-10-09","","","",""
"","2293","TC-CB-03: Check Truck Price lead form rejects mobile that is not 10 digits on Ashok Leyland 4 Wheeler Trucks","AllLeadForm - CategoryBrand [fourWheelerAshokLeyland] [en] — Ashok Leyland 4 Wheeler Trucks","2026-10-09","passed","2026-10-09","","","",""
"","5320","TC-PDPI-01: Check Offers lead submits successfully on Tata Yodha 2.0 Videos","PDP - NewTruckInternalPages [yodhaVideos] [en] — Tata Yodha 2.0 Videos","2026-10-09","passed","2026-10-09","","","",""
"","2976","TC-CL-01: Check Truck Price lead submits successfully on LPG Trucks","CategoryPages - CategoryListing [lpg] [en] — LPG Trucks","2026-10-09","passed","2026-10-09","","","",""
"","12881","TC-TYR-01: View October Offer lead submits successfully on Tyres","AllLeadForm - Tyres [en] — Tyres","2026-10-09","passed","2026-10-09","","","",""
"","331","TC-DLB-03: Talk To Dealer lead form rejects mobile that is not 10 digits on Atul 3 Wheeler Dealers","AllLeadForm - DealerBrand [atul] [en] — Atul 3 Wheeler Dealers","2026-10-09","broken","2026-10-09","","","",""
"","1329","TC-BUS-02: lead form shows required validation when submitted empty on Latest Buses","AllLeadForm - BusListing [latestBuses] [en] — Latest Buses","2026-10-09","passed","2026-10-09","","","",""
"","377","TC-SCB-03: Talk To Dealer lead form rejects mobile that is not 10 digits on Tata Service Centers","AllLeadForm - ServiceCenterBrand [tata] [en] — Tata Service Centers","2026-10-09","broken","2026-10-09","","","",""
"","1762","TC-ESC-03: Check Truck Price lead form rejects mobile that is not 10 digits on Electric Auto Rickshaw","AllLeadForm - ElectricSubCategory [autoRickshaw] [en] — Electric Auto Rickshaw","2026-10-09","passed","2026-10-09","","","",""
"","49482","TC-CB-04: Call Now assistance lead submits successfully on Allfine E Rickshaw","AllLeadForm - CategoryBrand [eRickshawAllfine] [en] — Allfine E Rickshaw","2026-10-09","failed","2026-10-09","","","",""
"","3187","TC-BGT-01: Check Truck Price lead submits successfully on Trucks Above 40 Lakh","AllLeadForm - Budget [above40Lakh] [en] — Trucks Above 40 Lakh","2026-10-09","passed","2026-10-09","","","",""
"","1624","TC-TSR-03: Check Truck Price lead form rejects mobile that is not 10 digits on Tata Ace","CategoryPages - CategoryListing [tataAce] [en] — Tata Ace","2026-10-09","passed","2026-10-09","","","",""
"","1794","TC-PL-02: Check Truck Price lead form shows required validation when submitted empty on 40 ton - 300 ton Trucks","CategoryPages - CategoryListing [ton40to300] [en] — 40 ton - 300 ton Trucks","2026-10-09","passed","2026-10-09","","","",""
"","4736","TC-CL-01: Check Truck Price lead submits successfully on Trailers","CategoryPages - CategoryListing [trailers] [en] — Trailers","2026-10-09","passed","2026-10-09","","","",""
"","2275","TC-TIY-21: Check Offers lead form rejects mobile that is not 10 digits","AllLeadForm - Homepage TruckInIndia [en]","2026-10-09","passed","2026-10-09","","","",""
"","3135","TC-CL-04: Call Now assistance lead submits successfully on Bi Fuel Trucks","CategoryPages - CategoryListing [biFuel] [en] — Bi Fuel Trucks","2026-10-09","passed","2026-10-09","","","",""
"","1720","TC-PDPI-03: Check Offers lead form rejects mobile that is not 10 digits on Tata Yodha 2.0 Reviews","PDP - NewTruckInternalPages [yodhaReview] [en] — Tata Yodha 2.0 Reviews","2026-10-09","passed","2026-10-09","","","",""
"","1119","TC-ESC-02: Check Truck Price lead form shows required validation when submitted empty on Electric Mini Truck","AllLeadForm - ElectricSubCategory [miniTruck] [en] — Electric Mini Truck","2026-10-09","passed","2026-10-09","","","",""
"","1650","TC-CL-02: Check Truck Price lead form shows required validation when submitted empty on Transit Mixer","CategoryPages - CategoryListing [transitMixer] [en] — Transit Mixer","2026-10-09","passed","2026-10-09","","","",""
"","780","TC-DBC-03: Talk To Dealer lead form rejects mobile that is not 10 digits on Tata Truck Dealers in Pune, Maharashtra","AllLeadForm - DealerBrandCity [tataPune] [en] — Tata Truck Dealers in Pune, Maharashtra","2026-10-09","broken","2026-10-09","","","",""
"","459","TC-TBR-04: Call Now assistance lead submits successfully on Tata Trucks","CategoryPages - CategoryListing [tataBrand] [en] — Tata Trucks","2026-10-09","skipped","2026-10-09","","","",""
"","19861","TC-TMO-01: Check Offers lead submits successfully on every tab of Offers","AllLeadForm - TabbedModelOffers [offers] [en] — Offers","2026-10-09","failed","2026-10-09","","","",""
"","1463","TC-CL-03: Check Truck Price lead form rejects mobile that is not 10 digits on 8 Wheeler","CategoryPages - CategoryListing [eightWheeler] [en] — 8 Wheeler","2026-10-09","passed","2026-10-09","","","",""
"","3221","TC-ESC-01: Check Truck Price lead submits successfully on Electric Trucks","AllLeadForm - ElectricSubCategory [trucks] [en] — Electric Trucks","2026-10-09","passed","2026-10-09","","","",""
"","6668","TC-PL-04: Call Now assistance lead submits successfully on 40 ton - 300 ton Trucks","CategoryPages - CategoryListing [ton40to300] [en] — 40 ton - 300 ton Trucks","2026-10-09","passed","2026-10-09","","","",""
"","333","TC-DLC-01: Talk To Dealer lead submits successfully on Truck Dealers in Jaipur, Rajasthan","AllLeadForm - DealerCity [jaipur] [en] — Truck Dealers in Jaipur, Rajasthan","2026-10-09","broken","2026-10-09","","","",""
"","3912","TC-CL-04: Call Now assistance lead submits successfully on Diesel Trucks","CategoryPages - CategoryListing [diesel] [en] — Diesel Trucks","2026-10-09","passed","2026-10-09","","","",""
"","1823","TC-BUS-03: lead form rejects mobile that is not 10 digits on Latest Buses","AllLeadForm - BusListing [latestBuses] [en] — Latest Buses","2026-10-09","passed","2026-10-09","","","",""
"","1503","TC-BGT-03: Check Truck Price lead form rejects mobile that is not 10 digits on Trucks Under 5 Lakh","AllLeadForm - Budget [under5Lakh] [en] — Trucks Under 5 Lakh","2026-10-09","passed","2026-10-09","","","",""
"","684","TC-DLB-01: Talk To Dealer lead submits successfully on Tata Truck Dealers","AllLeadForm - DealerBrand [tata] [en] — Tata Truck Dealers","2026-10-09","broken","2026-10-09","","","",""
"","3476","TC-BGT-04: Call Now assistance lead submits successfully on Trucks Above 40 Lakh","AllLeadForm - Budget [above40Lakh] [en] — Trucks Above 40 Lakh","2026-10-09","passed","2026-10-09","","","",""
"","1742","TC-CL-03: Check Truck Price lead form rejects mobile that is not 10 digits on CNG Trucks","CategoryPages - CategoryListing [cng] [en] — CNG Trucks","2026-10-09","passed","2026-10-09","","","",""
"","1918","TC-BBG-03: Check Truck Price lead form rejects mobile that is not 10 digits on Ashok Leyland Trucks Above 40 Lakh","AllLeadForm - BrandBudget [ashokLeylandAbove40Lakh] [en] — Ashok Leyland Trucks Above 40 Lakh","2026-10-09","passed","2026-10-09","","","",""
"","1163","TC-TSR-02: Check Truck Price lead form shows required validation when submitted empty on Ashok Leyland Boss","CategoryPages - CategoryListing [ashokLeylandBoss] [en] — Ashok Leyland Boss","2026-10-09","passed","2026-10-09","","","",""
"","1824","TC-BUS-02: lead form shows required validation when submitted empty on Tata Buses","AllLeadForm - BusListing [tataBuses] [en] — Tata Buses","2026-10-09","passed","2026-10-09","","","",""
"","395","TC-NLP-04: Notify Me lead submits successfully on Popular Truck","ListingPages - NewListingPages [popularTrucks] [en] — Popular Truck","2026-10-09","skipped","2026-10-09","","","",""
"","3203","TC-BBG-04: Call Now assistance lead submits successfully on Eicher Trucks Above 40 Lakh","AllLeadForm - BrandBudget [eicherAbove40Lakh] [en] — Eicher Trucks Above 40 Lakh","2026-10-09","passed","2026-10-09","","","",""
"","530","TC-NLP-03: Contact Seller lead submits successfully on BS6 Trucks","ListingPages - NewListingPages [bs6Trucks] [en] — BS6 Trucks","2026-10-09","skipped","2026-10-09","","","",""
"**Test Case ID:** TC-NLP-07
**Title:** Check Offers lead form rejects mobile that is not 10 digits on BS6 Trucks
**Language:** en

**Description:**
Open the BS6 Trucks listing page, open Check Offers, fill a valid name, an invalid (5-digit) mobile number, and leave city empty, then submit.

**Expected Result:**
The real, page-shown mobile-format and location-required validation messages are displayed, and no lead is submitted.

**Steps:**
1. Open the BS6 Trucks listing page
2. Click Check Offers to open its lead form
3. Fill a valid name and an invalid mobile number
4. Submit with city left empty
5. Verify the mobile-format and location validation messages are shown","3360","TC-NLP-07: Check Offers lead form rejects mobile that is not 10 digits on BS6 Trucks","ListingPages - NewListingPages [bs6Trucks] [en] — BS6 Trucks","2026-10-09","passed","2026-10-09","","","",""
"","3381","TC-ESC-01: Check Truck Price lead submits successfully on Electric Mini Truck","AllLeadForm - ElectricSubCategory [miniTruck] [en] — Electric Mini Truck","2026-10-09","passed","2026-10-09","","","",""
"","3263","TC-BUS-01: lead submits successfully on Mahindra Buses","AllLeadForm - BusListing [mahindraBuses] [en] — Mahindra Buses","2026-10-09","passed","2026-10-09","","","",""
"","433","TC-NLP-05: Call Now lead submits successfully on Best Trucks","ListingPages - NewListingPages [bestTrucks] [en] — Best Trucks","2026-10-09","skipped","2026-10-09","","","",""
"**Test Case ID:** TC-NLP-01
**Title:** Check Offers lead submits successfully on Best Trucks
**Language:** en

**Description:**
Open the Best Trucks listing page, click Check Offers to open its lead form, fill name, mobile and city, and submit.

**Expected Result:**
A Thank You confirmation is shown after a successful lead submission. The submitted name is tagged with a page/CTA identifier for CRM traceability.

**Steps:**
1. Open the Best Trucks listing page
2. Click Check Offers to open its lead form
3. Fill name, mobile and city
4. Submit and verify the confirmation","11363","TC-NLP-01: Check Offers lead submits successfully on Best Trucks","ListingPages - NewListingPages [bestTrucks] [en] — Best Trucks","2026-10-09","passed","2026-10-09","","","",""
"","415","TC-TBR-04: Call Now assistance lead submits successfully on Mahindra Trucks","CategoryPages - CategoryListing [mahindraBrand] [en] — Mahindra Trucks","2026-10-09","skipped","2026-10-09","","","",""
"","1139","TC-CL-02: Check Truck Price lead form shows required validation when submitted empty on Petrol Trucks","CategoryPages - CategoryListing [petrol] [en] — Petrol Trucks","2026-10-09","passed","2026-10-09","","","",""
"","9371","TC-ECH-01: Check Offers lead submits successfully on E Challan","AllLeadForm - EChallan [en]","2026-10-09","passed","2026-10-09","","","",""
"","542","TC-NLP-04: Notify Me lead submits successfully on BS6 Trucks","ListingPages - NewListingPages [bs6Trucks] [en] — BS6 Trucks","2026-10-09","skipped","2026-10-09","","","",""
"","2211","TC-CL-02: Check Truck Price lead form shows required validation when submitted empty on Pickups","CategoryPages - CategoryListing [pickups] [en] — Pickups","2026-10-09","passed","2026-10-09","","","",""
"","385","TC-SPB-01: Talk To Dealer lead submits successfully on Mahindra Spare Parts Dealers","AllLeadForm - SparePartsBrand [mahindra] [en] — Mahindra Spare Parts Dealers","2026-10-09","broken","2026-10-09","","","",""
"","2195","TC-CL-03: Check Truck Price lead form rejects mobile that is not 10 digits on Transit Mixer","CategoryPages - CategoryListing [transitMixer] [en] — Transit Mixer","2026-10-09","passed","2026-10-09","","","",""
"","488","TC-DLC-03: Talk To Dealer lead form rejects mobile that is not 10 digits on Truck Dealers in Pune, Maharashtra","AllLeadForm - DealerCity [pune] [en] — Truck Dealers in Pune, Maharashtra","2026-10-09","broken","2026-10-09","","","",""
"","10710","TC-BGT-01: Check Truck Price lead submits successfully on Trucks Under 5 Lakh","AllLeadForm - Budget [under5Lakh] [en] — Trucks Under 5 Lakh","2026-10-09","passed","2026-10-09","","","",""
"","1692","TC-PL-03: Check Truck Price lead form rejects mobile that is not 10 digits on 1 ton - 2.5 ton Trucks","CategoryPages - CategoryListing [ton1to2_5] [en] — 1 ton - 2.5 ton Trucks","2026-10-09","passed","2026-10-09","","","",""
"","192","TC-PDPI-01: Check Offers lead submits successfully on Eka 3W Cargo Reviews","PDP - NewTruckInternalPages [ekaReview] [en] — Eka 3W Cargo Reviews","2026-10-09","broken","2026-10-09","","","",""
"","4774","TC-PDPI-05: Get On Road Price lead submits successfully on Eka 3W Cargo Price in Mumbai","PDP - NewTruckInternalPages [ekaPriceMumbai] [en] — Eka 3W Cargo Price in Mumbai","2026-10-09","passed","2026-10-09","","","",""
"","1315","TC-ESC-02: Check Truck Price lead form shows required validation when submitted empty on Electric Auto Rickshaw","AllLeadForm - ElectricSubCategory [autoRickshaw] [en] — Electric Auto Rickshaw","2026-10-09","passed","2026-10-09","","","",""
"","2115","TC-VHR-03: Check Vehicle Report lead requests OTP successfully on Vehicle Report","AllLeadForm - VehicleReport [en]","2026-10-09","passed","2026-10-09","","","",""
"","1475","TC-BR-06: Download Brochure lead form rejects mobile that is not 10 digits on Brochure","AllLeadForm - Brochure [en]","2026-10-09","passed","2026-10-09","","","",""
"","2726","TC-CL-02: Check Truck Price lead form shows required validation when submitted empty on 3 Wheeler","CategoryPages - CategoryListing [threeWheeler] [en] — 3 Wheeler","2026-10-09","passed","2026-10-09","","","",""
"","3261","TC-CB-01: Check Truck Price lead submits successfully on Force Tempo Traveller","AllLeadForm - CategoryBrand [tempoTravellerForce] [en] — Force Tempo Traveller","2026-10-09","passed","2026-10-09","","","",""
"","1600","TC-CL-03: Check Truck Price lead form rejects mobile that is not 10 digits on Trailers","CategoryPages - CategoryListing [trailers] [en] — Trailers","2026-10-09","passed","2026-10-09","","","",""
"","3313","TC-BGT-04: Call Now assistance lead submits successfully on Trucks Under 15 Lakh","AllLeadForm - Budget [under15Lakh] [en] — Trucks Under 15 Lakh","2026-10-09","passed","2026-10-09","","","",""
"","3571","TC-PDPI-03: Check Offers lead form rejects mobile that is not 10 digits on Tata Yodha 2.0 Specifications","PDP - NewTruckInternalPages [yodhaSpecifications] [en] — Tata Yodha 2.0 Specifications","2026-10-09","passed","2026-10-09","","","",""
"","2837","TC-CL-01: Check Truck Price lead submits successfully on LNG Trucks","CategoryPages - CategoryListing [lng] [en] — LNG Trucks","2026-10-09","passed","2026-10-09","","","",""
"","504","TC-SCB-03: Talk To Dealer lead form rejects mobile that is not 10 digits on Ashok Leyland Service Centers","AllLeadForm - ServiceCenterBrand [ashokLeyland] [en] — Ashok Leyland Service Centers","2026-10-09","broken","2026-10-09","","","",""
"","5104","TC-BUSPDP-01: Check Offers lead submits successfully on Tata Starbus Staff Contract","AllLeadForm - BusPdp [starbusStaffContract] [en] — Tata Starbus Staff Contract","2026-10-09","passed","2026-10-09","","","",""
"","218","TC-TSR-04: Call Now assistance lead submits successfully on Ashok Leyland Dost","CategoryPages - CategoryListing [ashokLeylandDost] [en] — Ashok Leyland Dost","2026-10-09","skipped","2026-10-09","","","",""
"","1746","TC-BGT-03: Check Truck Price lead form rejects mobile that is not 10 digits on Trucks Under 10 Lakh","AllLeadForm - Budget [under10Lakh] [en] — Trucks Under 10 Lakh","2026-10-09","passed","2026-10-09","","","",""
"","3337","TC-PL-01: Check Truck Price lead submits successfully on 10 ton - 20 ton Trucks","CategoryPages - CategoryListing [ton10to20] [en] — 10 ton - 20 ton Trucks","2026-10-09","passed","2026-10-09","","","",""
"","2179","TC-PDPI-02: Check Offers lead form shows required validation when submitted empty on Tata Yodha 2.0 Videos","PDP - NewTruckInternalPages [yodhaVideos] [en] — Tata Yodha 2.0 Videos","2026-10-09","passed","2026-10-09","","","",""
"","4125","TC-ESC-04: Call Now assistance lead submits successfully on Electric E Rickshaw","AllLeadForm - ElectricSubCategory [eRickshaw] [en] — Electric E Rickshaw","2026-10-09","passed","2026-10-09","","","",""
"","2824","TC-PL-04: Call Now assistance lead submits successfully on 5 ton - 10 ton Trucks","CategoryPages - CategoryListing [ton5to10] [en] — 5 ton - 10 ton Trucks","2026-10-09","passed","2026-10-09","","","",""
"","2050","TC-CL-03: Check Truck Price lead form rejects mobile that is not 10 digits on Tempo Traveller","CategoryPages - CategoryListing [tempoTraveller] [en] — Tempo Traveller","2026-10-09","passed","2026-10-09","","","",""
"","3545","TC-CL-01: Check Truck Price lead submits successfully on 10 Wheeler","CategoryPages - CategoryListing [tenWheeler] [en] — 10 Wheeler","2026-10-09","passed","2026-10-09","","","",""
"","1993","TC-TSR-02: Check Truck Price lead form shows required validation when submitted empty on Mahindra Blazo","CategoryPages - CategoryListing [mahindraBlazo] [en] — Mahindra Blazo","2026-10-09","passed","2026-10-09","","","",""
"","3575","TC-ESC-01: Check Truck Price lead submits successfully on Electric Commercial Vehicle Under 5 Lakh","AllLeadForm - ElectricSubCategory [under5Lakh] [en] — Electric Commercial Vehicle Under 5 Lakh","2026-10-09","passed","2026-10-09","","","",""
"","13367","TC-LMC-03: one Check Offers lead from threeWheelers tab submits successfully","AllLeadForm - Homepage LatestModelsByCategory [en]","2026-10-09","passed","2026-10-09","","","",""
"","18","TC-PDPI-05: lead submits successfully on Eka 3W Cargo Reviews","PDP - NewTruckInternalPages [ekaReview] [en] — Eka 3W Cargo Reviews","2026-10-09","skipped","2026-10-09","","","",""
"","2540","TC-BUT-03: Contact Seller lead form rejects mobile that is not 10 digits on Buy Used Trucks","AllLeadForm - BuyUsedTrucks [en]","2026-10-09","passed","2026-10-09","","","",""
"**Test Case ID:** TC-NLP-02
**Title:** Check Truck Price lead submits successfully on Best Trucks
**Language:** en

**Description:**
Open the Best Trucks listing page, click Check Truck Price to open its lead form, fill name, mobile and city, and submit.

**Expected Result:**
A Thank You confirmation is shown after a successful lead submission. The submitted name is tagged with a page/CTA identifier for CRM traceability.

**Steps:**
1. Open the Best Trucks listing page
2. Click Check Truck Price to open its lead form
3. Fill name, mobile and city
4. Submit and verify the confirmation","4722","TC-NLP-02: Check Truck Price lead submits successfully on Best Trucks","ListingPages - NewListingPages [bestTrucks] [en] — Best Trucks","2026-10-09","passed","2026-10-09","","","",""
"","1524","TC-BUS-02: lead form shows required validation when submitted empty on New Buses","AllLeadForm - BusListing [newBuses] [en] — New Buses","2026-10-09","passed","2026-10-09","","","",""
"","1483","TC-ESC-03: Check Truck Price lead form rejects mobile that is not 10 digits on Electric Mini Truck","AllLeadForm - ElectricSubCategory [miniTruck] [en] — Electric Mini Truck","2026-10-09","passed","2026-10-09","","","",""
"","382","TC-DBC-02: Talk To Dealer lead form shows required validation when submitted empty on Tata Truck Dealers in Ahmedabad, Gujarat","AllLeadForm - DealerBrandCity [tataAhmedabad] [en] — Tata Truck Dealers in Ahmedabad, Gujarat","2026-10-09","broken","2026-10-09","","","",""
"**Test Case ID:** TC-NLP-05
**Title:** Call Now lead submits successfully on BS6 Trucks
**Language:** en

**Description:**
Open the BS6 Trucks listing page, click Call Now to open its lead form, fill name, mobile and city, and submit.

**Expected Result:**
The assistance lead form closes after a successful submission (verified via the real submit network call). The submitted name is tagged with a page/CTA identifier for CRM traceability.

**Steps:**
1. Open the BS6 Trucks listing page
2. Click Call Now to open its lead form
3. Fill name, mobile and city
4. Submit and verify the confirmation","3916","TC-NLP-05: Call Now lead submits successfully on BS6 Trucks","ListingPages - NewListingPages [bs6Trucks] [en] — BS6 Trucks","2026-10-09","passed","2026-10-09","","","",""
"","1484","TC-ESC-03: Check Truck Price lead form rejects mobile that is not 10 digits on Electric Trucks","AllLeadForm - ElectricSubCategory [trucks] [en] — Electric Trucks","2026-10-09","passed","2026-10-09","","","",""
"","1210","TC-CL-02: Check Truck Price lead form shows required validation when submitted empty on 6 Wheeler","CategoryPages - CategoryListing [sixWheeler] [en] — 6 Wheeler","2026-10-09","passed","2026-10-09","","","",""
"","3035","TC-CL-02: Check Truck Price lead form shows required validation when submitted empty on LCV","CategoryPages - CategoryListing [lcv] [en] — LCV","2026-10-09","passed","2026-10-09","","","",""
"","14278","TC-EV-01: Check Truck Price lead submits successfully on Electric Commercial Vehicles","AllLeadForm - ElectricVehicle [en] — Electric Commercial Vehicles","2026-10-09","passed","2026-10-09","","","",""
"","2862","TC-CL-04: Call Now assistance lead submits successfully on LPG Trucks","CategoryPages - CategoryListing [lpg] [en] — LPG Trucks","2026-10-09","passed","2026-10-09","","","",""
"","1467","TC-PL-03: Check Truck Price lead form rejects mobile that is not 10 digits on 2.5 ton - 5 ton Trucks","CategoryPages - CategoryListing [ton2_5to5] [en] — 2.5 ton - 5 ton Trucks","2026-10-09","passed","2026-10-09","","","",""
"","3280","TC-CL-01: Check Truck Price lead submits successfully on ICV","CategoryPages - CategoryListing [icv] [en] — ICV","2026-10-09","passed","2026-10-09","","","",""
"","3524","TC-CL-01: Check Truck Price lead submits successfully on 12 Wheeler","CategoryPages - CategoryListing [twelveWheeler] [en] — 12 Wheeler","2026-10-09","passed","2026-10-09","","","",""
"","3293","TC-CB-01: Check Truck Price lead submits successfully on Allfine E Rickshaw","AllLeadForm - CategoryBrand [eRickshawAllfine] [en] — Allfine E Rickshaw","2026-10-09","passed","2026-10-09","","","",""
"**Test Case ID:** TC-NLP-01
**Title:** Check Offers lead submits successfully on Latest Trucks
**Language:** en

**Description:**
Open the Latest Trucks listing page, click Check Offers to open its lead form, fill name, mobile and city, and submit.

**Expected Result:**
A Thank You confirmation is shown after a successful lead submission. The submitted name is tagged with a page/CTA identifier for CRM traceability.

**Steps:**
1. Open the Latest Trucks listing page
2. Click Check Offers to open its lead form
3. Fill name, mobile and city
4. Submit and verify the confirmation","10788","TC-NLP-01: Check Offers lead submits successfully on Latest Trucks","ListingPages - NewListingPages [latestTrucks] [en] — Latest Trucks","2026-10-09","passed","2026-10-09","","","",""
"","17679","TC-BGT-01: Check Truck Price lead submits successfully on Trucks Under 40 Lakh","AllLeadForm - Budget [under40Lakh] [en] — Trucks Under 40 Lakh","2026-10-09","failed","2026-10-09","","","",""
"","1133","TC-PL-02: Check Truck Price lead form shows required validation when submitted empty on 20 ton - 40 ton Trucks","CategoryPages - CategoryListing [ton20to40] [en] — 20 ton - 40 ton Trucks","2026-10-09","passed","2026-10-09","","","",""
"","1109","TC-CB-02: Check Truck Price lead form shows required validation when submitted empty on Allfine E Rickshaw","AllLeadForm - CategoryBrand [eRickshawAllfine] [en] — Allfine E Rickshaw","2026-10-09","passed","2026-10-09","","","",""
"","1169","TC-CL-02: Check Truck Price lead form shows required validation when submitted empty on 10 Wheeler","CategoryPages - CategoryListing [tenWheeler] [en] — 10 Wheeler","2026-10-09","passed","2026-10-09","","","",""
"","1107","TC-VHR-04: Check Offers lead form shows required validation when submitted empty on Vehicle Report","AllLeadForm - VehicleReport [en]","2026-10-09","passed","2026-10-09","","","",""
"","2282","TC-CL-03: Check Truck Price lead form rejects mobile that is not 10 digits on Auto Rickshaw","CategoryPages - CategoryListing [autoRickshaw] [en] — Auto Rickshaw","2026-10-09","passed","2026-10-09","","","",""
"","1540","TC-CT-03: Check Offers lead form rejects mobile that is not 10 digits on Compare Trucks","AllLeadForm - CompareTrucks [en]","2026-10-09","passed","2026-10-09","","","",""
"","3172","TC-PL-01: Check Truck Price lead submits successfully on 1 ton - 2.5 ton Trucks","CategoryPages - CategoryListing [ton1to2_5] [en] — 1 ton - 2.5 ton Trucks","2026-10-09","passed","2026-10-09","","","",""
"","3586","TC-BUS-01: lead submits successfully on Popular Buses","AllLeadForm - BusListing [popularBuses] [en] — Popular Buses","2026-10-09","passed","2026-10-09","","","",""
"","1984","TC-UTPDP-02: Contact Seller lead form shows required validation when submitted empty on Used Truck Detail","AllLeadForm - UsedTruckPdp [en]","2026-10-09","passed","2026-10-09","","","",""
"","17572","TC-TSR-01: Check Truck Price lead submits successfully on Mahindra Blazo","CategoryPages - CategoryListing [mahindraBlazo] [en] — Mahindra Blazo","2026-10-09","failed","2026-10-09","","","",""
"","2917","TC-CL-01: Check Truck Price lead submits successfully on Petrol Trucks","CategoryPages - CategoryListing [petrol] [en] — Petrol Trucks","2026-10-09","passed","2026-10-09","","","",""
"","3209","TC-CB-04: Call Now assistance lead submits successfully on BharatBenz 6 Wheeler Trucks","AllLeadForm - CategoryBrand [sixWheelerBharatBenz] [en] — BharatBenz 6 Wheeler Trucks","2026-10-09","passed","2026-10-09","","","",""
"","5427","TC-PDPI-01: Check Offers lead submits successfully on Tata Yodha 2.0 Reviews","PDP - NewTruckInternalPages [yodhaReview] [en] — Tata Yodha 2.0 Reviews","2026-10-09","passed","2026-10-09","","","",""
"","1446","TC-ESC-03: Check Truck Price lead form rejects mobile that is not 10 digits on Electric Commercial Vehicle Under 1 Lakh","AllLeadForm - ElectricSubCategory [under1Lakh] [en] — Electric Commercial Vehicle Under 1 Lakh","2026-10-09","passed","2026-10-09","","","",""
"**Test Case ID:** TC-NLP-05
**Title:** Call Now lead submits successfully on Upcoming Trucks
**Language:** en

**Description:**
Open the Upcoming Trucks listing page, click Call Now to open its lead form, fill name, mobile and city, and submit.

**Expected Result:**
The assistance lead form closes after a successful submission (verified via the real submit network call). The submitted name is tagged with a page/CTA identifier for CRM traceability.

**Steps:**
1. Open the Upcoming Trucks listing page
2. Click Call Now to open its lead form
3. Fill name, mobile and city
4. Submit and verify the confirmation","5137","TC-NLP-05: Call Now lead submits successfully on Upcoming Trucks","ListingPages - NewListingPages [upcomingTrucks] [en] — Upcoming Trucks","2026-10-09","passed","2026-10-09","","","",""
"","4064","TC-PL-01: Check Truck Price lead submits successfully on 5 ton - 10 ton Trucks","CategoryPages - CategoryListing [ton5to10] [en] — 5 ton - 10 ton Trucks","2026-10-09","passed","2026-10-09","","","",""
"","1729","TC-CL-03: Check Truck Price lead form rejects mobile that is not 10 digits on Mini Trucks","CategoryPages - CategoryListing [miniTrucks] [en] — Mini Trucks","2026-10-09","passed","2026-10-09","","","",""
"","3698","TC-CL-01: Check Truck Price lead submits successfully on 18 Wheeler","CategoryPages - CategoryListing [eighteenWheeler] [en] — 18 Wheeler","2026-10-09","passed","2026-10-09","","","",""
"","421","TC-SCB-01: Talk To Dealer lead submits successfully on Ashok Leyland Service Centers","AllLeadForm - ServiceCenterBrand [ashokLeyland] [en] — Ashok Leyland Service Centers","2026-10-09","broken","2026-10-09","","","",""
"","1564","TC-BR-05: Download Brochure lead form shows required validation when submitted empty on Brochure","AllLeadForm - Brochure [en]","2026-10-09","passed","2026-10-09","","","",""
"","1498","TC-CB-03: Check Truck Price lead form rejects mobile that is not 10 digits on Eicher Mini Trucks","AllLeadForm - CategoryBrand [miniTruckEicher] [en] — Eicher Mini Trucks","2026-10-09","passed","2026-10-09","","","",""
"","3136","TC-CL-01: Check Truck Price lead submits successfully on CNG Trucks","CategoryPages - CategoryListing [cng] [en] — CNG Trucks","2026-10-09","passed","2026-10-09","","","",""
"","2982","TC-CB-04: Call Now assistance lead submits successfully on Ashok Leyland 6 Wheeler Trucks","AllLeadForm - CategoryBrand [sixWheelerAshokLeyland] [en] — Ashok Leyland 6 Wheeler Trucks","2026-10-09","passed","2026-10-09","","","",""
"","5060","TC-LMC-06: one Check Offers lead from miniTrucks tab submits successfully","AllLeadForm - Homepage LatestModelsByCategory [en]","2026-10-09","passed","2026-10-09","","","",""
"","3380","TC-CL-01: Check Truck Price lead submits successfully on Bi Fuel Trucks","CategoryPages - CategoryListing [biFuel] [en] — Bi Fuel Trucks","2026-10-09","passed","2026-10-09","","","",""
"","32245","TC-TMO-01: Check Offers lead submits successfully on every tab of Select Your Truck","AllLeadForm - TabbedModelOffers [selectYourTruck] [en] — Select Your Truck","2026-10-09","failed","2026-10-09","","","",""
"","1180","TC-CL-02: Check Truck Price lead form shows required validation when submitted empty on Hydrogen Trucks","CategoryPages - CategoryListing [hydrogen] [en] — Hydrogen Trucks","2026-10-09","passed","2026-10-09","","","",""
"","1352","TC-BDM-02: Talk To Dealer lead form shows required validation when submitted empty on Body Makers","AllLeadForm - BodyMakers [en] — Body Makers","2026-10-09","passed","2026-10-09","","","",""
"","2842","TC-ESC-03: Check Truck Price lead form rejects mobile that is not 10 digits on Electric E Rickshaw","AllLeadForm - ElectricSubCategory [eRickshaw] [en] — Electric E Rickshaw","2026-10-09","passed","2026-10-09","","","",""
"","216","TC-ESC-04: Call Now assistance lead submits successfully on Electric Commercial Vehicle Under 5 Lakh","AllLeadForm - ElectricSubCategory [under5Lakh] [en] — Electric Commercial Vehicle Under 5 Lakh","2026-10-09","skipped","2026-10-09","","","",""
"","723","TC-DBC-01: Talk To Dealer lead submits successfully on Tata Truck Dealers in Pune, Maharashtra","AllLeadForm - DealerBrandCity [tataPune] [en] — Tata Truck Dealers in Pune, Maharashtra","2026-10-09","broken","2026-10-09","","","",""
"","2345","TC-CL-03: Check Truck Price lead form rejects mobile that is not 10 digits on 4 Wheeler","CategoryPages - CategoryListing [fourWheeler] [en] — 4 Wheeler","2026-10-09","passed","2026-10-09","","","",""
"","498","TC-CL-04: Call Now assistance lead submits successfully on Auto Rickshaw","CategoryPages - CategoryListing [autoRickshaw] [en] — Auto Rickshaw","2026-10-09","skipped","2026-10-09","","","",""
"","1058","TC-CB-02: Check Truck Price lead form shows required validation when submitted empty on BharatBenz 6 Wheeler Trucks","AllLeadForm - CategoryBrand [sixWheelerBharatBenz] [en] — BharatBenz 6 Wheeler Trucks","2026-10-09","passed","2026-10-09","","","",""
"","3230","TC-ESC-01: Check Truck Price lead submits successfully on Electric Pickup","AllLeadForm - ElectricSubCategory [pickup] [en] — Electric Pickup","2026-10-09","passed","2026-10-09","","","",""
"","1088","TC-CL-02: Check Truck Price lead form shows required validation when submitted empty on 8 Wheeler","CategoryPages - CategoryListing [eightWheeler] [en] — 8 Wheeler","2026-10-09","passed","2026-10-09","","","",""
"","966","TC-SPB-01: Talk To Dealer lead submits successfully on Tata Spare Parts Dealers","AllLeadForm - SparePartsBrand [tata] [en] — Tata Spare Parts Dealers","2026-10-09","broken","2026-10-09","","","",""
"","1554","TC-TSR-03: Check Truck Price lead form rejects mobile that is not 10 digits on Mahindra Bolero","CategoryPages - CategoryListing [mahindraBolero] [en] — Mahindra Bolero","2026-10-09","passed","2026-10-09","","","",""
"","5190","TC-BUT-02: Contact Seller lead form shows required validation when submitted empty on Buy Used Trucks","AllLeadForm - BuyUsedTrucks [en]","2026-10-09","passed","2026-10-09","","","",""
"","2545","TC-EV-03: Check Truck Price lead form shows required validation when submitted empty on Electric Commercial Vehicles","AllLeadForm - ElectricVehicle [en] — Electric Commercial Vehicles","2026-10-09","passed","2026-10-09","","","",""
"","2280","TC-BGT-03: Check Truck Price lead form rejects mobile that is not 10 digits on Trucks Under 15 Lakh","AllLeadForm - Budget [under15Lakh] [en] — Trucks Under 15 Lakh","2026-10-09","passed","2026-10-09","","","",""
"","1072","TC-PL-02: Check Truck Price lead form shows required validation when submitted empty on 2.5 ton - 5 ton Trucks","CategoryPages - CategoryListing [ton2_5to5] [en] — 2.5 ton - 5 ton Trucks","2026-10-09","passed","2026-10-09","","","",""
"","1491","TC-PL-03: Check Truck Price lead form rejects mobile that is not 10 digits on 20 ton - 40 ton Trucks","CategoryPages - CategoryListing [ton20to40] [en] — 20 ton - 40 ton Trucks","2026-10-09","passed","2026-10-09","","","",""
"","17","TC-PDPI-02: Check Offers lead form shows required validation when submitted empty on Eka 3W Cargo Reviews","PDP - NewTruckInternalPages [ekaReview] [en] — Eka 3W Cargo Reviews","2026-10-09","skipped","2026-10-09","","","",""
"","1900","TC-CL-03: Check Truck Price lead form rejects mobile that is not 10 digits on Bi Fuel Trucks","CategoryPages - CategoryListing [biFuel] [en] — Bi Fuel Trucks","2026-10-09","passed","2026-10-09","","","",""
"","181","TC-ESC-04: Call Now assistance lead submits successfully on Electric Commercial Vehicle Under 1 Lakh","AllLeadForm - ElectricSubCategory [under1Lakh] [en] — Electric Commercial Vehicle Under 1 Lakh","2026-10-09","skipped","2026-10-09","","","",""
"","1150","TC-CL-02: Check Truck Price lead form shows required validation when submitted empty on ICV","CategoryPages - CategoryListing [icv] [en] — ICV","2026-10-09","passed","2026-10-09","","","",""
"","12051","TC-CL-01: Check Truck Price lead submits successfully on LCV","CategoryPages - CategoryListing [lcv] [en] — LCV","2026-10-09","passed","2026-10-09","","","",""
"","1518","TC-CB-03: Check Truck Price lead form rejects mobile that is not 10 digits on Ashok Leyland 6 Wheeler Trucks","AllLeadForm - CategoryBrand [sixWheelerAshokLeyland] [en] — Ashok Leyland 6 Wheeler Trucks","2026-10-09","passed","2026-10-09","","","",""
"","4611","TC-BBG-01: Check Truck Price lead submits successfully on Eicher Trucks Under 20 Lakh","AllLeadForm - BrandBudget [eicherUnder20Lakh] [en] — Eicher Trucks Under 20 Lakh","2026-10-09","passed","2026-10-09","","","",""
"","1178","TC-CL-02: Check Truck Price lead form shows required validation when submitted empty on LPG Trucks","CategoryPages - CategoryListing [lpg] [en] — LPG Trucks","2026-10-09","passed","2026-10-09","","","",""
"","4221","TC-PDPI-05: Download Brochure lead submits successfully on Tata Yodha 2.0 Price in Gurgaon","PDP - NewTruckInternalPages [yodhaPriceGurgaon] [en] — Tata Yodha 2.0 Price in Gurgaon","2026-10-09","passed","2026-10-09","","","",""
"","331","TC-NLP-03: Contact Seller lead submits successfully on Upcoming Trucks","ListingPages - NewListingPages [upcomingTrucks] [en] — Upcoming Trucks","2026-10-09","skipped","2026-10-09","","","",""
"","1056","TC-PL-02: Check Truck Price lead form shows required validation when submitted empty on 10 ton - 20 ton Trucks","CategoryPages - CategoryListing [ton10to20] [en] — 10 ton - 20 ton Trucks","2026-10-09","passed","2026-10-09","","","",""
"","4862","TC-TBR-01: Check Truck Price lead submits successfully on Eicher Trucks","CategoryPages - CategoryListing [eicherBrand] [en] — Eicher Trucks","2026-10-09","passed","2026-10-09","","","",""
"","2767","TC-ESC-04: Call Now assistance lead submits successfully on Electric Mini Truck","AllLeadForm - ElectricSubCategory [miniTruck] [en] — Electric Mini Truck","2026-10-09","passed","2026-10-09","","","",""
"","15789","TC-PDPI-01: Get On Road Price lead submits successfully on Tata Yodha 2.0 Price in Gurgaon","PDP - NewTruckInternalPages [yodhaPriceGurgaon] [en] — Tata Yodha 2.0 Price in Gurgaon","2026-10-09","passed","2026-10-09","","","",""
"**Test Case ID:** TC-NLP-02
**Title:** Check Truck Price lead submits successfully on Popular Truck
**Language:** en

**Description:**
Open the Popular Truck listing page, click Check Truck Price to open its lead form, fill name, mobile and city, and submit.

**Expected Result:**
A Thank You confirmation is shown after a successful lead submission. The submitted name is tagged with a page/CTA identifier for CRM traceability.

**Steps:**
1. Open the Popular Truck listing page
2. Click Check Truck Price to open its lead form
3. Fill name, mobile and city
4. Submit and verify the confirmation","5511","TC-NLP-02: Check Truck Price lead submits successfully on Popular Truck","ListingPages - NewListingPages [popularTrucks] [en] — Popular Truck","2026-10-09","passed","2026-10-09","","","",""
"","278","TC-CL-04: Call Now assistance lead submits successfully on Tippers","CategoryPages - CategoryListing [tippers] [en] — Tippers","2026-10-09","skipped","2026-10-09","","","",""
"","847","TC-DLB-03: Talk To Dealer lead form rejects mobile that is not 10 digits on Tata Truck Dealers","AllLeadForm - DealerBrand [tata] [en] — Tata Truck Dealers","2026-10-09","broken","2026-10-09","","","",""
"","1617","TC-TYR-03: lead form rejects mobile that is not 10 digits on Tyres","AllLeadForm - Tyres [en] — Tyres","2026-10-09","passed","2026-10-09","","","",""
"","3578","TC-CL-01: Check Truck Price lead submits successfully on Mini Trucks","CategoryPages - CategoryListing [miniTrucks] [en] — Mini Trucks","2026-10-09","passed","2026-10-09","","","",""
"","4843","TC-BGT-01: Check Truck Price lead submits successfully on Trucks Under 30 Lakh","AllLeadForm - Budget [under30Lakh] [en] — Trucks Under 30 Lakh","2026-10-09","passed","2026-10-09","","","",""
"","401","TC-CL-04: Call Now assistance lead submits successfully on Pickups","CategoryPages - CategoryListing [pickups] [en] — Pickups","2026-10-09","skipped","2026-10-09","","","",""
"","2068","TC-CL-03: Check Truck Price lead form rejects mobile that is not 10 digits on Pickups","CategoryPages - CategoryListing [pickups] [en] — Pickups","2026-10-09","passed","2026-10-09","","","",""
"","1613","TC-BUSPDP-03: Check Offers lead form rejects mobile that is not 10 digits on Tata Starbus Staff Contract","AllLeadForm - BusPdp [starbusStaffContract] [en] — Tata Starbus Staff Contract","2026-10-09","passed","2026-10-09","","","",""
"","2320","TC-ESC-02: Check Truck Price lead form shows required validation when submitted empty on Electric E Rickshaw","AllLeadForm - ElectricSubCategory [eRickshaw] [en] — Electric E Rickshaw","2026-10-09","passed","2026-10-09","","","",""
"","1634","TC-CL-03: Check Truck Price lead form rejects mobile that is not 10 digits on LNG Trucks","CategoryPages - CategoryListing [lng] [en] — LNG Trucks","2026-10-09","passed","2026-10-09","","","",""
"","16585","TC-NTPDP-03: Get Offers lead submits successfully for Tata Yodha 2.0","AllLeadForm - NewTruckPdp [mostPopular] [en] — Tata Yodha 2.0","2026-10-09","failed","2026-10-09","","","",""
"","5183","TC-LMC-07: one Check Offers lead from scv tab submits successfully","AllLeadForm - Homepage LatestModelsByCategory [en]","2026-10-09","passed","2026-10-09","","","",""
"","1169","TC-CB-02: Check Truck Price lead form shows required validation when submitted empty on Atul 3 Wheeler","AllLeadForm - CategoryBrand [threeWheelerAtul] [en] — Atul 3 Wheeler","2026-10-09","passed","2026-10-09","","","",""
"","1484","TC-CB-03: Check Truck Price lead form rejects mobile that is not 10 digits on Eicher 4 Wheeler Trucks","AllLeadForm - CategoryBrand [fourWheelerEicher] [en] — Eicher 4 Wheeler Trucks","2026-10-09","passed","2026-10-09","","","",""
"","1207","TC-ESC-02: Check Truck Price lead form shows required validation when submitted empty on Electric Commercial Vehicle Under 1 Lakh","AllLeadForm - ElectricSubCategory [under1Lakh] [en] — Electric Commercial Vehicle Under 1 Lakh","2026-10-09","passed","2026-10-09","","","",""
"","3985","TC-TSR-01: Check Truck Price lead submits successfully on Ashok Leyland Boss","CategoryPages - CategoryListing [ashokLeylandBoss] [en] — Ashok Leyland Boss","2026-10-09","passed","2026-10-09","","","",""
"","1543","TC-BUS-03: lead form rejects mobile that is not 10 digits on SML ISUZU Buses","AllLeadForm - BusListing [smlIsuzuBuses] [en] — SML ISUZU Buses","2026-10-09","passed","2026-10-09","","","",""
"","5693","TC-BBG-01: Check Truck Price lead submits successfully on Ashok Leyland Trucks Under 15 Lakh","AllLeadForm - BrandBudget [ashokLeylandUnder15Lakh] [en] — Ashok Leyland Trucks Under 15 Lakh","2026-10-09","passed","2026-10-09","","","",""
"","1105","TC-CB-02: Check Truck Price lead form shows required validation when submitted empty on Eicher Mini Trucks","AllLeadForm - CategoryBrand [miniTruckEicher] [en] — Eicher Mini Trucks","2026-10-09","passed","2026-10-09","","","",""
"","11422","TC-TBR-01: Check Truck Price lead submits successfully on Tata Trucks","CategoryPages - CategoryListing [tataBrand] [en] — Tata Trucks","2026-10-09","passed","2026-10-09","","","",""
"","4597","TC-BR-01: Download Brochure lead submits successfully on Brochure","AllLeadForm - Brochure [en]","2026-10-09","passed","2026-10-09","","","",""
"","4026","TC-BGT-01: Check Truck Price lead submits successfully on Trucks Under 20 Lakh","AllLeadForm - Budget [under20Lakh] [en] — Trucks Under 20 Lakh","2026-10-09","passed","2026-10-09","","","",""
"","4041","TC-CL-03: Check Truck Price lead form rejects mobile that is not 10 digits on 3 Wheeler","CategoryPages - CategoryListing [threeWheeler] [en] — 3 Wheeler","2026-10-09","passed","2026-10-09","","","",""
"","47522","TC-PL-04: Call Now assistance lead submits successfully on 2.5 ton - 5 ton Trucks","CategoryPages - CategoryListing [ton2_5to5] [en] — 2.5 ton - 5 ton Trucks","2026-10-09","failed","2026-10-09","","","",""
"","2740","TC-PL-04: Call Now assistance lead submits successfully on 10 ton - 20 ton Trucks","CategoryPages - CategoryListing [ton10to20] [en] — 10 ton - 20 ton Trucks","2026-10-09","passed","2026-10-09","","","",""
