"DESCRIPTION","DURATION IN MS","NAME","PARENT SUITE","START TIME","STATUS","STOP TIME","SUB SUITE","SUITE","TEST CLASS","TEST METHOD"
"**Test Case ID:** TC-PTB-01
**Title:** Popular Truck Brands section is visible with heading
**Language:** ta

**Description:**
Open the homepage and locate the Popular Truck Brands section. Confirm the section is shown to the user with the correct section heading for the selected language.

**Expected Result:**
The Popular Truck Brands section is visible and the heading text matches the expected localized heading (for example, “Popular Truck Brands” in English).

**Steps:**
1. Open the homepage for the selected language
2. Scroll to the Popular Truck Brands section
3. Verify the section and heading are visible","2070","TC-PTB-01: Popular Truck Brands section is visible with heading","Homepage - PopularTruckBrands [ta]","2026-08-27","passed","2026-08-27","","","",""
"**Test Case ID:** TC-CDT-01
**Title:** Page heading is visible on Privacy Policy
**Language:** en

**Description:**
Open the Privacy Policy page and verify its main heading is shown.

**Expected Result:**
The user sees the ""Privacy Policy | Truckjunction"" heading at the top of the page.

**Steps:**
1. Open the Privacy Policy page
2. Verify the main page heading is visible","1030","TC-CDT-01: page heading is visible on Privacy Policy","UtilityPages - ContentDetailPage [privacyPolicy] [en] — Privacy Policy","2026-08-27","passed","2026-08-27","","","",""
"**Test Case ID:** TC-PL-05
**Title:** listing heading, filters and cards on Under 1 Ton Trucks
**Language:** en

**Description:**
Open Under 1 Ton Trucks and confirm the page heading and at least one listing card CTA. Filter By is checked when that row is present.

**Expected Result:**
Page heading is visible and at least one listing card button is shown.

**Steps:**
1. Open the Under 1 Ton Trucks page
2. Verify the page heading
3. Verify listing cards (and Filter By when present)","760","TC-PL-05: listing heading, filters and cards on Under 1 Ton Trucks","CategoryPages - PayloadListing [under1Ton] [en] — Under 1 Ton Trucks","2026-08-27","passed","2026-08-27","","","",""
"**Test Case ID:** TC-CL-03
**Title:** Check Truck Price lead form rejects mobile that is not 10 digits on 4 Wheeler
**Language:** en

**Description:**
Open the 4 Wheeler page, open Check Truck Price, fill a valid name, an invalid (5-digit) mobile number, and leave city empty, then submit.

**Expected Result:**
The real, page-shown mobile-format and location-required validation messages are displayed, and no lead is submitted.

**Steps:**
1. Open the 4 Wheeler page
2. Click a truck card's ""Check Truck Price"" button to open its lead form
3. Fill a valid name and an invalid mobile number
4. Submit with city left empty
5. Verify the mobile-format and location validation messages are shown","3733","TC-CL-03: Check Truck Price lead form rejects mobile that is not 10 digits on 4 Wheeler","CategoryPages - CategoryListing [fourWheeler] [en] — 4 Wheeler","2026-08-27","passed","2026-08-27","","","",""
"**Test Case ID:** TC-PTC-02
**Title:** First compared truck name navigates to truck PDP
**Language:** hi

**Description:**
Click the first visible truck name in Popular Truck Comparison and confirm that truck’s product detail page opens.

**Expected Result:**
The browser URL matches that truck’s PDP path for the selected language.

**Steps:**
1. Open Popular Truck Comparison
2. Click the first visible truck name
3. Verify the URL is the matching truck PDP","4892","TC-PTC-02: first compared truck name navigates to truck PDP","Homepage - PopularTruckComparison [hi]","2026-08-27","passed","2026-08-27","","","",""
"","2912","TC-SRT-09: shows budget/brand error when Search is clicked with no budget selected","Homepage - SearchRightTruck [en]","2026-08-27","passed","2026-08-27","","","",""
"","668","TC-TYRL-02: Load More is not shown on Latest Truck Tyres","UtilityPages - TyresListing [latestTruckTyres] [en] [desktop] — Latest Truck Tyres","2026-08-27","skipped","2026-08-27","","","",""
"**Test Case ID:** TC-CDT-01
**Title:** Page heading is visible on Terms and Conditions
**Language:** en

**Description:**
Open the Terms and Conditions page and verify its main heading is shown.

**Expected Result:**
The user sees the ""Terms and Conditions - Truck Junction"" heading at the top of the page.

**Steps:**
1. Open the Terms and Conditions page
2. Verify the main page heading is visible","723","TC-CDT-01: page heading is visible on Terms and Conditions","UtilityPages - ContentDetailPage [termsAndCondition] [en] — Terms and Conditions","2026-08-27","passed","2026-08-27","","","",""
"**Test Case ID:** TC-PDPI-05
**Title:** Download Brochure lead submits successfully on Tata Yodha 2.0 Price in Gurgaon
**Language:** en

**Description:**
Open Tata Yodha 2.0 Price in Gurgaon, click “Download Brochure” (a second entry point), fill name, mobile and city, and submit.

**Expected Result:**
A Thank You confirmation is shown after a successful lead submission from this second CTA.

**Steps:**
1. Open Tata Yodha 2.0 Price in Gurgaon
2. Click Download Brochure
3. Fill name, mobile and city
4. Submit and verify Thank You","3421","TC-PDPI-05: Download Brochure lead submits successfully on Tata Yodha 2.0 Price in Gurgaon","PDP - NewTruckInternalPages [yodhaPriceGurgaon] [en] — Tata Yodha 2.0 Price in Gurgaon","2026-08-27","passed","2026-08-27","","","",""
"**Test Case ID:** TC-LR-01
**Title:** Sign In from the homepage opens the login form
**Language:** en

**Description:**
Open the staging homepage, click Sign In, and confirm the Login / Register page shows the LOGIN form.

**Expected Result:**
The user lands on /login and sees “Login / Register to Truck Junction” with Email / Mobile no and Login.

**Steps:**
1. Open the staging homepage
2. Click Sign In
3. Verify the login heading, LOGIN tab, email/mobile field and Login button","17018","TC-LR-01: Sign In from the homepage opens the login form","Login - LoginRegister [en]","2026-08-27","passed","2026-08-27","","","",""
"","12786","TC-TSR-00: page links resolve 200/30x; broken links are logged, not failed","CategoryPages - CategoryListingTruckSeries [ashokLeylandDost] [en] — Ashok Leyland Dost","2026-08-27","passed","2026-08-27","","","",""
"**Test Case ID:** TC-TYRL-03
**Title:** A second Load More still adds tyre cards on MRF Tyres
**Language:** en

**Description:**
Click Load More once on MRF Tyres, then again if it is still shown, and confirm the card list keeps growing.

**Expected Result:**
The first Load More adds cards. If Load More remains, a second click adds still more cards.

**Steps:**
1. Open MRF Tyres
2. Click Load More and verify more cards
3. Click Load More again if it is still shown","1593","TC-TYRL-03: a second Load More still adds tyre cards on MRF Tyres","UtilityPages - TyresListing [mrfTyres] [en] [desktop] — MRF Tyres","2026-08-27","passed","2026-08-27","","","",""
"**Test Case ID:** TC-TYRL-01
**Title:** Load More shows more tyre cards on CEAT Tyres
**Language:** en

**Description:**
Click Load More on CEAT Tyres and confirm more tyre cards appear.

**Expected Result:**
The number of visible “View August Offer” cards increases after Load More.

**Steps:**
1. Open CEAT Tyres
2. Note how many tyre cards are shown
3. Click Load More
4. Verify more cards are shown","1239","TC-TYRL-01: Load More shows more tyre cards on CEAT Tyres","UtilityPages - TyresListing [ceatTyres] [en] [desktop] — CEAT Tyres","2026-08-27","passed","2026-08-27","","","",""
"**Test Case ID:** TC-TYRL-01
**Title:** Load More shows more tyre cards on Continental Tyres
**Language:** en

**Description:**
Click Load More on Continental Tyres and confirm more tyre cards appear.

**Expected Result:**
The number of visible “View August Offer” cards increases after Load More.

**Steps:**
1. Open Continental Tyres
2. Note how many tyre cards are shown
3. Click Load More
4. Verify more cards are shown","1151","TC-TYRL-01: Load More shows more tyre cards on Continental Tyres","UtilityPages - TyresListing [continentalTyres] [en] [desktop] — Continental Tyres","2026-08-27","passed","2026-08-27","","","",""
"","3797","TC-TIY-07: Popular tab has no duplicate truck cards","Homepage - TruckInIndia [en]","2026-08-27","passed","2026-08-27","","","",""
"**Test Case ID:** TC-FRU-04
**Title:** No city link shares another city's listing URL
**Language:** hi

**Description:**
Confirm the first two city links do not point at each other's used-truck-in URL.

**Expected Result:**
Each city card links only to its own city listing URL.

**Steps:**
1. Open Find Reliable Used Trucks Near You
2. Verify the first city's link does not use the second city's URL, and vice versa","1523","TC-FRU-04: no city link shares another city's listing URL","Homepage - FindReliableUsedTrucksNearYou [hi]","2026-08-27","passed","2026-08-27","","","",""
"**Test Case ID:** TC-PDPI-03
**Title:** Check Offers lead form rejects mobile that is not 10 digits on Tata Yodha 2.0 Mileage
**Language:** en

**Description:**
Open Tata Yodha 2.0 Mileage, click “Check Offers”, fill a valid name, an invalid 5-digit mobile number, leave city empty, then submit.

**Expected Result:**
The mobile-format and location-required validation messages are shown, and no lead is submitted.

**Steps:**
1. Open Tata Yodha 2.0 Mileage
2. Click Check Offers
3. Fill a valid name and an invalid mobile number
4. Submit with city empty
5. Verify mobile-format and location messages","4640","TC-PDPI-03: Check Offers lead form rejects mobile that is not 10 digits on Tata Yodha 2.0 Mileage","PDP - NewTruckInternalPages [yodhaMileage] [en] — Tata Yodha 2.0 Mileage","2026-08-27","passed","2026-08-27","","","",""
"**Test Case ID:** TC-TSR-04
**Title:** listing heading, filters and cards on Tata Ace
**Language:** en

**Description:**
Open Tata Ace and confirm the page heading and at least one listing card CTA. Filter By is checked when that row is present.

**Expected Result:**
Page heading is visible and at least one listing card button is shown.

**Steps:**
1. Open the Tata Ace page
2. Verify the page heading
3. Verify listing cards (and Filter By when present)","1157","TC-TSR-04: listing heading, filters and cards on Tata Ace","CategoryPages - CategoryListingTruckSeries [tataAce] [en] — Tata Ace","2026-08-27","passed","2026-08-27","","","",""
"**Test Case ID:** TC-PL-02
**Title:** Check Truck Price lead form shows required validation when submitted empty on 20 ton - 40 ton Trucks
**Language:** en

**Description:**
Open the 20 ton - 40 ton Trucks page, open Check Truck Price, and submit with name, mobile and city all left empty.

**Expected Result:**
The real, page-shown validation messages for name, mobile and location are displayed, and no lead is submitted.

**Steps:**
1. Open the 20 ton - 40 ton Trucks page
2. Click a truck card's ""Check Truck Price"" button to open its lead form
3. Leave name, mobile and city empty and submit
4. Verify all three required-field validation messages are shown","2972","TC-PL-02: Check Truck Price lead form shows required validation when submitted empty on 20 ton - 40 ton Trucks","CategoryPages - PayloadListing [ton20to40] [en] — 20 ton - 40 ton Trucks","2026-08-27","passed","2026-08-27","","","",""
"**Test Case ID:** TC-BR-08
**Title:** Select Truck to download Brochure and Search are visible on Brochure
**Language:** en

**Description:**
Confirm the Select Truck to download Brochure block and its Search button on Brochure.

**Expected Result:**
Select Truck to download Brochure heading and Search are visible.

**Steps:**
1. Open the Brochure page
2. Locate Select Truck to download Brochure
3. Verify Search is shown","958","TC-BR-08: Select Truck to download Brochure and Search are visible on Brochure","Brochure - Brochure [en] — Brochure","2026-08-27","passed","2026-08-27","","","",""
"**Test Case ID:** TC-PTC-05
**Title:** No visible product card links to a duplicate truck
**Language:** en

**Description:**
Confirm every visible product name in Popular Truck Comparison links to a distinct truck.

**Expected Result:**
No two visible product cards share the same href.

**Steps:**
1. Open Popular Truck Comparison
2. Verify all visible product links are unique","1271","TC-PTC-05: no visible product card links to a duplicate truck","Homepage - PopularTruckComparison [en]","2026-08-27","passed","2026-08-27","","","",""
"**Test Case ID:** TC-UTPDP-05
**Title:** Check Offers lead form shows required validation when submitted empty on Used Truck Detail
**Language:** en

**Description:**
Open Check Offers on a used-truck detail page and submit with name, mobile and city empty.

**Expected Result:**
The real required-field validation messages are shown, and no lead is submitted.

**Steps:**
1. Open a used-truck detail page
2. Click Check Offers
3. Leave fields empty and submit
4. Verify required-field messages","3150","TC-UTPDP-05: Check Offers lead form shows required validation when submitted empty on Used Truck Detail","UsedTruck - UsedTruckPdp [en] — Used Truck Detail","2026-08-27","passed","2026-08-27","","","",""
"","10729","TC-FRU-00: page links resolve 200/30x; broken links are logged, not failed","Homepage - FindReliableUsedTrucksNearYou [ta]","2026-08-27","passed","2026-08-27","","","",""
"**Test Case ID:** TC-TYR-03
**Title:** Lead form rejects mobile that is not 10 digits on Tyres
**Language:** en

**Description:**
Open the Tyres page, open the lead form via ""View August Offer"", fill a valid name, an invalid (5-digit) mobile number, and leave city empty, then submit.

**Expected Result:**
The real, page-shown mobile-format and location-required validation messages are displayed, and no lead is submitted.

**Steps:**
1. Open the Tyres page
2. Click a tyre card's ""View August Offer"" button to open its lead form
3. Fill a valid name and an invalid mobile number
4. Submit with city left empty
5. Verify the mobile-format and location validation messages are shown","2096","TC-TYR-03: lead form rejects mobile that is not 10 digits on Tyres","UtilityPages - Tyres [en] — Tyres","2026-08-27","passed","2026-08-27","","","",""
"**Test Case ID:** TC-PSH-05
**Title:** No visible product card links to a duplicate used truck
**Language:** hi

**Description:**
Confirm every visible product name in Popular Second Hand Truck links to a distinct used truck.

**Expected Result:**
No two visible product cards share the same href.

**Steps:**
1. Open Popular Second Hand Truck
2. Verify all visible product links are unique","1464","TC-PSH-05: no visible product card links to a duplicate used truck","Homepage - PopularSecondHandTruck [hi]","2026-08-27","passed","2026-08-27","","","",""
"","706","TC-NLP-09: SecondaryNavbar jump links on BS6 Trucks","ListingPages - NewListingPages [bs6Trucks] [en] — BS6 Trucks","2026-08-27","skipped","2026-08-27","","","",""
"**Test Case ID:** TC-CL-02
**Title:** Check Truck Price lead form shows required validation when submitted empty on CNG Trucks
**Language:** en

**Description:**
Open the CNG Trucks page, open Check Truck Price, and submit with name, mobile and city all left empty.

**Expected Result:**
The real, page-shown validation messages for name, mobile and location are displayed, and no lead is submitted.

**Steps:**
1. Open the CNG Trucks page
2. Click a truck card's ""Check Truck Price"" button to open its lead form
3. Leave name, mobile and city empty and submit
4. Verify all three required-field validation messages are shown","2483","TC-CL-02: Check Truck Price lead form shows required validation when submitted empty on CNG Trucks","CategoryPages - CategoryListing [cng] [en] — CNG Trucks","2026-08-27","passed","2026-08-27","","","",""
"","3101","TC-SRT-10: switches tabs and updates select placeholders","Homepage - SearchRightTruck [ta]","2026-08-27","passed","2026-08-27","","","",""
"","925","TC-NLP-05: Call Now lead submits successfully on Best Trucks","ListingPages - NewListingPages [bestTrucks] [en] — Best Trucks","2026-08-27","skipped","2026-08-27","","","",""
"**Test Case ID:** TC-EV-03
**Title:** Check Truck Price lead form shows required validation when submitted empty on Electric Commercial Vehicles
**Language:** en

**Description:**
Open the Electric Commercial Vehicles page, open Check Truck Price on a truck card, and submit with name, mobile and city all left empty.

**Expected Result:**
The real, page-shown validation messages for name, mobile and location are displayed, and no lead is submitted.

**Steps:**
1. Open the Electric Commercial Vehicles page
2. Click a truck card's ""Check Truck Price"" button to open its lead form
3. Leave name, mobile and city empty and submit
4. Verify all three required-field validation messages are shown","4799","TC-EV-03: Check Truck Price lead form shows required validation when submitted empty on Electric Commercial Vehicles","CategoryPages - ElectricVehicle [en] — Electric Commercial Vehicles","2026-08-27","passed","2026-08-27","","","",""
"","19542","TC-LR-00: page links resolve 200/30x; broken links are logged, not failed","Login - LoginRegister [en]","2026-08-27","passed","2026-08-27","","","",""
"**Test Case ID:** TC-BUS-03
**Title:** Lead form rejects mobile that is not 10 digits on SML ISUZU Buses
**Language:** en

**Description:**
Open the SML ISUZU Buses page, open the lead form via ""Check Bus Price"", fill a valid name, an invalid (5-digit) mobile number, and leave city empty, then submit.

**Expected Result:**
The bus enquiry popup rejects the invalid mobile number in real time (the field reverts to empty), and submitting shows the mobile-required and location-required validation messages, with no lead submitted.

**Steps:**
1. Open the SML ISUZU Buses page
2. Click ""Check Bus Price"" to open its lead form
3. Fill a valid name and an invalid mobile number
4. Submit with city left empty
5. Verify the mobile-required and location validation messages are shown","2640","TC-BUS-03: lead form rejects mobile that is not 10 digits on SML ISUZU Buses","Buses - BusListing [smlIsuzuBuses] [en] — SML ISUZU Buses","2026-08-27","passed","2026-08-27","","","",""
"","1507","TC-SRT-08: shows body-type/brand error when Search is clicked with no body type selected","Homepage - SearchRightTruck [ta]","2026-08-27","passed","2026-08-27","","","",""
"**Test Case ID:** TC-SEOS-02
**Title:** FAQ questions on Eka 3W Cargo Price in Mumbai [en] match the stored snapshot
**Language:** en

**Description:**
Compare the FAQ heading and questions on Eka 3W Cargo Price in Mumbai (en) with the stored snapshot. Pages with no FAQ must still have none.

**Expected Result:**
FAQ heading and questions on Eka 3W Cargo Price in Mumbai (en) are unchanged.

**Steps:**
1. Open Eka 3W Cargo Price in Mumbai (en)
2. Read the FAQ block
3. Compare with the stored snapshot","784","TC-SEOS-02: FAQ questions on Eka 3W Cargo Price in Mumbai [en] match the stored snapshot","SEO structure - PDP [ekaPriceMumbai] [en] — Eka 3W Cargo Price in Mumbai","2026-08-27","passed","2026-08-27","","","",""
"","36288","TC-SRT-02: Verify Only Brand selection navigates to brand page","Homepage - SearchRightTruck [ta]","2026-08-27","passed","2026-08-27","","","",""
"","1360","TC-CL-04: Call Now assistance lead submits successfully on 6 Wheeler","CategoryPages - CategoryListing [sixWheeler] [en] — 6 Wheeler","2026-08-27","skipped","2026-08-27","","","",""
"**Test Case ID:** TC-PTB-02
**Title:** All popular brand cards show name, logo, title and brand URL
**Language:** ta

**Description:**
In the Popular Truck Brands section, verify every brand card shown on this device displays the brand name, logo image, accessible title, and link to that brand’s page. Desktop shows 12 brands; mobile shows the first 6 of that same list (the extra cards are not in the page at all on mobile).

**Expected Result:**
Each brand the current device actually displays appears once with the correct visible name, logo, title attribute, and href pointing to the brand page for that language. The number of cards matches this device (12 on desktop, 6 on mobile).

**Steps:**
1. Open the Popular Truck Brands section
2. For each brand shown on this device, verify name, logo, title and URL
3. Confirm the total number of brand cards matches this device, not the other device’s count","1251","TC-PTB-02: all popular brand cards show name, logo, title and brand URL","Homepage - PopularTruckBrands [ta]","2026-08-27","passed","2026-08-27","","","",""
"","2250","TC-NLP-04: Notify Me lead submits successfully on Popular Truck","ListingPages - NewListingPages [popularTrucks] [en] — Popular Truck","2026-08-27","skipped","2026-08-27","","","",""
"**Test Case ID:** TC-PL-01
**Title:** Check Truck Price lead submits successfully on 2.5 ton - 5 ton Trucks
**Language:** en

**Description:**
Open the 2.5 ton - 5 ton Trucks page, click a truck card's ""Check Truck Price"" button to open its lead form, fill name, mobile and city, and submit.

**Expected Result:**
A Thank You confirmation is shown after a successful lead submission.

**Steps:**
1. Open the 2.5 ton - 5 ton Trucks page
2. Click a truck card's ""Check Truck Price"" button to open its lead form
3. Fill name, mobile and city
4. Submit and verify Thank You confirmation","4161","TC-PL-01: Check Truck Price lead submits successfully on 2.5 ton - 5 ton Trucks","CategoryPages - PayloadListing [ton2_5to5] [en] — 2.5 ton - 5 ton Trucks","2026-08-27","passed","2026-08-27","","","",""
"**Test Case ID:** TC-CL-01
**Title:** Check Truck Price lead submits successfully on Hydrogen Trucks
**Language:** en

**Description:**
Open the Hydrogen Trucks page, click a truck card's ""Check Truck Price"" button to open its lead form, fill name, mobile and city, and submit.

**Expected Result:**
A Thank You confirmation is shown after a successful lead submission.

**Steps:**
1. Open the Hydrogen Trucks page
2. Click a truck card's ""Check Truck Price"" button to open its lead form
3. Fill name, mobile and city
4. Submit and verify Thank You confirmation","3988","TC-CL-01: Check Truck Price lead submits successfully on Hydrogen Trucks","CategoryPages - CategoryListing [hydrogen] [en] — Hydrogen Trucks","2026-08-27","passed","2026-08-27","","","",""
"","9361","TC-CL-00: page links resolve 200/30x; broken links are logged, not failed","CategoryPages - CategoryListing [threeWheeler] [en] — 3 Wheeler","2026-08-27","passed","2026-08-27","","","",""
"**Test Case ID:** TC-NLP-09
**Title:** SecondaryNavbar jump links on Popular Truck
**Language:** en

**Description:**
Confirm the sticky SecondaryNavbar on Popular Truck shows every expected in-page jump link, then use FAQs to jump to Frequently Asked Questions.

**Expected Result:**
SecondaryNavbar items are visible and FAQs jumps to the FAQ heading.

**Steps:**
1. Open the Popular Truck listing page
2. Verify SecondaryNavbar items
3. Click FAQs
4. Verify the FAQ heading is shown","1758","TC-NLP-09: SecondaryNavbar jump links on Popular Truck","ListingPages - NewListingPages [popularTrucks] [en] — Popular Truck","2026-08-27","passed","2026-08-27","","","",""
"","3070","TC-TIY-03: Popular tab shows truck cards with Check Offers CTA","Homepage - TruckInIndia [en]","2026-08-27","passed","2026-08-27","","","",""
"**Test Case ID:** TC-CL-04
**Title:** Call Now assistance lead submits successfully on LPG Trucks
**Language:** en

**Description:**
Open the LPG Trucks page, click the ""Still confused?"" widget's Call Now button to open the assistance lead form, fill model, name, mobile and city, and submit.

**Expected Result:**
The assistance form closes after a successful submission.

**Steps:**
1. Open the LPG Trucks page
2. Click Call Now to open the assistance lead form
3. Fill model, name, mobile and city
4. Submit and verify the assistance form closes","4210","TC-CL-04: Call Now assistance lead submits successfully on LPG Trucks","CategoryPages - CategoryListing [lpg] [en] — LPG Trucks","2026-08-27","passed","2026-08-27","","","",""
"**Test Case ID:** TC-TBR-01
**Title:** Check Truck Price lead submits successfully on Ashok Leyland Trucks
**Language:** en

**Description:**
Open the Ashok Leyland Trucks page, click a truck card's ""Check Truck Price"" button to open its lead form, fill name, mobile and city, and submit.

**Expected Result:**
A Thank You confirmation is shown after a successful lead submission.

**Steps:**
1. Open the Ashok Leyland Trucks page
2. Click a truck card's ""Check Truck Price"" button to open its lead form
3. Fill name, mobile and city
4. Submit and verify Thank You confirmation","7993","TC-TBR-01: Check Truck Price lead submits successfully on Ashok Leyland Trucks","CategoryPages - CategoryListingBrands [ashokLeylandBrand] [en] — Ashok Leyland Trucks","2026-08-27","passed","2026-08-27","","","",""
"","2073","TC-CL-04: Call Now assistance lead submits successfully on 3 Wheeler","CategoryPages - CategoryListing [threeWheeler] [en] — 3 Wheeler","2026-08-27","skipped","2026-08-27","","","",""
"**Test Case ID:** TC-TBB-04
**Title:** Last news article title navigates to news page
**Language:** hi

**Description:**
Click the last (not first) visible news article title in The Buzz Board and confirm the news article page opens.

**Expected Result:**
The browser URL matches that article’s news path for the selected language.

**Steps:**
1. Open The Buzz Board
2. Click the last visible article title
3. Verify the URL is the matching news page","1915","TC-TBB-04: last news article title navigates to news page","Homepage - TheBuzzBoard [hi]","2026-08-27","passed","2026-08-27","","","",""
"","20945","TC-CDT-00: page links resolve 200/30x; broken links are logged, not failed","UtilityPages - ContentDetailPage [authorsHub] [en] — All Authors","2026-08-27","passed","2026-08-27","","","",""
"**Test Case ID:** TC-PDPI-03
**Title:** Download Brochure lead form rejects mobile that is not 10 digits on Tata Yodha 2.0 Brochure
**Language:** en

**Description:**
Open Tata Yodha 2.0 Brochure, click “Download Brochure”, fill a valid name, an invalid 5-digit mobile number, leave city empty, then submit.

**Expected Result:**
The mobile-format and location-required validation messages are shown, and no lead is submitted.

**Steps:**
1. Open Tata Yodha 2.0 Brochure
2. Click Download Brochure
3. Fill a valid name and an invalid mobile number
4. Submit with city empty
5. Verify mobile-format and location messages","2311","TC-PDPI-03: Download Brochure lead form rejects mobile that is not 10 digits on Tata Yodha 2.0 Brochure","PDP - NewTruckInternalPages [yodhaBrochure] [en] — Tata Yodha 2.0 Brochure","2026-08-27","passed","2026-08-27","","","",""
"**Test Case ID:** TC-BUS-03
**Title:** Lead form rejects mobile that is not 10 digits on New Buses
**Language:** en

**Description:**
Open the New Buses page, open the lead form via ""Check Bus Price"", fill a valid name, an invalid (5-digit) mobile number, and leave city empty, then submit.

**Expected Result:**
The bus enquiry popup rejects the invalid mobile number in real time (the field reverts to empty), and submitting shows the mobile-required and location-required validation messages, with no lead submitted.

**Steps:**
1. Open the New Buses page
2. Click ""Check Bus Price"" to open its lead form
3. Fill a valid name and an invalid mobile number
4. Submit with city left empty
5. Verify the mobile-required and location validation messages are shown","2883","TC-BUS-03: lead form rejects mobile that is not 10 digits on New Buses","Buses - BusListing [newBuses] [en] — New Buses","2026-08-27","passed","2026-08-27","","","",""
"**Test Case ID:** TC-CL-03
**Title:** Check Truck Price lead form rejects mobile that is not 10 digits on Transit Mixer
**Language:** en

**Description:**
Open the Transit Mixer page, open Check Truck Price, fill a valid name, an invalid (5-digit) mobile number, and leave city empty, then submit.

**Expected Result:**
The real, page-shown mobile-format and location-required validation messages are displayed, and no lead is submitted.

**Steps:**
1. Open the Transit Mixer page
2. Click a truck card's ""Check Truck Price"" button to open its lead form
3. Fill a valid name and an invalid mobile number
4. Submit with city left empty
5. Verify the mobile-format and location validation messages are shown","3079","TC-CL-03: Check Truck Price lead form rejects mobile that is not 10 digits on Transit Mixer","CategoryPages - CategoryListing [transitMixer] [en] — Transit Mixer","2026-08-27","passed","2026-08-27","","","",""
"**Test Case ID:** TC-CL-01
**Title:** Check Truck Price lead submits successfully on Tippers
**Language:** en

**Description:**
Open the Tippers page, click a truck card's ""Check Truck Price"" button to open its lead form, fill name, mobile and city, and submit.

**Expected Result:**
A Thank You confirmation is shown after a successful lead submission.

**Steps:**
1. Open the Tippers page
2. Click a truck card's ""Check Truck Price"" button to open its lead form
3. Fill name, mobile and city
4. Submit and verify Thank You confirmation","7343","TC-CL-01: Check Truck Price lead submits successfully on Tippers","CategoryPages - CategoryListing [tippers] [en] — Tippers","2026-08-27","passed","2026-08-27","","","",""
"**Test Case ID:** TC-LR-05
**Title:** Continue stays disabled on an empty register form
**Language:** en

**Description:**
Open REGISTER with all fields empty and confirm Continue is not available to submit.

**Expected Result:**
Continue is disabled (or visually disabled) while the form is empty.

**Steps:**
1. Open /login
2. Click REGISTER
3. Verify Continue is disabled","2214","TC-LR-05: Continue stays disabled on an empty register form","Login - LoginRegister [en]","2026-08-27","passed","2026-08-27","","","",""
"","8008","TC-DIR-00: page links resolve 200/30x; broken links are logged, not failed","UtilityPages - DirectoryPage [allBusBrands] [en] — Top Bus Brands","2026-08-27","passed","2026-08-27","","","",""
"**Test Case ID:** TC-BUS-01
**Title:** Lead submits successfully on Latest Buses
**Language:** en

**Description:**
Open the Latest Buses page, click ""Check Bus Price"" to open its lead form, fill name, mobile and city, and submit.

**Expected Result:**
A Thank You confirmation is shown after a successful lead submission.

**Steps:**
1. Open the Latest Buses page
2. Click ""Check Bus Price"" to open its lead form
3. Fill name, mobile and city
4. Submit and verify Thank You confirmation","4481","TC-BUS-01: lead submits successfully on Latest Buses","Buses - BusListing [latestBuses] [en] — Latest Buses","2026-08-27","passed","2026-08-27","","","",""
"**Test Case ID:** TC-NTPDP-04
**Title:** Get Offers lead shows validation when empty for Tata Yodha 2.0
**Language:** en

**Description:**
Submit the launch Get Offers lead with empty name, mobile and city and confirm required-field messages.

**Expected Result:**
Validation messages appear for name, mobile and location; thank-you is not shown.

**Steps:**
1. With launch Get Offers lead still open from prior step
2. Click Get Offers without filling fields
3. Verify required validation messages","1315","TC-NTPDP-04: Get Offers lead shows validation when empty for Tata Yodha 2.0","PDP - NewTruckPdp [mostPopular] [en] — Tata Yodha 2.0","2026-08-27","passed","2026-08-27","","","",""
"**Test Case ID:** TC-BUSPDP-03
**Title:** Check Offers lead form rejects mobile that is not 10 digits on Tata Starbus Ultra City Electric
**Language:** en

**Description:**
Open Tata Starbus Ultra City Electric, click Check Offers, fill a valid name, an invalid 5-digit mobile number, leave city empty, then submit.

**Expected Result:**
The bus enquiry popup rejects the invalid mobile number in real time (the field reverts to empty), and submitting shows the mobile-required and location-required validation messages, with no lead submitted.

**Steps:**
1. Open Tata Starbus Ultra City Electric
2. Click Check Offers
3. Fill a valid name and an invalid mobile number
4. Submit with city empty
5. Verify mobile-format and location messages","2276","TC-BUSPDP-03: Check Offers lead form rejects mobile that is not 10 digits on Tata Starbus Ultra City Electric","Buses - BusPdp [starbusUltraCityElectric] [en] — Tata Starbus Ultra City Electric","2026-08-27","passed","2026-08-27","","","",""
"**Test Case ID:** TC-BUS-01
**Title:** Lead submits successfully on SML ISUZU Buses
**Language:** en

**Description:**
Open the SML ISUZU Buses page, click ""Check Bus Price"" to open its lead form, fill name, mobile and city, and submit.

**Expected Result:**
A Thank You confirmation is shown after a successful lead submission.

**Steps:**
1. Open the SML ISUZU Buses page
2. Click ""Check Bus Price"" to open its lead form
3. Fill name, mobile and city
4. Submit and verify Thank You confirmation","6231","TC-BUS-01: lead submits successfully on SML ISUZU Buses","Buses - BusListing [smlIsuzuBuses] [en] — SML ISUZU Buses","2026-08-27","passed","2026-08-27","","","",""
"**Test Case ID:** TC-CL-02
**Title:** Check Truck Price lead form shows required validation when submitted empty on 3 Wheeler
**Language:** en

**Description:**
Open the 3 Wheeler page, open Check Truck Price, and submit with name, mobile and city all left empty.

**Expected Result:**
The real, page-shown validation messages for name, mobile and location are displayed, and no lead is submitted.

**Steps:**
1. Open the 3 Wheeler page
2. Click a truck card's ""Check Truck Price"" button to open its lead form
3. Leave name, mobile and city empty and submit
4. Verify all three required-field validation messages are shown","3098","TC-CL-02: Check Truck Price lead form shows required validation when submitted empty on 3 Wheeler","CategoryPages - CategoryListing [threeWheeler] [en] — 3 Wheeler","2026-08-27","passed","2026-08-27","","","",""
"","9612","TC-CL-00: page links resolve 200/30x; broken links are logged, not failed","CategoryPages - CategoryListing [lcv] [en] — LCV","2026-08-27","passed","2026-08-27","","","",""
"**Test Case ID:** TC-LMC-07
**Title:** One Check Offers lead from एससीवी tab submits successfully
**Language:** hi

**Description:**
Open the एससीवी tab in Latest Models by Category, click Check Offers once, fill name/mobile/city, enter a 5-digit price/budget only if asked, and submit.

**Expected Result:**
A Thank You confirmation is shown after a successful lead submission from that tab.

**Steps:**
1. Open Latest Models by Category
2. Open the एससीवी tab
3. Click Check Offers on one visible card
4. Fill name, mobile and city (and 5-digit price/budget if shown)
5. Submit and verify Thank You confirmation","6440","TC-LMC-07: one Check Offers lead from एससीवी tab submits successfully","Homepage - LatestModelsByCategory [hi]","2026-08-27","passed","2026-08-27","","","",""
"**Test Case ID:** TC-BUS-01
**Title:** Lead submits successfully on Eicher Buses
**Language:** en

**Description:**
Open the Eicher Buses page, click ""Check Bus Price"" to open its lead form, fill name, mobile and city, and submit.

**Expected Result:**
A Thank You confirmation is shown after a successful lead submission.

**Steps:**
1. Open the Eicher Buses page
2. Click ""Check Bus Price"" to open its lead form
3. Fill name, mobile and city
4. Submit and verify Thank You confirmation","4283","TC-BUS-01: lead submits successfully on Eicher Buses","Buses - BusListing [eicherBuses] [en] — Eicher Buses","2026-08-27","passed","2026-08-27","","","",""
"**Test Case ID:** TC-NLP-07
**Title:** Check Offers lead form rejects mobile that is not 10 digits on Latest Trucks
**Language:** en

**Description:**
Open the Latest Trucks listing page, open Check Offers, fill a valid name, an invalid (5-digit) mobile number, and leave city empty, then submit.

**Expected Result:**
The real, page-shown mobile-format and location-required validation messages are displayed, and no lead is submitted.

**Steps:**
1. Open the Latest Trucks listing page
2. Click Check Offers to open its lead form
3. Fill a valid name and an invalid mobile number
4. Submit with city left empty
5. Verify the mobile-format and location validation messages are shown","3516","TC-NLP-07: Check Offers lead form rejects mobile that is not 10 digits on Latest Trucks","ListingPages - NewListingPages [latestTrucks] [en] — Latest Trucks","2026-08-27","passed","2026-08-27","","","",""
"**Test Case ID:** TC-CL-01
**Title:** Check Truck Price lead submits successfully on Transit Mixer
**Language:** en

**Description:**
Open the Transit Mixer page, click a truck card's ""Check Truck Price"" button to open its lead form, fill name, mobile and city, and submit.

**Expected Result:**
A Thank You confirmation is shown after a successful lead submission.

**Steps:**
1. Open the Transit Mixer page
2. Click a truck card's ""Check Truck Price"" button to open its lead form
3. Fill name, mobile and city
4. Submit and verify Thank You confirmation","4923","TC-CL-01: Check Truck Price lead submits successfully on Transit Mixer","CategoryPages - CategoryListing [transitMixer] [en] — Transit Mixer","2026-08-27","passed","2026-08-27","","","",""
"","12990","TC-BR-00: page links resolve 200/30x; broken links are logged, not failed","Brochure - Brochure [en] — Brochure","2026-08-27","passed","2026-08-27","","","",""
"","2352","TC-TIY-09: View All does not keep Popular URL after switching to Latest","Homepage - TruckInIndia [en]","2026-08-27","passed","2026-08-27","","","",""
"**Test Case ID:** TC-FRU-02
**Title:** All city links show expected name and used-truck-in URL
**Language:** en

**Description:**
In Find Reliable Used Trucks Near You, verify every expected city appears with the correct name and city listing URL.

**Expected Result:**
Each city from test data is visible with the matching title and /{lang}/used-truck-in-{city} path.

**Steps:**
1. Open Find Reliable Used Trucks Near You
2. For each expected city, verify name and URL
3. Confirm the number of city links matches test data","1805","TC-FRU-02: all city links show expected name and used-truck-in URL","Homepage - FindReliableUsedTrucksNearYou [en]","2026-08-27","passed","2026-08-27","","","",""
"**Test Case ID:** TC-PL-04
**Title:** Call Now assistance lead submits successfully on 20 ton - 40 ton Trucks
**Language:** en

**Description:**
Open the 20 ton - 40 ton Trucks page, click the ""Still confused?"" widget's Call Now button to open the assistance lead form, fill model, name, mobile and city, and submit.

**Expected Result:**
The assistance form closes after a successful submission.

**Steps:**
1. Open the 20 ton - 40 ton Trucks page
2. Click Call Now to open the assistance lead form
3. Fill model, name, mobile and city
4. Submit and verify the assistance form closes","5276","TC-PL-04: Call Now assistance lead submits successfully on 20 ton - 40 ton Trucks","CategoryPages - PayloadListing [ton20to40] [en] — 20 ton - 40 ton Trucks","2026-08-27","passed","2026-08-27","","","",""
"**Test Case ID:** TC-TYR-02
**Title:** Lead form shows required validation when submitted empty on Tyres
**Language:** en

**Description:**
Open the Tyres page, open the lead form via ""View August Offer"", and submit with name, mobile and city all left empty.

**Expected Result:**
The real, page-shown validation messages for name, mobile and location are displayed, and no lead is submitted.

**Steps:**
1. Open the Tyres page
2. Click a tyre card's ""View August Offer"" button to open its lead form
3. Leave name, mobile and city empty and submit
4. Verify all three required-field validation messages are shown","1727","TC-TYR-02: lead form shows required validation when submitted empty on Tyres","UtilityPages - Tyres [en] — Tyres","2026-08-27","passed","2026-08-27","","","",""
"","7338","TC-CVP-00: page links resolve 200/30x; broken links are logged, not failed","UsedTruck - CvPermit [en] — CV Permit","2026-08-27","passed","2026-08-27","","","",""
"**Test Case ID:** TC-PTC-05
**Title:** No visible product card links to a duplicate truck
**Language:** ta

**Description:**
Confirm every visible product name in Popular Truck Comparison links to a distinct truck.

**Expected Result:**
No two visible product cards share the same href.

**Steps:**
1. Open Popular Truck Comparison
2. Verify all visible product links are unique","1195","TC-PTC-05: no visible product card links to a duplicate truck","Homepage - PopularTruckComparison [ta]","2026-08-27","passed","2026-08-27","","","",""
"**Test Case ID:** TC-BUSPDP-05
**Title:** FAQ question expands on Tata Starbus Ultra City Electric
**Language:** en

**Description:**
Open a Frequently Asked Question on Tata Starbus Ultra City Electric and confirm it expands.

**Expected Result:**
An FAQ question is present and can be opened.

**Steps:**
1. Open Tata Starbus Ultra City Electric
2. Open an FAQ question","1437","TC-BUSPDP-05: FAQ question expands on Tata Starbus Ultra City Electric","Buses - BusPdp [starbusUltraCityElectric] [en] — Tata Starbus Ultra City Electric","2026-08-27","passed","2026-08-27","","","",""
"**Test Case ID:** TC-BR-01
**Title:** Download Brochure lead submits successfully on Brochure
**Language:** en

**Description:**
Open the Brochure page, click Download Brochure to open its lead form (the same shared Check Offers modal, submit button reads ""Check Offers""), fill name, mobile and city, and submit.

**Expected Result:**
A Thank You confirmation is shown after a successful lead submission.

**Steps:**
1. Open the Brochure page
2. Click Download Brochure to open its lead form
3. Fill name, mobile and city
4. Submit and verify Thank You confirmation","8183","TC-BR-01: Download Brochure lead submits successfully on Brochure","Brochure - Brochure [en] — Brochure","2026-08-27","passed","2026-08-27","","","",""
"","1440","TC-CL-04: Call Now assistance lead submits successfully on Trailers","CategoryPages - CategoryListing [trailers] [en] — Trailers","2026-08-27","skipped","2026-08-27","","","",""
"**Test Case ID:** TC-CL-03
**Title:** Check Truck Price lead form rejects mobile that is not 10 digits on Trailers
**Language:** en

**Description:**
Open the Trailers page, open Check Truck Price, fill a valid name, an invalid (5-digit) mobile number, and leave city empty, then submit.

**Expected Result:**
The real, page-shown mobile-format and location-required validation messages are displayed, and no lead is submitted.

**Steps:**
1. Open the Trailers page
2. Click a truck card's ""Check Truck Price"" button to open its lead form
3. Fill a valid name and an invalid mobile number
4. Submit with city left empty
5. Verify the mobile-format and location validation messages are shown","5247","TC-CL-03: Check Truck Price lead form rejects mobile that is not 10 digits on Trailers","CategoryPages - CategoryListing [trailers] [en] — Trailers","2026-08-27","passed","2026-08-27","","","",""
"","5131","TC-BUS-00: page links resolve 200/30x; broken links are logged, not failed","Buses - BusListing [eicherBuses] [en] — Eicher Buses","2026-08-27","passed","2026-08-27","","","",""
"","991","TC-TIY-02: Popular, Latest and Upcoming tabs are visible with Popular active by default","Homepage - TruckInIndia [en]","2026-08-27","passed","2026-08-27","","","",""
"**Test Case ID:** TC-BUS-04
**Title:** listing heading, filters and cards on Upcoming Buses
**Language:** en

**Description:**
Open Upcoming Buses and confirm the page heading and at least one listing card CTA. Filter By is checked when that row is present.

**Expected Result:**
Page heading is visible and at least one listing card button is shown.

**Steps:**
1. Open the Upcoming Buses page
2. Verify the page heading
3. Verify listing cards (and Filter By when present)","802","TC-BUS-04: listing heading, filters and cards on Upcoming Buses","Buses - BusListing [upcomingBuses] [en] — Upcoming Buses","2026-08-27","passed","2026-08-27","","","",""
"**Test Case ID:** TC-NTPDP-02
**Title:** Get Offers lead closes via Cross for Tata Yodha 2.0
**Language:** en

**Description:**
Close the thank-you / lead overlay on Tata Yodha 2.0 PDP using the Cross (Close) control.

**Expected Result:**
The overlay disappears and the product page content is usable.

**Steps:**
1. After thank-you from lead submit
2. Click Close (×)
3. Verify the page hero is usable","1694","TC-NTPDP-02: Get Offers lead closes via Cross for Tata Yodha 2.0","PDP - NewTruckPdp [mostPopular] [en] — Tata Yodha 2.0","2026-08-27","passed","2026-08-27","","","",""
"**Test Case ID:** TC-CL-03
**Title:** Check Truck Price lead form rejects mobile that is not 10 digits on Petrol Trucks
**Language:** en

**Description:**
Open the Petrol Trucks page, open Check Truck Price, fill a valid name, an invalid (5-digit) mobile number, and leave city empty, then submit.

**Expected Result:**
The real, page-shown mobile-format and location-required validation messages are displayed, and no lead is submitted.

**Steps:**
1. Open the Petrol Trucks page
2. Click a truck card's ""Check Truck Price"" button to open its lead form
3. Fill a valid name and an invalid mobile number
4. Submit with city left empty
5. Verify the mobile-format and location validation messages are shown","3333","TC-CL-03: Check Truck Price lead form rejects mobile that is not 10 digits on Petrol Trucks","CategoryPages - CategoryListing [petrol] [en] — Petrol Trucks","2026-08-27","passed","2026-08-27","","","",""
"**Test Case ID:** TC-BR-09
**Title:** FAQ question expands on Brochure
**Language:** en

**Description:**
Open a Frequently Asked Question on Brochure and confirm the answer is shown.

**Expected Result:**
The selected question’s answer is visible.

**Steps:**
1. Open the Brochure page
2. Open an FAQ question
3. Verify the answer is shown","1685","TC-BR-09: FAQ question expands on Brochure","Brochure - Brochure [en] — Brochure","2026-08-27","passed","2026-08-27","","","",""
"**Test Case ID:** TC-PDPI-06
**Title:** FAQ question expands on Eka 3W Cargo Price in Mumbai
**Language:** en

**Description:**
Open a Frequently Asked Question on Eka 3W Cargo Price in Mumbai and confirm it expands.

**Expected Result:**
An FAQ question is present and can be opened.

**Steps:**
1. Open Eka 3W Cargo Price in Mumbai
2. Open an FAQ question","1117","TC-PDPI-06: FAQ question expands on Eka 3W Cargo Price in Mumbai","PDP - NewTruckInternalPages [ekaPriceMumbai] [en] — Eka 3W Cargo Price in Mumbai","2026-08-27","passed","2026-08-27","","","",""
"**Test Case ID:** TC-NLP-05
**Title:** Call Now lead submits successfully on Upcoming Trucks
**Language:** en

**Description:**
Open the Upcoming Trucks listing page, click Call Now to open its lead form, fill name, mobile and city, and submit.

**Expected Result:**
The assistance lead form closes after a successful submission (verified via the real submit network call). The submitted name is tagged with a page/CTA identifier for CRM traceability.

**Steps:**
1. Open the Upcoming Trucks listing page
2. Click Call Now to open its lead form
3. Fill name, mobile and city
4. Submit and verify the confirmation","4058","TC-NLP-05: Call Now lead submits successfully on Upcoming Trucks","ListingPages - NewListingPages [upcomingTrucks] [en] — Upcoming Trucks","2026-08-27","passed","2026-08-27","","","",""
"","75","TC-NTPDP-22: Electric Vehicle Videos for Tata Yodha 2.0","PDP - NewTruckPdp [mostPopular] [en] — Tata Yodha 2.0","2026-08-27","skipped","2026-08-27","","Page blocks (same session)","",""
"**Test Case ID:** TC-TBB-02
**Title:** First news article title navigates to news page
**Language:** hi

**Description:**
Click the first visible news article title in The Buzz Board and confirm the news article page opens.

**Expected Result:**
The browser URL matches that article’s news path for the selected language.

**Steps:**
1. Open The Buzz Board
2. Click the first visible article title
3. Verify the URL is the matching news page","1814","TC-TBB-02: first news article title navigates to news page","Homepage - TheBuzzBoard [hi]","2026-08-27","passed","2026-08-27","","","",""
"**Test Case ID:** TC-PL-03
**Title:** Check Truck Price lead form rejects mobile that is not 10 digits on 40 ton - 300 ton Trucks
**Language:** en

**Description:**
Open the 40 ton - 300 ton Trucks page, open Check Truck Price, fill a valid name, an invalid (5-digit) mobile number, and leave city empty, then submit.

**Expected Result:**
The real, page-shown mobile-format and location-required validation messages are displayed, and no lead is submitted.

**Steps:**
1. Open the 40 ton - 300 ton Trucks page
2. Click a truck card's ""Check Truck Price"" button to open its lead form
3. Fill a valid name and an invalid mobile number
4. Submit with city left empty
5. Verify the mobile-format and location validation messages are shown","3151","TC-PL-03: Check Truck Price lead form rejects mobile that is not 10 digits on 40 ton - 300 ton Trucks","CategoryPages - PayloadListing [ton40to300] [en] — 40 ton - 300 ton Trucks","2026-08-27","passed","2026-08-27","","","",""
"","1914","TC-TIY-15: every visible Popular card has title, price and Check Offers CTA","Homepage - TruckInIndia [en]","2026-08-27","passed","2026-08-27","","","",""
"","1215","TC-CL-04: Call Now assistance lead submits successfully on Auto Rickshaw","CategoryPages - CategoryListing [autoRickshaw] [en] — Auto Rickshaw","2026-08-27","skipped","2026-08-27","","","",""
"","7091","TC-TYRL-00: page links resolve 200/30x; broken links are logged, not failed","UtilityPages - TyresListing [latestTruckTyres] [en] [desktop] — Latest Truck Tyres","2026-08-27","passed","2026-08-27","","","",""
"**Test Case ID:** TC-TBR-03
**Title:** Check Truck Price lead form rejects mobile that is not 10 digits on Eicher Trucks
**Language:** en

**Description:**
Open the Eicher Trucks page, open Check Truck Price, fill a valid name, an invalid (5-digit) mobile number, and leave city empty, then submit.

**Expected Result:**
The real, page-shown mobile-format and location-required validation messages are displayed, and no lead is submitted.

**Steps:**
1. Open the Eicher Trucks page
2. Click a truck card's ""Check Truck Price"" button to open its lead form
3. Fill a valid name and an invalid mobile number
4. Submit with city left empty
5. Verify the mobile-format and location validation messages are shown","5392","TC-TBR-03: Check Truck Price lead form rejects mobile that is not 10 digits on Eicher Trucks","CategoryPages - CategoryListingBrands [eicherBrand] [en] — Eicher Trucks","2026-08-27","passed","2026-08-27","","","",""
"","1632","TC-TIY-04: View All Popular Trucks link shows label, arrow and popular URL","Homepage - TruckInIndia [en]","2026-08-27","passed","2026-08-27","","","",""
"**Test Case ID:** TC-CL-05
**Title:** listing heading, filters and cards on Bi Fuel Trucks
**Language:** en

**Description:**
Open Bi Fuel Trucks and confirm the page heading and at least one listing card CTA. Filter By is checked when that row is present.

**Expected Result:**
Page heading is visible and at least one listing card button is shown.

**Steps:**
1. Open the Bi Fuel Trucks page
2. Verify the page heading
3. Verify listing cards (and Filter By when present)","1074","TC-CL-05: listing heading, filters and cards on Bi Fuel Trucks","CategoryPages - CategoryListing [biFuel] [en] — Bi Fuel Trucks","2026-08-27","passed","2026-08-27","","","",""
"","755","TC-TYRL-02: Load More is not shown on CEAT Tyres","UtilityPages - TyresListing [ceatTyres] [en] [desktop] — CEAT Tyres","2026-08-27","skipped","2026-08-27","","","",""
"**Test Case ID:** TC-NLP-12
**Title:** Load More shows more truck cards on Popular Truck
**Language:** en

**Description:**
Click Load More on Popular Truck and confirm more truck cards appear.

**Expected Result:**
The number of visible card buttons increases after Load More.

**Steps:**
1. Open the Popular Truck listing page
2. Note how many truck cards are shown
3. Click Load More
4. Verify more cards are shown","3331","TC-NLP-12: Load More shows more truck cards on Popular Truck","ListingPages - NewListingPages [popularTrucks] [en] — Popular Truck","2026-08-27","passed","2026-08-27","","","",""
"","641","TC-TYRL-02: Load More is not shown on JK Tyres","UtilityPages - TyresListing [jkTyres] [en] [desktop] — JK Tyres","2026-08-27","skipped","2026-08-27","","","",""
"**Test Case ID:** TC-CL-05
**Title:** listing heading, filters and cards on 22 Wheeler
**Language:** en

**Description:**
Open 22 Wheeler and confirm the page heading and at least one listing card CTA. Filter By is checked when that row is present.

**Expected Result:**
Page heading is visible and at least one listing card button is shown.

**Steps:**
1. Open the 22 Wheeler page
2. Verify the page heading
3. Verify listing cards (and Filter By when present)","990","TC-CL-05: listing heading, filters and cards on 22 Wheeler","CategoryPages - CategoryListing [twentyTwoWheeler] [en] — 22 Wheeler","2026-08-27","passed","2026-08-27","","","",""
"**Test Case ID:** TC-CL-05
**Title:** listing heading, filters and cards on ICV
**Language:** en

**Description:**
Open ICV and confirm the page heading and at least one listing card CTA. Filter By is checked when that row is present.

**Expected Result:**
Page heading is visible and at least one listing card button is shown.

**Steps:**
1. Open the ICV page
2. Verify the page heading
3. Verify listing cards (and Filter By when present)","983","TC-CL-05: listing heading, filters and cards on ICV","CategoryPages - CategoryListing [icv] [en] — ICV","2026-08-27","passed","2026-08-27","","","",""
"","6056","TC-CDT-00: page links resolve 200/30x; broken links are logged, not failed","UtilityPages - ContentDetailPage [privacyPolicy] [en] — Privacy Policy","2026-08-27","passed","2026-08-27","","","",""
"**Test Case ID:** TC-LMC-08
**Title:** View All on default tab opens matching category listing
**Language:** hi

**Description:**
On the default 3 Wheelers tab, click View All and confirm the user lands on the matching category listing page.

**Expected Result:**
The URL matches the View All path for 3 Wheelers (for example /en/3-wheeler in English).

**Steps:**
1. Open Latest Models by Category on the default tab
2. Click View All
3. Verify the category listing URL","3606","TC-LMC-08: View All on default tab opens matching category listing","Homepage - LatestModelsByCategory [hi]","2026-08-27","passed","2026-08-27","","","",""
"","6116","TC-TYRL-00: page links resolve 200/30x; broken links are logged, not failed","UtilityPages - TyresListing [apolloTyres] [en] [desktop] — Apollo Tyres","2026-08-27","passed","2026-08-27","","","",""
"**Test Case ID:** TC-CL-05
**Title:** listing heading, filters and cards on Pickups
**Language:** en

**Description:**
Open Pickups and confirm the page heading and at least one listing card CTA. Filter By is checked when that row is present.

**Expected Result:**
Page heading is visible and at least one listing card button is shown.

**Steps:**
1. Open the Pickups page
2. Verify the page heading
3. Verify listing cards (and Filter By when present)","1658","TC-CL-05: listing heading, filters and cards on Pickups","CategoryPages - CategoryListing [pickups] [en] — Pickups","2026-08-27","passed","2026-08-27","","","",""
"**Test Case ID:** TC-ECV-04
**Title:** View All opens electric listing
**Language:** ta

**Description:**
In Electric Commercial Vehicles, click View All and confirm the user is taken to the electric vehicles listing page.

**Expected Result:**
The URL is the electric listing path for the language (for example /en/electric in English).

**Steps:**
1. Open Electric Commercial Vehicles
2. Click View All
3. Verify the URL is the electric listing page","6717","TC-ECV-04: View All opens electric listing","Homepage - ElectricCommercialVehicles [ta]","2026-08-27","passed","2026-08-27","","","",""
"**Test Case ID:** TC-EV-01
**Title:** Check Truck Price lead submits successfully on Electric Commercial Vehicles
**Language:** en

**Description:**
Open the Electric Commercial Vehicles page, click a truck card's ""Check Truck Price"" button to open its lead form (the same shared Check Offers modal used elsewhere on the site), fill name, mobile and city, and submit.

**Expected Result:**
A Thank You confirmation is shown after a successful lead submission.

**Steps:**
1. Open the Electric Commercial Vehicles page
2. Click a truck card's ""Check Truck Price"" button to open its lead form
3. Fill name, mobile and city
4. Submit and verify Thank You confirmation","12402","TC-EV-01: Check Truck Price lead submits successfully on Electric Commercial Vehicles","CategoryPages - ElectricVehicle [en] — Electric Commercial Vehicles","2026-08-27","passed","2026-08-27","","","",""
"**Test Case ID:** TC-UTPDP-01
**Title:** Contact Seller lead submits successfully on Used Truck Detail
**Language:** en

**Description:**
Open Buy Used Trucks, open the first unique listing, click Contact Seller, fill name, mobile and city, and submit.

**Expected Result:**
A Thank You For Contact confirmation is shown after a successful Get Seller Details submission. The submitted name is testqa.

**Steps:**
1. Open Buy Used Trucks
2. Open the first unique used-truck listing
3. Click Contact Seller
4. Fill name, mobile and city
5. Submit and verify Thank You For Contact","7884","TC-UTPDP-01: Contact Seller lead submits successfully on Used Truck Detail","UsedTruck - UsedTruckPdp [en] — Used Truck Detail","2026-08-27","passed","2026-08-27","","","",""
"**Test Case ID:** TC-BUT-03
**Title:** Contact Seller lead form rejects mobile that is not 10 digits on Buy Used Trucks
**Language:** en

**Description:**
Open the Buy Used Trucks page, open Contact Seller, fill a valid name, an invalid (5-digit) mobile number, and leave city empty, then submit.

**Expected Result:**
The real, page-shown mobile-format and location-required validation messages are displayed, and no lead is submitted.

**Steps:**
1. Open the Buy Used Trucks page
2. Open the Contact Seller lead form from a visible card
3. Fill a valid name and an invalid mobile number
4. Submit with city left empty
5. Verify the mobile-format and location validation messages are shown","3154","TC-BUT-03: Contact Seller lead form rejects mobile that is not 10 digits on Buy Used Trucks","UsedTruck - BuyUsedTrucks [en] — Buy Used Trucks","2026-08-27","passed","2026-08-27","","","",""
"","29055","TC-SRT-02: Verify Only Brand selection navigates to brand page","Homepage - SearchRightTruck [en]","2026-08-27","passed","2026-08-27","","","",""
"**Test Case ID:** TC-BUS-04
**Title:** listing heading, filters and cards on Latest Buses
**Language:** en

**Description:**
Open Latest Buses and confirm the page heading and at least one listing card CTA. Filter By is checked when that row is present.

**Expected Result:**
Page heading is visible and at least one listing card button is shown.

**Steps:**
1. Open the Latest Buses page
2. Verify the page heading
3. Verify listing cards (and Filter By when present)","820","TC-BUS-04: listing heading, filters and cards on Latest Buses","Buses - BusListing [latestBuses] [en] — Latest Buses","2026-08-27","passed","2026-08-27","","","",""
"**Test Case ID:** TC-CL-02
**Title:** Check Truck Price lead form shows required validation when submitted empty on LPG Trucks
**Language:** en

**Description:**
Open the LPG Trucks page, open Check Truck Price, and submit with name, mobile and city all left empty.

**Expected Result:**
The real, page-shown validation messages for name, mobile and location are displayed, and no lead is submitted.

**Steps:**
1. Open the LPG Trucks page
2. Click a truck card's ""Check Truck Price"" button to open its lead form
3. Leave name, mobile and city empty and submit
4. Verify all three required-field validation messages are shown","1976","TC-CL-02: Check Truck Price lead form shows required validation when submitted empty on LPG Trucks","CategoryPages - CategoryListing [lpg] [en] — LPG Trucks","2026-08-27","passed","2026-08-27","","","",""
"**Test Case ID:** TC-PL-05
**Title:** listing heading, filters and cards on 2.5 ton - 5 ton Trucks
**Language:** en

**Description:**
Open 2.5 ton - 5 ton Trucks and confirm the page heading and at least one listing card CTA. Filter By is checked when that row is present.

**Expected Result:**
Page heading is visible and at least one listing card button is shown.

**Steps:**
1. Open the 2.5 ton - 5 ton Trucks page
2. Verify the page heading
3. Verify listing cards (and Filter By when present)","1056","TC-PL-05: listing heading, filters and cards on 2.5 ton - 5 ton Trucks","CategoryPages - PayloadListing [ton2_5to5] [en] — 2.5 ton - 5 ton Trucks","2026-08-27","passed","2026-08-27","","","",""
"**Test Case ID:** TC-BUS-02
**Title:** Lead form shows required validation when submitted empty on Upcoming Buses
**Language:** en

**Description:**
Open the Upcoming Buses page, open the lead form via ""Notify Me"", and submit with name, mobile and city all left empty.

**Expected Result:**
The real, page-shown validation messages for name, mobile and location are displayed, and no lead is submitted.

**Steps:**
1. Open the Upcoming Buses page
2. Click ""Notify Me"" to open its lead form
3. Leave name, mobile and city empty and submit
4. Verify all three required-field validation messages are shown","1870","TC-BUS-02: lead form shows required validation when submitted empty on Upcoming Buses","Buses - BusListing [upcomingBuses] [en] — Upcoming Buses","2026-08-27","passed","2026-08-27","","","",""
"**Test Case ID:** TC-PL-04
**Title:** Call Now assistance lead submits successfully on 10 ton - 20 ton Trucks
**Language:** en

**Description:**
Open the 10 ton - 20 ton Trucks page, click the ""Still confused?"" widget's Call Now button to open the assistance lead form, fill model, name, mobile and city, and submit.

**Expected Result:**
The assistance form closes after a successful submission.

**Steps:**
1. Open the 10 ton - 20 ton Trucks page
2. Click Call Now to open the assistance lead form
3. Fill model, name, mobile and city
4. Submit and verify the assistance form closes","5239","TC-PL-04: Call Now assistance lead submits successfully on 10 ton - 20 ton Trucks","CategoryPages - PayloadListing [ton10to20] [en] — 10 ton - 20 ton Trucks","2026-08-27","passed","2026-08-27","","","",""
"","7567","TC-NLP-00: page links resolve 200/30x; broken links are logged, not failed","ListingPages - NewListingPages [bs6Trucks] [en] — BS6 Trucks","2026-08-27","passed","2026-08-27","","","",""
"","280624","TC-SRT-03: Verify brand and model selection navigates to model PDP page","Homepage - SearchRightTruck [en]","2026-08-27","passed","2026-08-27","","","",""
"","11776","TC-SRT-00: page links resolve 200/30x; broken links are logged, not failed","Homepage - SearchRightTruck [ta]","2026-08-27","passed","2026-08-27","","","",""
"**Test Case ID:** TC-NLP-06
**Title:** Check Offers lead form shows required validation when submitted empty on BS6 Trucks
**Language:** en

**Description:**
Open the BS6 Trucks listing page, open Check Offers, and submit with name, mobile and city all left empty.

**Expected Result:**
The real, page-shown validation messages for name, mobile and location are displayed, and no lead is submitted.

**Steps:**
1. Open the BS6 Trucks listing page
2. Click Check Offers to open its lead form
3. Leave name, mobile and city empty and submit
4. Verify all three required-field validation messages are shown","3112","TC-NLP-06: Check Offers lead form shows required validation when submitted empty on BS6 Trucks","ListingPages - NewListingPages [bs6Trucks] [en] — BS6 Trucks","2026-08-27","passed","2026-08-27","","","",""
"**Test Case ID:** TC-CVP-02
**Title:** Check Permit Info lead requests OTP successfully on CV Permit
**Language:** en

**Description:**
Open the CV Permit page, enter a sample vehicle registration number, click Check Permit Info to open its Get Information lead form (a distinct form from Check Offers), fill name, mobile and truck brand, and submit. This form is OTP-gated — there is no configured test OTP in this repo, so completion is verified up to the OTP screen, not full end-to-end submission.

**Expected Result:**
An OTP verification screen (with an Enter OTP field) appears, confirming the lead request succeeded. The submitted name is tagged with a page/CTA identifier for CRM traceability.

**Steps:**
1. Open the CV Permit page
2. Enter a sample vehicle registration number
3. Click Check Permit Info to open its lead form
4. Fill name, mobile and truck brand
5. Submit and verify the OTP screen appears","5882","TC-CVP-02: Check Permit Info lead requests OTP successfully on CV Permit","UsedTruck - CvPermit [en] — CV Permit","2026-08-27","passed","2026-08-27","","","",""
"**Test Case ID:** TC-BUT-07
**Title:** Load More shows more used-truck cards on Buy Used Trucks
**Language:** en

**Description:**
Click Load More on Buy Used Trucks and confirm more Contact Seller cards appear.

**Expected Result:**
The number of visible Contact Seller buttons increases after Load More.

**Steps:**
1. Open the Buy Used Trucks page
2. Note how many cards are shown
3. Click Load More
4. Verify more cards are shown","2050","TC-BUT-07: Load More shows more used-truck cards on Buy Used Trucks","UsedTruck - BuyUsedTrucks [en] — Buy Used Trucks","2026-08-27","passed","2026-08-27","","","",""
"","2493","TC-TIY-10: View All does not keep Popular URL after switching to Upcoming","Homepage - TruckInIndia [en]","2026-08-27","passed","2026-08-27","","","",""
"**Test Case ID:** TC-CL-04
**Title:** Call Now assistance lead submits successfully on LCV
**Language:** en

**Description:**
Open the LCV page, click the ""Still confused?"" widget's Call Now button to open the assistance lead form, fill model, name, mobile and city, and submit.

**Expected Result:**
The assistance form closes after a successful submission.

**Steps:**
1. Open the LCV page
2. Click Call Now to open the assistance lead form
3. Fill model, name, mobile and city
4. Submit and verify the assistance form closes","5819","TC-CL-04: Call Now assistance lead submits successfully on LCV","CategoryPages - CategoryListing [lcv] [en] — LCV","2026-08-27","passed","2026-08-27","","","",""
"**Test Case ID:** TC-CL-04
**Title:** Call Now assistance lead submits successfully on LNG Trucks
**Language:** en

**Description:**
Open the LNG Trucks page, click the ""Still confused?"" widget's Call Now button to open the assistance lead form, fill model, name, mobile and city, and submit.

**Expected Result:**
The assistance form closes after a successful submission.

**Steps:**
1. Open the LNG Trucks page
2. Click Call Now to open the assistance lead form
3. Fill model, name, mobile and city
4. Submit and verify the assistance form closes","4376","TC-CL-04: Call Now assistance lead submits successfully on LNG Trucks","CategoryPages - CategoryListing [lng] [en] — LNG Trucks","2026-08-27","passed","2026-08-27","","","",""
"","11271","TC-LTU-00: page links resolve 200/30x; broken links are logged, not failed","Homepage - LatestTruckUpdates [hi]","2026-08-27","passed","2026-08-27","","","",""
"**Test Case ID:** TC-CL-01
**Title:** Check Truck Price lead submits successfully on CNG Trucks
**Language:** en

**Description:**
Open the CNG Trucks page, click a truck card's ""Check Truck Price"" button to open its lead form, fill name, mobile and city, and submit.

**Expected Result:**
A Thank You confirmation is shown after a successful lead submission.

**Steps:**
1. Open the CNG Trucks page
2. Click a truck card's ""Check Truck Price"" button to open its lead form
3. Fill name, mobile and city
4. Submit and verify Thank You confirmation","4605","TC-CL-01: Check Truck Price lead submits successfully on CNG Trucks","CategoryPages - CategoryListing [cng] [en] — CNG Trucks","2026-08-27","passed","2026-08-27","","","",""
"","11471","TC-SRT-00: page links resolve 200/30x; broken links are logged, not failed","Homepage - SearchRightTruck [en]","2026-08-27","passed","2026-08-27","","","",""
"**Test Case ID:** TC-CL-05
**Title:** listing heading, filters and cards on Tippers
**Language:** en

**Description:**
Open Tippers and confirm the page heading and at least one listing card CTA. Filter By is checked when that row is present.

**Expected Result:**
Page heading is visible and at least one listing card button is shown.

**Steps:**
1. Open the Tippers page
2. Verify the page heading
3. Verify listing cards (and Filter By when present)","1592","TC-CL-05: listing heading, filters and cards on Tippers","CategoryPages - CategoryListing [tippers] [en] — Tippers","2026-08-27","passed","2026-08-27","","","",""
"**Test Case ID:** TC-NLP-07
**Title:** Check Offers lead form rejects mobile that is not 10 digits on Find New Trucks
**Language:** en

**Description:**
Open the Find New Trucks listing page, open Check Offers, fill a valid name, an invalid (5-digit) mobile number, and leave city empty, then submit.

**Expected Result:**
The real, page-shown mobile-format and location-required validation messages are displayed, and no lead is submitted.

**Steps:**
1. Open the Find New Trucks listing page
2. Click Check Offers to open its lead form
3. Fill a valid name and an invalid mobile number
4. Submit with city left empty
5. Verify the mobile-format and location validation messages are shown","3476","TC-NLP-07: Check Offers lead form rejects mobile that is not 10 digits on Find New Trucks","ListingPages - NewListingPages [newTrucks] [en] — Find New Trucks","2026-08-27","passed","2026-08-27","","","",""
"","6252","TC-PDPI-00: page links resolve 200/30x; broken links are logged, not failed","PDP - NewTruckInternalPages [yodhaVideos] [en] — Tata Yodha 2.0 Videos","2026-08-27","passed","2026-08-27","","","",""
"**Test Case ID:** TC-PL-02
**Title:** Check Truck Price lead form shows required validation when submitted empty on Under 1 Ton Trucks
**Language:** en

**Description:**
Open the Under 1 Ton Trucks page, open Check Truck Price, and submit with name, mobile and city all left empty.

**Expected Result:**
The real, page-shown validation messages for name, mobile and location are displayed, and no lead is submitted.

**Steps:**
1. Open the Under 1 Ton Trucks page
2. Click a truck card's ""Check Truck Price"" button to open its lead form
3. Leave name, mobile and city empty and submit
4. Verify all three required-field validation messages are shown","1970","TC-PL-02: Check Truck Price lead form shows required validation when submitted empty on Under 1 Ton Trucks","CategoryPages - PayloadListing [under1Ton] [en] — Under 1 Ton Trucks","2026-08-27","passed","2026-08-27","","","",""
"","783","TC-TYRL-01: Load More shows more tyre cards on Tyres","UtilityPages - TyresListing [tyres] [en] [desktop] — Tyres","2026-08-27","skipped","2026-08-27","","","",""
"**Test Case ID:** TC-LMC-08
**Title:** View All on default tab opens matching category listing
**Language:** en

**Description:**
On the default 3 Wheelers tab, click View All and confirm the user lands on the matching category listing page.

**Expected Result:**
The URL matches the View All path for 3 Wheelers (for example /en/3-wheeler in English).

**Steps:**
1. Open Latest Models by Category on the default tab
2. Click View All
3. Verify the category listing URL","4123","TC-LMC-08: View All on default tab opens matching category listing","Homepage - LatestModelsByCategory [en]","2026-08-27","passed","2026-08-27","","","",""
"**Test Case ID:** TC-CL-02
**Title:** Check Truck Price lead form shows required validation when submitted empty on Pickups
**Language:** en

**Description:**
Open the Pickups page, open Check Truck Price, and submit with name, mobile and city all left empty.

**Expected Result:**
The real, page-shown validation messages for name, mobile and location are displayed, and no lead is submitted.

**Steps:**
1. Open the Pickups page
2. Click a truck card's ""Check Truck Price"" button to open its lead form
3. Leave name, mobile and city empty and submit
4. Verify all three required-field validation messages are shown","2910","TC-CL-02: Check Truck Price lead form shows required validation when submitted empty on Pickups","CategoryPages - CategoryListing [pickups] [en] — Pickups","2026-08-27","passed","2026-08-27","","","",""
"**Test Case ID:** TC-CL-02
**Title:** Check Truck Price lead form shows required validation when submitted empty on Tippers
**Language:** en

**Description:**
Open the Tippers page, open Check Truck Price, and submit with name, mobile and city all left empty.

**Expected Result:**
The real, page-shown validation messages for name, mobile and location are displayed, and no lead is submitted.

**Steps:**
1. Open the Tippers page
2. Click a truck card's ""Check Truck Price"" button to open its lead form
3. Leave name, mobile and city empty and submit
4. Verify all three required-field validation messages are shown","3299","TC-CL-02: Check Truck Price lead form shows required validation when submitted empty on Tippers","CategoryPages - CategoryListing [tippers] [en] — Tippers","2026-08-27","passed","2026-08-27","","","",""
"**Test Case ID:** TC-PTB-01
**Title:** Popular Truck Brands section is visible with heading
**Language:** en

**Description:**
Open the homepage and locate the Popular Truck Brands section. Confirm the section is shown to the user with the correct section heading for the selected language.

**Expected Result:**
The Popular Truck Brands section is visible and the heading text matches the expected localized heading (for example, “Popular Truck Brands” in English).

**Steps:**
1. Open the homepage for the selected language
2. Scroll to the Popular Truck Brands section
3. Verify the section and heading are visible","3264","TC-PTB-01: Popular Truck Brands section is visible with heading","Homepage - PopularTruckBrands [en]","2026-08-27","passed","2026-08-27","","","",""
"","2275","TC-SRT-11: lists expected sample brands with localized labels","Homepage - SearchRightTruck [hi]","2026-08-27","passed","2026-08-27","","","",""
"**Test Case ID:** TC-PL-01
**Title:** Check Truck Price lead submits successfully on 10 ton - 20 ton Trucks
**Language:** en

**Description:**
Open the 10 ton - 20 ton Trucks page, click a truck card's ""Check Truck Price"" button to open its lead form, fill name, mobile and city, and submit.

**Expected Result:**
A Thank You confirmation is shown after a successful lead submission.

**Steps:**
1. Open the 10 ton - 20 ton Trucks page
2. Click a truck card's ""Check Truck Price"" button to open its lead form
3. Fill name, mobile and city
4. Submit and verify Thank You confirmation","4381","TC-PL-01: Check Truck Price lead submits successfully on 10 ton - 20 ton Trucks","CategoryPages - PayloadListing [ton10to20] [en] — 10 ton - 20 ton Trucks","2026-08-27","passed","2026-08-27","","","",""
"**Test Case ID:** TC-CDT-01
**Title:** Page heading is visible on Truck Junction Blog
**Language:** en

**Description:**
Open the Truck Junction Blog page and verify its main heading is shown.

**Expected Result:**
The user sees the ""Truck Junction Blog"" heading at the top of the page.

**Steps:**
1. Open the Truck Junction Blog page
2. Verify the main page heading is visible","1020","TC-CDT-01: page heading is visible on Truck Junction Blog","UtilityPages - ContentDetailPage [blogHub] [en] — Truck Junction Blog","2026-08-27","passed","2026-08-27","","","",""
"**Test Case ID:** TC-ECV-01
**Title:** Electric Commercial Vehicles section is visible
**Language:** hi

**Description:**
Open the homepage and locate the Electric Commercial Vehicles section. Confirm the section is shown with the correct heading for the selected language.

**Expected Result:**
The Electric Commercial Vehicles section is visible and the heading matches the expected localized text (for example, “Electric Commercial Vehicles” in English).

**Steps:**
1. Open the homepage for the selected language
2. Scroll to the Electric Commercial Vehicles section
3. Verify the section and heading are visible","2151","TC-ECV-01: Electric Commercial Vehicles section is visible","Homepage - ElectricCommercialVehicles [hi]","2026-08-27","passed","2026-08-27","","","",""
"","8304","TC-CNT-00: page links resolve 200/30x; broken links are logged, not failed","UtilityPages - ContentPage [emiCalculator] [en] — EMI Calculator","2026-08-27","passed","2026-08-27","","","",""
"**Test Case ID:** TC-CL-02
**Title:** Check Truck Price lead form shows required validation when submitted empty on 12 Wheeler
**Language:** en

**Description:**
Open the 12 Wheeler page, open Check Truck Price, and submit with name, mobile and city all left empty.

**Expected Result:**
The real, page-shown validation messages for name, mobile and location are displayed, and no lead is submitted.

**Steps:**
1. Open the 12 Wheeler page
2. Click a truck card's ""Check Truck Price"" button to open its lead form
3. Leave name, mobile and city empty and submit
4. Verify all three required-field validation messages are shown","3320","TC-CL-02: Check Truck Price lead form shows required validation when submitted empty on 12 Wheeler","CategoryPages - CategoryListing [twelveWheeler] [en] — 12 Wheeler","2026-08-27","passed","2026-08-27","","","",""
"**Test Case ID:** TC-LTU-04
**Title:** Last video title navigates to videos page
**Language:** ta

**Description:**
Click the last (not first) visible video title in Latest Truck Updates and confirm the videos page opens.

**Expected Result:**
The browser URL matches that video’s path for the selected language.

**Steps:**
1. Open Latest Truck Updates
2. Click the last visible video title
3. Verify the URL is the matching videos page","2684","TC-LTU-04: last video title navigates to videos page","Homepage - LatestTruckUpdates [ta]","2026-08-27","passed","2026-08-27","","","",""
"**Test Case ID:** TC-ECH-04
**Title:** Check Offers lead form rejects mobile that is not 10 digits on E Challan
**Language:** en

**Description:**
Open the E Challan page, open Check Offers, fill a valid name, an invalid (5-digit) mobile number, and leave city empty, then submit.

**Expected Result:**
The real, page-shown mobile-format and location-required validation messages are displayed, and no lead is submitted.

**Steps:**
1. Open the E Challan page
2. Open the Check Offers lead form
3. Fill a valid name and an invalid mobile number
4. Submit with city left empty
5. Verify the mobile-format and location validation messages are shown","2828","TC-ECH-04: Check Offers lead form rejects mobile that is not 10 digits on E Challan","UsedTruck - EChallan [en] — E Challan","2026-08-27","passed","2026-08-27","","","",""
"**Test Case ID:** TC-NLP-10
**Title:** truck listing, filters and cards on Upcoming Trucks
**Language:** en

**Description:**
Confirm the truck listing block on Upcoming Trucks shows a count heading, the Filter By row, and at least one truck card CTA.

**Expected Result:**
Listing heading with a count, Filter By / Reset All / Apply Filter, and at least one card button are visible.

**Steps:**
1. Open the Upcoming Trucks listing page
2. Verify the listing heading
3. Verify Filter By controls
4. Verify at least one “Notify Me” card button","801","TC-NLP-10: truck listing, filters and cards on Upcoming Trucks","ListingPages - NewListingPages [upcomingTrucks] [en] — Upcoming Trucks","2026-08-27","passed","2026-08-27","","","",""
"","17167","TC-PSH-00: page links resolve 200/30x; broken links are logged, not failed","Homepage - PopularSecondHandTruck [ta]","2026-08-27","passed","2026-08-27","","","",""
"**Test Case ID:** TC-BUSPDP-01
**Title:** Check Offers lead submits successfully on Tata Starbus Staff Contract
**Language:** en

**Description:**
Open the Tata Starbus Staff Contract bus detail page, click Check Offers, fill name, mobile and city, and submit.

**Expected Result:**
A Thank You confirmation is shown after a successful lead submission. The submitted name is testqa.

**Steps:**
1. Open Tata Starbus Staff Contract
2. Click Check Offers
3. Fill name, mobile and city
4. Submit and verify Thank You","4336","TC-BUSPDP-01: Check Offers lead submits successfully on Tata Starbus Staff Contract","Buses - BusPdp [starbusStaffContract] [en] — Tata Starbus Staff Contract","2026-08-27","passed","2026-08-27","","","",""
"**Test Case ID:** TC-PL-02
**Title:** Check Truck Price lead form shows required validation when submitted empty on 5 ton - 10 ton Trucks
**Language:** en

**Description:**
Open the 5 ton - 10 ton Trucks page, open Check Truck Price, and submit with name, mobile and city all left empty.

**Expected Result:**
The real, page-shown validation messages for name, mobile and location are displayed, and no lead is submitted.

**Steps:**
1. Open the 5 ton - 10 ton Trucks page
2. Click a truck card's ""Check Truck Price"" button to open its lead form
3. Leave name, mobile and city empty and submit
4. Verify all three required-field validation messages are shown","2517","TC-PL-02: Check Truck Price lead form shows required validation when submitted empty on 5 ton - 10 ton Trucks","CategoryPages - PayloadListing [ton5to10] [en] — 5 ton - 10 ton Trucks","2026-08-27","passed","2026-08-27","","","",""
"","8025","TC-PDPI-00: page links resolve 200/30x; broken links are logged, not failed","PDP - NewTruckInternalPages [yodhaImages] [en] — Tata Yodha 2.0 Images","2026-08-27","passed","2026-08-27","","","",""
"","4317","TC-TIY-06: switching to Upcoming updates View All label and URL for upcoming trucks","Homepage - TruckInIndia [en]","2026-08-27","passed","2026-08-27","","","",""
"","2171","TC-SRT-08: shows body-type/brand error when Search is clicked with no body type selected","Homepage - SearchRightTruck [hi]","2026-08-27","passed","2026-08-27","","","",""
"**Test Case ID:** TC-LMC-01
**Title:** Latest Models by Category section is visible with tabs
**Language:** ta

**Description:**
Open the homepage and locate Latest Models by Category. Confirm the section heading and all category tabs are shown.

**Expected Result:**
The section is visible with the correct heading and tabs for 3 Wheelers, Auto Rickshaw, E Rickshaw, Mini Trucks, and SCV (localized for the language).

**Steps:**
1. Open the homepage for the selected language
2. Scroll to Latest Models by Category
3. Verify heading and all category tabs are visible","1437","TC-LMC-01: Latest Models by Category section is visible with tabs","Homepage - LatestModelsByCategory [ta]","2026-08-27","passed","2026-08-27","","","",""
"**Test Case ID:** TC-PSH-04
**Title:** View All Used Trucks link does not reuse a product card's URL
**Language:** ta

**Description:**
Confirm the View All Used Trucks link does not accidentally point at the first product card's PDP URL.

**Expected Result:**
View All Used Trucks and the first product card link to different URLs.

**Steps:**
1. Open Popular Second Hand Truck
2. Verify View All's href differs from the first product's href","1865","TC-PSH-04: View All Used Trucks link does not reuse a product card's URL","Homepage - PopularSecondHandTruck [ta]","2026-08-27","passed","2026-08-27","","","",""
"**Test Case ID:** TC-CL-02
**Title:** Check Truck Price lead form shows required validation when submitted empty on 18 Wheeler
**Language:** en

**Description:**
Open the 18 Wheeler page, open Check Truck Price, and submit with name, mobile and city all left empty.

**Expected Result:**
The real, page-shown validation messages for name, mobile and location are displayed, and no lead is submitted.

**Steps:**
1. Open the 18 Wheeler page
2. Click a truck card's ""Check Truck Price"" button to open its lead form
3. Leave name, mobile and city empty and submit
4. Verify all three required-field validation messages are shown","3034","TC-CL-02: Check Truck Price lead form shows required validation when submitted empty on 18 Wheeler","CategoryPages - CategoryListing [eighteenWheeler] [en] — 18 Wheeler","2026-08-27","passed","2026-08-27","","","",""
"","983","TC-CL-04: Call Now assistance lead submits successfully on 8 Wheeler","CategoryPages - CategoryListing [eightWheeler] [en] — 8 Wheeler","2026-08-27","skipped","2026-08-27","","","",""
"**Test Case ID:** TC-PDPI-02
**Title:** Check Offers lead form shows required validation when submitted empty on Tata Yodha 2.0 Images
**Language:** en

**Description:**
Open Tata Yodha 2.0 Images, click “Check Offers”, and submit with name, mobile and city all left empty.

**Expected Result:**
The real required-field validation messages for name, mobile and location are shown, and no lead is submitted.

**Steps:**
1. Open Tata Yodha 2.0 Images
2. Click Check Offers
3. Leave name, mobile and city empty and submit
4. Verify the three required-field messages","4148","TC-PDPI-02: Check Offers lead form shows required validation when submitted empty on Tata Yodha 2.0 Images","PDP - NewTruckInternalPages [yodhaImages] [en] — Tata Yodha 2.0 Images","2026-08-27","passed","2026-08-27","","","",""
"","8431","TC-SRT-01: Search The Right Truck section shows tabs, fields and Brand active by default","Homepage - SearchRightTruck [en]","2026-08-27","passed","2026-08-27","","","",""
"**Test Case ID:** TC-BR-06
**Title:** Download Brochure lead form rejects mobile that is not 10 digits on Brochure
**Language:** en

**Description:**
Open the Brochure page, click Download Brochure, fill a valid name, an invalid (5-digit) mobile number, and leave city empty, then submit.

**Expected Result:**
The real, page-shown mobile-format and location-required validation messages are displayed, and no lead is submitted.

**Steps:**
1. Open the Brochure page
2. Click Download Brochure to open its lead form
3. Fill a valid name and an invalid mobile number
4. Submit with city left empty
5. Verify the mobile-format and location validation messages are shown","2708","TC-BR-06: Download Brochure lead form rejects mobile that is not 10 digits on Brochure","Brochure - Brochure [en] — Brochure","2026-08-27","passed","2026-08-27","","","",""
"","5804","TC-CNT-00: page links resolve 200/30x; broken links are logged, not failed","UtilityPages - ContentPage [webStory] [en] — Web Story","2026-08-27","passed","2026-08-27","","","",""
"","1692","TC-TIY-14: Upcoming tab has no duplicate truck cards","Homepage - TruckInIndia [en]","2026-08-27","passed","2026-08-27","","","",""
"**Test Case ID:** TC-PL-05
**Title:** listing heading, filters and cards on 10 ton - 20 ton Trucks
**Language:** en

**Description:**
Open 10 ton - 20 ton Trucks and confirm the page heading and at least one listing card CTA. Filter By is checked when that row is present.

**Expected Result:**
Page heading is visible and at least one listing card button is shown.

**Steps:**
1. Open the 10 ton - 20 ton Trucks page
2. Verify the page heading
3. Verify listing cards (and Filter By when present)","1224","TC-PL-05: listing heading, filters and cards on 10 ton - 20 ton Trucks","CategoryPages - PayloadListing [ton10to20] [en] — 10 ton - 20 ton Trucks","2026-08-27","passed","2026-08-27","","","",""
"","7128","TC-CL-00: page links resolve 200/30x; broken links are logged, not failed","CategoryPages - CategoryListing [twentyTwoWheeler] [en] — 22 Wheeler","2026-08-27","passed","2026-08-27","","","",""
"**Test Case ID:** TC-TYRL-01
**Title:** Load More shows more tyre cards on MRF Tyres
**Language:** en

**Description:**
Click Load More on MRF Tyres and confirm more tyre cards appear.

**Expected Result:**
The number of visible “View August Offer” cards increases after Load More.

**Steps:**
1. Open MRF Tyres
2. Note how many tyre cards are shown
3. Click Load More
4. Verify more cards are shown","926","TC-TYRL-01: Load More shows more tyre cards on MRF Tyres","UtilityPages - TyresListing [mrfTyres] [en] [desktop] — MRF Tyres","2026-08-27","passed","2026-08-27","","","",""
"**Test Case ID:** TC-CL-05
**Title:** listing heading, filters and cards on LNG Trucks
**Language:** en

**Description:**
Open LNG Trucks and confirm the page heading and at least one listing card CTA. Filter By is checked when that row is present.

**Expected Result:**
Page heading is visible and at least one listing card button is shown.

**Steps:**
1. Open the LNG Trucks page
2. Verify the page heading
3. Verify listing cards (and Filter By when present)","834","TC-CL-05: listing heading, filters and cards on LNG Trucks","CategoryPages - CategoryListing [lng] [en] — LNG Trucks","2026-08-27","passed","2026-08-27","","","",""
"","8136","TC-ECH-00: page links resolve 200/30x; broken links are logged, not failed","UsedTruck - EChallan [en] — E Challan","2026-08-27","passed","2026-08-27","","","",""
"","18288","TC-TBR-00: page links resolve 200/30x; broken links are logged, not failed","CategoryPages - CategoryListingBrands [tataBrand] [en] — Tata Trucks","2026-08-27","passed","2026-08-27","","","",""
"**Test Case ID:** TC-PDPI-01
**Title:** Check Offers lead submits successfully on Eka 3W Cargo Reviews
**Language:** en

**Description:**
Open Eka 3W Cargo Reviews, click “Check Offers”, fill name, mobile and city, and submit.

**Expected Result:**
A Thank You confirmation is shown after a successful lead submission. The submitted name is testqa.

**Steps:**
1. Open Eka 3W Cargo Reviews
2. Click Check Offers
3. Fill name, mobile and city
4. Submit and verify Thank You","3774","TC-PDPI-01: Check Offers lead submits successfully on Eka 3W Cargo Reviews","PDP - NewTruckInternalPages [ekaReview] [en] — Eka 3W Cargo Reviews","2026-08-27","passed","2026-08-27","","","",""
"**Test Case ID:** TC-UTPDP-02
**Title:** Contact Seller lead form shows required validation when submitted empty on Used Truck Detail
**Language:** en

**Description:**
Open a used-truck detail page, click Contact Seller, and submit with name, mobile and city all left empty.

**Expected Result:**
The real required-field validation messages for name, mobile and location are shown, and no lead is submitted.

**Steps:**
1. Open a used-truck detail page
2. Click Contact Seller
3. Leave name, mobile and city empty and submit
4. Verify the three required-field messages","4695","TC-UTPDP-02: Contact Seller lead form shows required validation when submitted empty on Used Truck Detail","UsedTruck - UsedTruckPdp [en] — Used Truck Detail","2026-08-27","passed","2026-08-27","","","",""
"","761","TC-NLP-12: Load More shows more truck cards on Upcoming Trucks","ListingPages - NewListingPages [upcomingTrucks] [en] — Upcoming Trucks","2026-08-27","skipped","2026-08-27","","","",""
"**Test Case ID:** TC-BUSPDP-04
**Title:** Heading is visible on Tata Starbus Staff Contract
**Language:** en

**Description:**
Open Tata Starbus Staff Contract and confirm the bus name heading.

**Expected Result:**
The heading “Tata Starbus Staff Contract” is visible.

**Steps:**
1. Open Tata Starbus Staff Contract
2. Verify the heading","726","TC-BUSPDP-04: heading is visible on Tata Starbus Staff Contract","Buses - BusPdp [starbusStaffContract] [en] — Tata Starbus Staff Contract","2026-08-27","passed","2026-08-27","","","",""
"**Test Case ID:** TC-PDPI-01
**Title:** Check Offers lead submits successfully on Tata Yodha 2.0 Reviews
**Language:** en

**Description:**
Open Tata Yodha 2.0 Reviews, click “Check Offers”, fill name, mobile and city, and submit.

**Expected Result:**
A Thank You confirmation is shown after a successful lead submission. The submitted name is testqa.

**Steps:**
1. Open Tata Yodha 2.0 Reviews
2. Click Check Offers
3. Fill name, mobile and city
4. Submit and verify Thank You","4947","TC-PDPI-01: Check Offers lead submits successfully on Tata Yodha 2.0 Reviews","PDP - NewTruckInternalPages [yodhaReview] [en] — Tata Yodha 2.0 Reviews","2026-08-27","passed","2026-08-27","","","",""
"**Test Case ID:** TC-CL-05
**Title:** listing heading, filters and cards on Auto Rickshaw
**Language:** en

**Description:**
Open Auto Rickshaw and confirm the page heading and at least one listing card CTA. Filter By is checked when that row is present.

**Expected Result:**
Page heading is visible and at least one listing card button is shown.

**Steps:**
1. Open the Auto Rickshaw page
2. Verify the page heading
3. Verify listing cards (and Filter By when present)","947","TC-CL-05: listing heading, filters and cards on Auto Rickshaw","CategoryPages - CategoryListing [autoRickshaw] [en] — Auto Rickshaw","2026-08-27","passed","2026-08-27","","","",""
"","2356","TC-SRT-07: shows brand/model error when Search is clicked with no brand selection","Homepage - SearchRightTruck [en]","2026-08-27","passed","2026-08-27","","","",""
"**Test Case ID:** TC-PDPI-02
**Title:** Download Brochure lead form shows required validation when submitted empty on Tata Yodha 2.0 Brochure
**Language:** en

**Description:**
Open Tata Yodha 2.0 Brochure, click “Download Brochure”, and submit with name, mobile and city all left empty.

**Expected Result:**
The real required-field validation messages for name, mobile and location are shown, and no lead is submitted.

**Steps:**
1. Open Tata Yodha 2.0 Brochure
2. Click Download Brochure
3. Leave name, mobile and city empty and submit
4. Verify the three required-field messages","1726","TC-PDPI-02: Download Brochure lead form shows required validation when submitted empty on Tata Yodha 2.0 Brochure","PDP - NewTruckInternalPages [yodhaBrochure] [en] — Tata Yodha 2.0 Brochure","2026-08-27","passed","2026-08-27","","","",""
"**Test Case ID:** TC-UTPDP-07
**Title:** Used truck detail heading is visible
**Language:** en

**Description:**
Confirm the used-truck detail page heading starts with Used.

**Expected Result:**
The H1 is visible and starts with “Used ”.

**Steps:**
1. Open a used-truck detail page
2. Verify the heading","2821","TC-UTPDP-07: used truck detail heading is visible","UsedTruck - UsedTruckPdp [en] — Used Truck Detail","2026-08-27","passed","2026-08-27","","","",""
"","9391","TC-PDPI-00: page links resolve 200/30x; broken links are logged, not failed","PDP - NewTruckInternalPages [ekaReview] [en] — Eka 3W Cargo Reviews","2026-08-27","passed","2026-08-27","","","",""
"","2891","TC-SRT-14: lists expected budget ranges with localized labels","Homepage - SearchRightTruck [ta]","2026-08-27","passed","2026-08-27","","","",""
"**Test Case ID:** TC-NLP-02
**Title:** Check Truck Price lead submits successfully on Find New Trucks
**Language:** en

**Description:**
Open the Find New Trucks listing page, click Check Truck Price to open its lead form, fill name, mobile and city, and submit.

**Expected Result:**
A Thank You confirmation is shown after a successful lead submission. The submitted name is tagged with a page/CTA identifier for CRM traceability.

**Steps:**
1. Open the Find New Trucks listing page
2. Click Check Truck Price to open its lead form
3. Fill name, mobile and city
4. Submit and verify the confirmation","4006","TC-NLP-02: Check Truck Price lead submits successfully on Find New Trucks","ListingPages - NewListingPages [newTrucks] [en] — Find New Trucks","2026-08-27","passed","2026-08-27","","","",""
"**Test Case ID:** TC-BUS-03
**Title:** Lead form rejects mobile that is not 10 digits on Popular Buses
**Language:** en

**Description:**
Open the Popular Buses page, open the lead form via ""Check Bus Price"", fill a valid name, an invalid (5-digit) mobile number, and leave city empty, then submit.

**Expected Result:**
The bus enquiry popup rejects the invalid mobile number in real time (the field reverts to empty), and submitting shows the mobile-required and location-required validation messages, with no lead submitted.

**Steps:**
1. Open the Popular Buses page
2. Click ""Check Bus Price"" to open its lead form
3. Fill a valid name and an invalid mobile number
4. Submit with city left empty
5. Verify the mobile-required and location validation messages are shown","2769","TC-BUS-03: lead form rejects mobile that is not 10 digits on Popular Buses","Buses - BusListing [popularBuses] [en] — Popular Buses","2026-08-27","passed","2026-08-27","","","",""
"","5672","TC-TIY-18: Latest Check Offers submits lead and shows Thank You modal","Homepage - TruckInIndia [en]","2026-08-27","passed","2026-08-27","","","",""
"**Test Case ID:** TC-PDPI-04
**Title:** Heading is visible on Tata Yodha 2.0 Mileage
**Language:** en

**Description:**
Open Tata Yodha 2.0 Mileage and confirm the page heading.

**Expected Result:**
The heading “Tata Yodha 2.0 Mileage” is visible.

**Steps:**
1. Open Tata Yodha 2.0 Mileage
2. Verify the heading","1078","TC-PDPI-04: heading is visible on Tata Yodha 2.0 Mileage","PDP - NewTruckInternalPages [yodhaMileage] [en] — Tata Yodha 2.0 Mileage","2026-08-27","passed","2026-08-27","","","",""
"**Test Case ID:** TC-TYRL-02
**Title:** Load More is not shown on Dunlop Tyres
**Language:** en

**Description:**
Confirm Dunlop Tyres does not show a Load More button (this listing is fully shown on first load).

**Expected Result:**
No Load More button is present.

**Steps:**
1. Open Dunlop Tyres
2. Verify Load More is not shown","614","TC-TYRL-02: Load More is not shown on Dunlop Tyres","UtilityPages - TyresListing [dunlopTyres] [en] [desktop] — Dunlop Tyres","2026-08-27","passed","2026-08-27","","","",""
"","9869","TC-CL-00: page links resolve 200/30x; broken links are logged, not failed","CategoryPages - CategoryListing [diesel] [en] — Diesel Trucks","2026-08-27","passed","2026-08-27","","","",""
"**Test Case ID:** TC-NLP-01
**Title:** Check Offers lead submits successfully on Latest Trucks
**Language:** en

**Description:**
Open the Latest Trucks listing page, click Check Offers to open its lead form, fill name, mobile and city, and submit.

**Expected Result:**
A Thank You confirmation is shown after a successful lead submission. The submitted name is tagged with a page/CTA identifier for CRM traceability.

**Steps:**
1. Open the Latest Trucks listing page
2. Click Check Offers to open its lead form
3. Fill name, mobile and city
4. Submit and verify the confirmation","6105","TC-NLP-01: Check Offers lead submits successfully on Latest Trucks","ListingPages - NewListingPages [latestTrucks] [en] — Latest Trucks","2026-08-27","passed","2026-08-27","","","",""
"**Test Case ID:** TC-CT-07
**Title:** FAQ question expands on Compare Trucks
**Language:** en

**Description:**
Open a Frequently Asked Question on Compare Trucks and confirm the answer is shown.

**Expected Result:**
The selected question’s answer is visible.

**Steps:**
1. Open the Compare Trucks page
2. Open an FAQ question
3. Verify the answer is shown","1664","TC-CT-07: FAQ question expands on Compare Trucks","Compare - CompareTrucks [en] — Compare Trucks","2026-08-27","passed","2026-08-27","","","",""
"**Test Case ID:** TC-NLP-05
**Title:** Call Now lead submits successfully on Popular Truck
**Language:** en

**Description:**
Open the Popular Truck listing page, click Call Now to open its lead form, fill name, mobile and city, and submit.

**Expected Result:**
The assistance lead form closes after a successful submission (verified via the real submit network call). The submitted name is tagged with a page/CTA identifier for CRM traceability.

**Steps:**
1. Open the Popular Truck listing page
2. Click Call Now to open its lead form
3. Fill name, mobile and city
4. Submit and verify the confirmation","5491","TC-NLP-05: Call Now lead submits successfully on Popular Truck","ListingPages - NewListingPages [popularTrucks] [en] — Popular Truck","2026-08-27","passed","2026-08-27","","","",""
"","6837","TC-VHR-00: page links resolve 200/30x; broken links are logged, not failed","UsedTruck - VehicleReport [en] — Vehicle Report","2026-08-27","passed","2026-08-27","","","",""
"","8912","TC-CUS-00: page links resolve 200/30x; broken links are logged, not failed","UtilityPages - ContactUs [en] — Contact Us","2026-08-27","passed","2026-08-27","","","",""
"","3976","TC-SRT-13: lists expected body types with localized labels","Homepage - SearchRightTruck [en]","2026-08-27","passed","2026-08-27","","","",""
"**Test Case ID:** TC-CL-05
**Title:** listing heading, filters and cards on Transit Mixer
**Language:** en

**Description:**
Open Transit Mixer and confirm the page heading and at least one listing card CTA. Filter By is checked when that row is present.

**Expected Result:**
Page heading is visible and at least one listing card button is shown.

**Steps:**
1. Open the Transit Mixer page
2. Verify the page heading
3. Verify listing cards (and Filter By when present)","954","TC-CL-05: listing heading, filters and cards on Transit Mixer","CategoryPages - CategoryListing [transitMixer] [en] — Transit Mixer","2026-08-27","passed","2026-08-27","","","",""
"**Test Case ID:** TC-CL-05
**Title:** listing heading, filters and cards on Petrol Trucks
**Language:** en

**Description:**
Open Petrol Trucks and confirm the page heading and at least one listing card CTA. Filter By is checked when that row is present.

**Expected Result:**
Page heading is visible and at least one listing card button is shown.

**Steps:**
1. Open the Petrol Trucks page
2. Verify the page heading
3. Verify listing cards (and Filter By when present)","1083","TC-CL-05: listing heading, filters and cards on Petrol Trucks","CategoryPages - CategoryListing [petrol] [en] — Petrol Trucks","2026-08-27","passed","2026-08-27","","","",""
"**Test Case ID:** TC-PDPI-04
**Title:** Heading is visible on Tata Yodha 2.0 Images
**Language:** en

**Description:**
Open Tata Yodha 2.0 Images and confirm the page heading.

**Expected Result:**
The heading “Tata Yodha 2.0 Images” is visible.

**Steps:**
1. Open Tata Yodha 2.0 Images
2. Verify the heading","1400","TC-PDPI-04: heading is visible on Tata Yodha 2.0 Images","PDP - NewTruckInternalPages [yodhaImages] [en] — Tata Yodha 2.0 Images","2026-08-27","passed","2026-08-27","","","",""
"**Test Case ID:** TC-NTPDP-01
**Title:** Get Offers lead opens on launch for Tata Yodha 2.0
**Language:** en

**Description:**
Open the New Truck PDP for Tata Yodha 2.0. Confirm the Get Offers lead popup appears on page load with the correct offers title.

**Expected Result:**
User sees “Check Latest Offers on Tata Yodha 2.0” with name, mobile, city fields and a Get Offers button.

**Steps:**
1. Open Tata Yodha 2.0 PDP without dismissing the launch popup
2. Verify Get Offers lead title and fields are visible","287","TC-NTPDP-01: Get Offers lead opens on launch for Tata Yodha 2.0","PDP - NewTruckPdp [mostPopular] [en] — Tata Yodha 2.0","2026-08-27","passed","2026-08-27","","","",""
"**Test Case ID:** TC-NTPDP-10
**Title:** Expert Review block for Tata Yodha 2.0
**Language:** en

**Description:**
Verify Expert Review when present on Tata Yodha 2.0.

**Expected Result:**
Expert Review heading is visible, or skipped if not on this PDP.

**Steps:**
1. Open PDP
2. Locate Expert Review if present","174","TC-NTPDP-10: Expert Review block for Tata Yodha 2.0","PDP - NewTruckPdp [mostPopular] [en] — Tata Yodha 2.0","2026-08-27","passed","2026-08-27","","Page blocks (same session)","",""
"","1576","TC-SRT-11: lists expected sample brands with localized labels","Homepage - SearchRightTruck [ta]","2026-08-27","passed","2026-08-27","","","",""
"**Test Case ID:** TC-PL-04
**Title:** Call Now assistance lead submits successfully on 40 ton - 300 ton Trucks
**Language:** en

**Description:**
Open the 40 ton - 300 ton Trucks page, click the ""Still confused?"" widget's Call Now button to open the assistance lead form, fill model, name, mobile and city, and submit.

**Expected Result:**
The assistance form closes after a successful submission.

**Steps:**
1. Open the 40 ton - 300 ton Trucks page
2. Click Call Now to open the assistance lead form
3. Fill model, name, mobile and city
4. Submit and verify the assistance form closes","5197","TC-PL-04: Call Now assistance lead submits successfully on 40 ton - 300 ton Trucks","CategoryPages - PayloadListing [ton40to300] [en] — 40 ton - 300 ton Trucks","2026-08-27","passed","2026-08-27","","","",""
"","26","TC-NTPDP-11: Pros & Cons block for Eka 3W Cargo","PDP - NewTruckPdp [leastPopular] [en] — Eka 3W Cargo","2026-08-27","skipped","2026-08-27","","Page blocks (same session)","",""
"**Test Case ID:** TC-NLP-12
**Title:** Load More shows more truck cards on BS6 Trucks
**Language:** en

**Description:**
Click Load More on BS6 Trucks and confirm more truck cards appear.

**Expected Result:**
The number of visible card buttons increases after Load More.

**Steps:**
1. Open the BS6 Trucks listing page
2. Note how many truck cards are shown
3. Click Load More
4. Verify more cards are shown","1164","TC-NLP-12: Load More shows more truck cards on BS6 Trucks","ListingPages - NewListingPages [bs6Trucks] [en] — BS6 Trucks","2026-08-27","passed","2026-08-27","","","",""
"**Test Case ID:** TC-PDPI-05
**Title:** Get On Road Price lead submits successfully on Tata Yodha 2.0 Videos
**Language:** en

**Description:**
Open Tata Yodha 2.0 Videos, click “Get On Road Price” (a second entry point), fill name, mobile and city, and submit.

**Expected Result:**
A Thank You confirmation is shown after a successful lead submission from this second CTA.

**Steps:**
1. Open Tata Yodha 2.0 Videos
2. Click Get On Road Price
3. Fill name, mobile and city
4. Submit and verify Thank You","4219","TC-PDPI-05: Get On Road Price lead submits successfully on Tata Yodha 2.0 Videos","PDP - NewTruckInternalPages [yodhaVideos] [en] — Tata Yodha 2.0 Videos","2026-08-27","passed","2026-08-27","","","",""
"**Test Case ID:** TC-BUS-03
**Title:** Lead form rejects mobile that is not 10 digits on Latest Buses
**Language:** en

**Description:**
Open the Latest Buses page, open the lead form via ""Check Bus Price"", fill a valid name, an invalid (5-digit) mobile number, and leave city empty, then submit.

**Expected Result:**
The bus enquiry popup rejects the invalid mobile number in real time (the field reverts to empty), and submitting shows the mobile-required and location-required validation messages, with no lead submitted.

**Steps:**
1. Open the Latest Buses page
2. Click ""Check Bus Price"" to open its lead form
3. Fill a valid name and an invalid mobile number
4. Submit with city left empty
5. Verify the mobile-required and location validation messages are shown","2611","TC-BUS-03: lead form rejects mobile that is not 10 digits on Latest Buses","Buses - BusListing [latestBuses] [en] — Latest Buses","2026-08-27","passed","2026-08-27","","","",""
"","8803","TC-TIY-00: page links resolve 200/30x; broken links are logged, not failed","Homepage - TruckInIndia [en]","2026-08-27","passed","2026-08-27","","","",""
"**Test Case ID:** TC-PTC-03
**Title:** View All Comparison opens compare listing
**Language:** ta

**Description:**
Click View All Comparison in Popular Truck Comparison and confirm the compare listing opens.

**Expected Result:**
The URL is the compare listing for the language (for example /en/compare).

**Steps:**
1. Open Popular Truck Comparison
2. Click View All Comparison
3. Verify the compare listing URL","3162","TC-PTC-03: View All Comparison opens compare listing","Homepage - PopularTruckComparison [ta]","2026-08-27","passed","2026-08-27","","","",""
"","8081","TC-TYRL-00: page links resolve 200/30x; broken links are logged, not failed","UtilityPages - TyresListing [tyres] [en] [desktop] — Tyres","2026-08-27","passed","2026-08-27","","","",""
"**Test Case ID:** TC-PDPI-01
**Title:** Download Brochure lead submits successfully on Tata Yodha 2.0 Brochure
**Language:** en

**Description:**
Open Tata Yodha 2.0 Brochure, click “Download Brochure”, fill name, mobile and city, and submit.

**Expected Result:**
A Thank You confirmation is shown after a successful lead submission. The submitted name is testqa.

**Steps:**
1. Open Tata Yodha 2.0 Brochure
2. Click Download Brochure
3. Fill name, mobile and city
4. Submit and verify Thank You","4013","TC-PDPI-01: Download Brochure lead submits successfully on Tata Yodha 2.0 Brochure","PDP - NewTruckInternalPages [yodhaBrochure] [en] — Tata Yodha 2.0 Brochure","2026-08-27","passed","2026-08-27","","","",""
"**Test Case ID:** TC-PDPI-04
**Title:** Heading is visible on Tata Yodha 2.0 Specifications
**Language:** en

**Description:**
Open Tata Yodha 2.0 Specifications and confirm the page heading.

**Expected Result:**
The heading “Tata Yodha 2.0 Specifications” is visible.

**Steps:**
1. Open Tata Yodha 2.0 Specifications
2. Verify the heading","1221","TC-PDPI-04: heading is visible on Tata Yodha 2.0 Specifications","PDP - NewTruckInternalPages [yodhaSpecifications] [en] — Tata Yodha 2.0 Specifications","2026-08-27","passed","2026-08-27","","","",""
"","11326","TC-PL-00: page links resolve 200/30x; broken links are logged, not failed","CategoryPages - PayloadListing [ton5to10] [en] — 5 ton - 10 ton Trucks","2026-08-27","passed","2026-08-27","","","",""
"**Test Case ID:** TC-TBB-02
**Title:** First news article title navigates to news page
**Language:** en

**Description:**
Click the first visible news article title in The Buzz Board and confirm the news article page opens.

**Expected Result:**
The browser URL matches that article’s news path for the selected language.

**Steps:**
1. Open The Buzz Board
2. Click the first visible article title
3. Verify the URL is the matching news page","1999","TC-TBB-02: first news article title navigates to news page","Homepage - TheBuzzBoard [en]","2026-08-27","passed","2026-08-27","","","",""
"","40","TC-NTPDP-16: Dealers, Service & Spare Parts for Eka 3W Cargo","PDP - NewTruckPdp [leastPopular] [en] — Eka 3W Cargo","2026-08-27","skipped","2026-08-27","","Page blocks (same session)","",""
"**Test Case ID:** TC-NTPDP-16
**Title:** Dealers, Service & Spare Parts for Tata Yodha 2.0
**Language:** en

**Description:**
Verify Dealers / Service / Spare Parts when present on Tata Yodha 2.0.

**Expected Result:**
Dealers heading is visible, or skipped.

**Steps:**
1. Open PDP
2. Locate Dealers section if present","364","TC-NTPDP-16: Dealers, Service & Spare Parts for Tata Yodha 2.0","PDP - NewTruckPdp [mostPopular] [en] — Tata Yodha 2.0","2026-08-27","passed","2026-08-27","","Page blocks (same session)","",""
"","7994","TC-NTPDP-00: page links resolve 200/30x; broken links are logged, not failed","PDP - NewTruckPdp [leastPopular] [en] — Eka 3W Cargo","2026-08-27","passed","2026-08-27","","","",""
"**Test Case ID:** TC-CL-02
**Title:** Check Truck Price lead form shows required validation when submitted empty on Transit Mixer
**Language:** en

**Description:**
Open the Transit Mixer page, open Check Truck Price, and submit with name, mobile and city all left empty.

**Expected Result:**
The real, page-shown validation messages for name, mobile and location are displayed, and no lead is submitted.

**Steps:**
1. Open the Transit Mixer page
2. Click a truck card's ""Check Truck Price"" button to open its lead form
3. Leave name, mobile and city empty and submit
4. Verify all three required-field validation messages are shown","3991","TC-CL-02: Check Truck Price lead form shows required validation when submitted empty on Transit Mixer","CategoryPages - CategoryListing [transitMixer] [en] — Transit Mixer","2026-08-27","passed","2026-08-27","","","",""
"**Test Case ID:** TC-CL-01
**Title:** Check Truck Price lead submits successfully on LCV
**Language:** en

**Description:**
Open the LCV page, click a truck card's ""Check Truck Price"" button to open its lead form, fill name, mobile and city, and submit.

**Expected Result:**
A Thank You confirmation is shown after a successful lead submission.

**Steps:**
1. Open the LCV page
2. Click a truck card's ""Check Truck Price"" button to open its lead form
3. Fill name, mobile and city
4. Submit and verify Thank You confirmation","6726","TC-CL-01: Check Truck Price lead submits successfully on LCV","CategoryPages - CategoryListing [lcv] [en] — LCV","2026-08-27","passed","2026-08-27","","","",""
"**Test Case ID:** TC-LMC-02
**Title:** First product name on default tab navigates to truck PDP
**Language:** hi

**Description:**
On the default category tab, click the first visible truck product name and confirm the truck product detail page opens.

**Expected Result:**
The browser URL matches that product’s truck PDP path for the selected language.

**Steps:**
1. Open Latest Models by Category
2. Click the first visible product name on the active tab
3. Verify the URL is the matching truck PDP","4935","TC-LMC-02: first product name on default tab navigates to truck PDP","Homepage - LatestModelsByCategory [hi]","2026-08-27","passed","2026-08-27","","","",""
"**Test Case ID:** TC-PDPI-02
**Title:** Check Offers lead form shows required validation when submitted empty on Tata Yodha 2.0 Specifications
**Language:** en

**Description:**
Open Tata Yodha 2.0 Specifications, click “Check Offers”, and submit with name, mobile and city all left empty.

**Expected Result:**
The real required-field validation messages for name, mobile and location are shown, and no lead is submitted.

**Steps:**
1. Open Tata Yodha 2.0 Specifications
2. Click Check Offers
3. Leave name, mobile and city empty and submit
4. Verify the three required-field messages","3740","TC-PDPI-02: Check Offers lead form shows required validation when submitted empty on Tata Yodha 2.0 Specifications","PDP - NewTruckInternalPages [yodhaSpecifications] [en] — Tata Yodha 2.0 Specifications","2026-08-27","passed","2026-08-27","","","",""
"**Test Case ID:** TC-NTPDP-17
**Title:** Price in India block for Tata Yodha 2.0
**Language:** en

**Description:**
Verify Price in India section for Tata Yodha 2.0.

**Expected Result:**
Price in India heading is visible.

**Steps:**
1. Open PDP
2. Scroll to Price in India
3. Verify heading","163","TC-NTPDP-17: Price in India block for Tata Yodha 2.0","PDP - NewTruckPdp [mostPopular] [en] — Tata Yodha 2.0","2026-08-27","passed","2026-08-27","","Page blocks (same session)","",""
"","6779","TC-SUT-00: page links resolve 200/30x; broken links are logged, not failed","UsedTruck - SellUsedTrucks [en] — Sell Used Trucks","2026-08-27","passed","2026-08-27","","","",""
"**Test Case ID:** TC-ECV-02
**Title:** First product name navigates to truck PDP
**Language:** ta

**Description:**
In Electric Commercial Vehicles, click the first visible truck product name (not the image) and confirm the user opens that truck’s product detail page.

**Expected Result:**
The browser URL matches the product’s truck PDP path for the selected language (for example /en/{brand}-truck/{model}).

**Steps:**
1. Open the Electric Commercial Vehicles section
2. Click the first visible product name link
3. Verify the URL is the matching truck PDP","18379","TC-ECV-02: first product name navigates to truck PDP","Homepage - ElectricCommercialVehicles [ta]","2026-08-27","failed","2026-08-27","","","",""
"**Test Case ID:** TC-TBR-04
**Title:** listing heading, filters and cards on Mahindra Trucks
**Language:** en

**Description:**
Open Mahindra Trucks and confirm the page heading and at least one listing card CTA. Filter By is checked when that row is present.

**Expected Result:**
Page heading is visible and at least one listing card button is shown.

**Steps:**
1. Open the Mahindra Trucks page
2. Verify the page heading
3. Verify listing cards (and Filter By when present)","1475","TC-TBR-04: listing heading, filters and cards on Mahindra Trucks","CategoryPages - CategoryListingBrands [mahindraBrand] [en] — Mahindra Trucks","2026-08-27","passed","2026-08-27","","","",""
"**Test Case ID:** TC-PTC-04
**Title:** View All Comparison link does not reuse a product card's URL
**Language:** ta

**Description:**
Confirm the View All Comparison link does not accidentally point at the first product card's PDP URL.

**Expected Result:**
View All Comparison and the first product card link to different URLs.

**Steps:**
1. Open Popular Truck Comparison
2. Verify View All's href differs from the first product's href","1449","TC-PTC-04: View All Comparison link does not reuse a product card's URL","Homepage - PopularTruckComparison [ta]","2026-08-27","passed","2026-08-27","","","",""
"**Test Case ID:** TC-TSR-04
**Title:** listing heading, filters and cards on Ashok Leyland Dost
**Language:** en

**Description:**
Open Ashok Leyland Dost and confirm the page heading and at least one listing card CTA. Filter By is checked when that row is present.

**Expected Result:**
Page heading is visible and at least one listing card button is shown.

**Steps:**
1. Open the Ashok Leyland Dost page
2. Verify the page heading
3. Verify listing cards (and Filter By when present)","1560","TC-TSR-04: listing heading, filters and cards on Ashok Leyland Dost","CategoryPages - CategoryListingTruckSeries [ashokLeylandDost] [en] — Ashok Leyland Dost","2026-08-27","passed","2026-08-27","","","",""
"","5901","TC-TIY-17: Popular Check Offers submits lead and shows Thank You modal","Homepage - TruckInIndia [en]","2026-08-27","passed","2026-08-27","","","",""
"","11303","TC-PL-00: page links resolve 200/30x; broken links are logged, not failed","CategoryPages - PayloadListing [ton40to300] [en] — 40 ton - 300 ton Trucks","2026-08-27","passed","2026-08-27","","","",""
"","6224","TC-BUS-00: page links resolve 200/30x; broken links are logged, not failed","Buses - BusListing [tataBuses] [en] — Tata Buses","2026-08-27","passed","2026-08-27","","","",""
"","10340","TC-CL-00: page links resolve 200/30x; broken links are logged, not failed","CategoryPages - CategoryListing [hcv] [en] — HCV","2026-08-27","passed","2026-08-27","","","",""
"**Test Case ID:** TC-CL-03
**Title:** Check Truck Price lead form rejects mobile that is not 10 digits on LPG Trucks
**Language:** en

**Description:**
Open the LPG Trucks page, open Check Truck Price, fill a valid name, an invalid (5-digit) mobile number, and leave city empty, then submit.

**Expected Result:**
The real, page-shown mobile-format and location-required validation messages are displayed, and no lead is submitted.

**Steps:**
1. Open the LPG Trucks page
2. Click a truck card's ""Check Truck Price"" button to open its lead form
3. Fill a valid name and an invalid mobile number
4. Submit with city left empty
5. Verify the mobile-format and location validation messages are shown","2431","TC-CL-03: Check Truck Price lead form rejects mobile that is not 10 digits on LPG Trucks","CategoryPages - CategoryListing [lpg] [en] — LPG Trucks","2026-08-27","passed","2026-08-27","","","",""
"**Test Case ID:** TC-LTU-03
**Title:** No visible video card links to a duplicate video
**Language:** en

**Description:**
Confirm every visible video title in Latest Truck Updates links to a distinct video.

**Expected Result:**
No two visible video cards share the same href.

**Steps:**
1. Open Latest Truck Updates
2. Verify all visible video links are unique","1757","TC-LTU-03: no visible video card links to a duplicate video","Homepage - LatestTruckUpdates [en]","2026-08-27","passed","2026-08-27","","","",""
"","11547","TC-CL-00: page links resolve 200/30x; broken links are logged, not failed","CategoryPages - CategoryListing [tippers] [en] — Tippers","2026-08-27","passed","2026-08-27","","","",""
"","11019","TC-CL-00: page links resolve 200/30x; broken links are logged, not failed","CategoryPages - CategoryListing [sixWheeler] [en] — 6 Wheeler","2026-08-27","passed","2026-08-27","","","",""
"**Test Case ID:** TC-LTU-02
**Title:** First video title navigates to videos page
**Language:** en

**Description:**
Click the first visible video title in Latest Truck Updates and confirm the videos page opens.

**Expected Result:**
The browser URL matches that video’s path for the selected language.

**Steps:**
1. Open Latest Truck Updates
2. Click the first visible video title
3. Verify the URL is the matching videos page","2315","TC-LTU-02: first video title navigates to videos page","Homepage - LatestTruckUpdates [en]","2026-08-27","passed","2026-08-27","","","",""
"","1547","TC-NLP-04: Notify Me lead submits successfully on Find New Trucks","ListingPages - NewListingPages [newTrucks] [en] — Find New Trucks","2026-08-27","skipped","2026-08-27","","","",""
"**Test Case ID:** TC-PL-05
**Title:** listing heading, filters and cards on 5 ton - 10 ton Trucks
**Language:** en

**Description:**
Open 5 ton - 10 ton Trucks and confirm the page heading and at least one listing card CTA. Filter By is checked when that row is present.

**Expected Result:**
Page heading is visible and at least one listing card button is shown.

**Steps:**
1. Open the 5 ton - 10 ton Trucks page
2. Verify the page heading
3. Verify listing cards (and Filter By when present)","915","TC-PL-05: listing heading, filters and cards on 5 ton - 10 ton Trucks","CategoryPages - PayloadListing [ton5to10] [en] — 5 ton - 10 ton Trucks","2026-08-27","passed","2026-08-27","","","",""
"**Test Case ID:** TC-TBR-02
**Title:** Check Truck Price lead form shows required validation when submitted empty on Ashok Leyland Trucks
**Language:** en

**Description:**
Open the Ashok Leyland Trucks page, open Check Truck Price, and submit with name, mobile and city all left empty.

**Expected Result:**
The real, page-shown validation messages for name, mobile and location are displayed, and no lead is submitted.

**Steps:**
1. Open the Ashok Leyland Trucks page
2. Click a truck card's ""Check Truck Price"" button to open its lead form
3. Leave name, mobile and city empty and submit
4. Verify all three required-field validation messages are shown","4749","TC-TBR-02: Check Truck Price lead form shows required validation when submitted empty on Ashok Leyland Trucks","CategoryPages - CategoryListingBrands [ashokLeylandBrand] [en] — Ashok Leyland Trucks","2026-08-27","passed","2026-08-27","","","",""
"**Test Case ID:** TC-PDPI-06
**Title:** FAQ question expands on Tata Yodha 2.0 Price in Gurgaon
**Language:** en

**Description:**
Open a Frequently Asked Question on Tata Yodha 2.0 Price in Gurgaon and confirm it expands.

**Expected Result:**
An FAQ question is present and can be opened.

**Steps:**
1. Open Tata Yodha 2.0 Price in Gurgaon
2. Open an FAQ question","507","TC-PDPI-06: FAQ question expands on Tata Yodha 2.0 Price in Gurgaon","PDP - NewTruckInternalPages [yodhaPriceGurgaon] [en] — Tata Yodha 2.0 Price in Gurgaon","2026-08-27","passed","2026-08-27","","","",""
"**Test Case ID:** TC-CL-02
**Title:** Check Truck Price lead form shows required validation when submitted empty on 14 Wheeler
**Language:** en

**Description:**
Open the 14 Wheeler page, open Check Truck Price, and submit with name, mobile and city all left empty.

**Expected Result:**
The real, page-shown validation messages for name, mobile and location are displayed, and no lead is submitted.

**Steps:**
1. Open the 14 Wheeler page
2. Click a truck card's ""Check Truck Price"" button to open its lead form
3. Leave name, mobile and city empty and submit
4. Verify all three required-field validation messages are shown","3065","TC-CL-02: Check Truck Price lead form shows required validation when submitted empty on 14 Wheeler","CategoryPages - CategoryListing [fourteenWheeler] [en] — 14 Wheeler","2026-08-27","passed","2026-08-27","","","",""
"","4000","TC-TIY-22: Check Offers lead form requires location even when name and mobile are valid","Homepage - TruckInIndia [en]","2026-08-27","passed","2026-08-27","","","",""
"**Test Case ID:** TC-NTPDP-19
**Title:** Reviews block for Tata Yodha 2.0
**Language:** en

**Description:**
Verify User Reviews / Reviews for Tata Yodha 2.0.

**Expected Result:**
Reviews heading is visible.

**Steps:**
1. Open PDP
2. Scroll to Reviews
3. Verify heading","366","TC-NTPDP-19: Reviews block for Tata Yodha 2.0","PDP - NewTruckPdp [mostPopular] [en] — Tata Yodha 2.0","2026-08-27","passed","2026-08-27","","Page blocks (same session)","",""
"","9545","TC-CL-00: page links resolve 200/30x; broken links are logged, not failed","CategoryPages - CategoryListing [petrol] [en] — Petrol Trucks","2026-08-27","passed","2026-08-27","","","",""
"","7180","TC-TYRL-00: page links resolve 200/30x; broken links are logged, not failed","UtilityPages - TyresListing [mrfTyres] [en] [desktop] — MRF Tyres","2026-08-27","passed","2026-08-27","","","",""
"**Test Case ID:** TC-TMO-01
**Title:** Check Offers lead submits successfully on every tab of Select Your Truck
**Language:** en

**Description:**
Open the Select Your Truck page, and for each tab in ""Popular Models by Application"", click a model card's ""Check Offers"" button, fill name, mobile and city, and submit.

**Expected Result:**
A Thank You confirmation is shown after each tab's lead submission.

**Steps:**
1. Open the Select Your Truck page
2. For each tab in ""Popular Models by Application"": select the tab, click a model card's ""Check Offers"" button
3. Fill name, mobile and city
4. Submit and verify Thank You confirmation, then close and move to the next tab","89467","TC-TMO-01: Check Offers lead submits successfully on every tab of Select Your Truck","UtilityPages - TabbedModelOffers [selectYourTruck] [en] — Select Your Truck","2026-08-27","passed","2026-08-27","","","",""
"","1586","TC-NLP-04: Notify Me lead submits successfully on BS6 Trucks","ListingPages - NewListingPages [bs6Trucks] [en] — BS6 Trucks","2026-08-27","skipped","2026-08-27","","","",""
"**Test Case ID:** TC-TBR-04
**Title:** listing heading, filters and cards on Eicher Trucks
**Language:** en

**Description:**
Open Eicher Trucks and confirm the page heading and at least one listing card CTA. Filter By is checked when that row is present.

**Expected Result:**
Page heading is visible and at least one listing card button is shown.

**Steps:**
1. Open the Eicher Trucks page
2. Verify the page heading
3. Verify listing cards (and Filter By when present)","1759","TC-TBR-04: listing heading, filters and cards on Eicher Trucks","CategoryPages - CategoryListingBrands [eicherBrand] [en] — Eicher Trucks","2026-08-27","passed","2026-08-27","","","",""
"","7182","TC-PDPI-00: page links resolve 200/30x; broken links are logged, not failed","PDP - NewTruckInternalPages [yodhaPriceGurgaon] [en] — Tata Yodha 2.0 Price in Gurgaon","2026-08-27","passed","2026-08-27","","","",""
"**Test Case ID:** TC-BR-05
**Title:** Download Brochure lead form shows required validation when submitted empty on Brochure
**Language:** en

**Description:**
Open the Brochure page, click Download Brochure, and submit with name, mobile and city all left empty.

**Expected Result:**
The real, page-shown validation messages for name, mobile and location are displayed, and no lead is submitted.

**Steps:**
1. Open the Brochure page
2. Click Download Brochure to open its lead form
3. Leave name, mobile and city empty and submit
4. Verify all three required-field validation messages are shown","2374","TC-BR-05: Download Brochure lead form shows required validation when submitted empty on Brochure","Brochure - Brochure [en] — Brochure","2026-08-27","passed","2026-08-27","","","",""
"**Test Case ID:** TC-CL-02
**Title:** Check Truck Price lead form shows required validation when submitted empty on 16 Wheeler
**Language:** en

**Description:**
Open the 16 Wheeler page, open Check Truck Price, and submit with name, mobile and city all left empty.

**Expected Result:**
The real, page-shown validation messages for name, mobile and location are displayed, and no lead is submitted.

**Steps:**
1. Open the 16 Wheeler page
2. Click a truck card's ""Check Truck Price"" button to open its lead form
3. Leave name, mobile and city empty and submit
4. Verify all three required-field validation messages are shown","2851","TC-CL-02: Check Truck Price lead form shows required validation when submitted empty on 16 Wheeler","CategoryPages - CategoryListing [sixteenWheeler] [en] — 16 Wheeler","2026-08-27","passed","2026-08-27","","","",""
"","10018","TC-TBB-00: page links resolve 200/30x; broken links are logged, not failed","Homepage - TheBuzzBoard [hi]","2026-08-27","passed","2026-08-27","","","",""
"**Test Case ID:** TC-NLP-01
**Title:** Check Offers lead submits successfully on Best Trucks
**Language:** en

**Description:**
Open the Best Trucks listing page, click Check Offers to open its lead form, fill name, mobile and city, and submit.

**Expected Result:**
A Thank You confirmation is shown after a successful lead submission. The submitted name is tagged with a page/CTA identifier for CRM traceability.

**Steps:**
1. Open the Best Trucks listing page
2. Click Check Offers to open its lead form
3. Fill name, mobile and city
4. Submit and verify the confirmation","6705","TC-NLP-01: Check Offers lead submits successfully on Best Trucks","ListingPages - NewListingPages [bestTrucks] [en] — Best Trucks","2026-08-27","passed","2026-08-27","","","",""
"**Test Case ID:** TC-BR-02
**Title:** Download Brochure lead submits successfully from the ""Popular"" tab on Brochure
**Language:** en

**Description:**
Open the Brochure page, switch the ""Best Selling Trucks"" carousel to the ""Popular"" tab, click a card's Download Brochure button to open its lead form (the same shared Check Offers modal used elsewhere on the page), fill name, mobile and city, and submit. Every tab is its own entry point even though all tabs open the same underlying form.

**Expected Result:**
A Thank You confirmation is shown after a successful lead submission.

**Steps:**
1. Open the Brochure page
2. Switch the Best Selling Trucks carousel to the ""Popular"" tab
3. Click a card's Download Brochure button to open its lead form
4. Fill name, mobile and city
5. Submit and verify Thank You confirmation","5316","TC-BR-02: Download Brochure lead submits successfully from the ""Popular"" tab on Brochure","Brochure - Brochure [en] — Brochure","2026-08-27","passed","2026-08-27","","","",""
"**Test Case ID:** TC-PSH-02
**Title:** First used-truck product name navigates to used PDP
**Language:** ta

**Description:**
Click the first visible used-truck product name in Popular Second Hand Truck and confirm the used-truck detail page opens.

**Expected Result:**
The browser URL matches that listing’s used-truck PDP path for the selected language.

**Steps:**
1. Open Popular Second Hand Truck
2. Click the first visible product name
3. Verify the URL is the matching used-truck PDP","2276","TC-PSH-02: first used-truck product name navigates to used PDP","Homepage - PopularSecondHandTruck [ta]","2026-08-27","passed","2026-08-27","","","",""
"","50","TC-NTPDP-20: News block for Eka 3W Cargo","PDP - NewTruckPdp [leastPopular] [en] — Eka 3W Cargo","2026-08-27","skipped","2026-08-27","","Page blocks (same session)","",""
"**Test Case ID:** TC-TMO-03
**Title:** Check Offers lead form rejects mobile that is not 10 digits on Offers
**Language:** en

**Description:**
Open the Offers page, open Check Offers on the default tab, fill a valid name, an invalid (5-digit) mobile number, and leave city empty, then submit.

**Expected Result:**
The real, page-shown mobile-format and location-required validation messages are displayed, and no lead is submitted.

**Steps:**
1. Open the Offers page
2. Click a model card's ""Check Offers"" button
3. Fill a valid name and an invalid mobile number
4. Submit with city left empty
5. Verify the mobile-format and location validation messages are shown","2532","TC-TMO-03: Check Offers lead form rejects mobile that is not 10 digits on Offers","UtilityPages - TabbedModelOffers [offers] [en] — Offers","2026-08-27","passed","2026-08-27","","","",""
"**Test Case ID:** TC-NTPDP-26
**Title:** SecondaryNavbar Calculate EMI jumps to the EMI calculator for Tata Yodha 2.0
**Language:** en

**Description:**
Use the SecondaryNavbar “Calculate EMI” jump link on Tata Yodha 2.0 and confirm it takes the user to the on-page EMI calculator, not to a different page.

**Expected Result:**
The EMI calculator (Down Payment, tenure buttons and Monthly EMI) is shown after clicking Calculate EMI.

**Steps:**
1. On the product page with launch lead closed
2. Click Calculate EMI on SecondaryNavbar
3. Verify the EMI calculator is shown","1407","TC-NTPDP-26: SecondaryNavbar Calculate EMI jumps to the EMI calculator for Tata Yodha 2.0","PDP - NewTruckPdp [mostPopular] [en] — Tata Yodha 2.0","2026-08-27","passed","2026-08-27","","Page blocks (same session)","",""
"","8208","TC-CL-00: page links resolve 200/30x; broken links are logged, not failed","CategoryPages - CategoryListing [cng] [en] — CNG Trucks","2026-08-27","passed","2026-08-27","","","",""
"**Test Case ID:** TC-CUS-02
**Title:** Submit Request form shows required validation when submitted empty on Contact Us
**Language:** en

**Description:**
Open the Contact Us page and click Submit Request with all fields left empty.

**Expected Result:**
The real validation messages for name, mobile, email and message are displayed, and no enquiry is submitted.

**Steps:**
1. Open the Contact Us page
2. Leave all form fields empty
3. Click Submit Request
4. Verify all required-field validation messages are shown","2486","TC-CUS-02: Submit Request form shows required validation when submitted empty on Contact Us","UtilityPages - ContactUs [en] — Contact Us","2026-08-27","passed","2026-08-27","","","",""
"**Test Case ID:** TC-LMC-10
**Title:** Check Offers lead form shows required validation when submitted empty
**Language:** en

**Description:**
On the default 3 Wheelers tab, open Check Offers and submit with name, mobile and city all left empty.

**Expected Result:**
The real, page-shown validation messages for name, mobile and location are displayed, and no lead is submitted.

**Steps:**
1. Open the default 3 Wheelers tab
2. Open Check Offers on one visible card
3. Leave name, mobile and city empty and submit
4. Verify all three required-field validation messages are shown","3147","TC-LMC-10: Check Offers lead form shows required validation when submitted empty","Homepage - LatestModelsByCategory [en]","2026-08-27","passed","2026-08-27","","","",""
"**Test Case ID:** TC-CT-03
**Title:** Check Offers lead form rejects mobile that is not 10 digits on Compare Trucks
**Language:** en

**Description:**
Open the Compare Trucks page, open the Check Offers lead form, fill a valid name, an invalid (5-digit) mobile number, and leave city empty, then submit.

**Expected Result:**
The real, page-shown mobile-format and location-required validation messages are displayed, and no lead is submitted.

**Steps:**
1. Open the Compare Trucks page
2. Open the Check Offers lead form
3. Fill a valid name and an invalid mobile number
4. Submit with city left empty
5. Verify the mobile-format and location validation messages are shown","3012","TC-CT-03: Check Offers lead form rejects mobile that is not 10 digits on Compare Trucks","Compare - CompareTrucks [en] — Compare Trucks","2026-08-27","passed","2026-08-27","","","",""
"**Test Case ID:** TC-TSR-03
**Title:** Check Truck Price lead form rejects mobile that is not 10 digits on Ashok Leyland Dost
**Language:** en

**Description:**
Open the Ashok Leyland Dost page, open Check Truck Price, fill a valid name, an invalid (5-digit) mobile number, and leave city empty, then submit.

**Expected Result:**
The real, page-shown mobile-format and location-required validation messages are displayed, and no lead is submitted.

**Steps:**
1. Open the Ashok Leyland Dost page
2. Click a truck card's ""Check Truck Price"" button to open its lead form
3. Fill a valid name and an invalid mobile number
4. Submit with city left empty
5. Verify the mobile-format and location validation messages are shown","5032","TC-TSR-03: Check Truck Price lead form rejects mobile that is not 10 digits on Ashok Leyland Dost","CategoryPages - CategoryListingTruckSeries [ashokLeylandDost] [en] — Ashok Leyland Dost","2026-08-27","passed","2026-08-27","","","",""
"**Test Case ID:** TC-CL-04
**Title:** Call Now assistance lead submits successfully on CNG Trucks
**Language:** en

**Description:**
Open the CNG Trucks page, click the ""Still confused?"" widget's Call Now button to open the assistance lead form, fill model, name, mobile and city, and submit.

**Expected Result:**
The assistance form closes after a successful submission.

**Steps:**
1. Open the CNG Trucks page
2. Click Call Now to open the assistance lead form
3. Fill model, name, mobile and city
4. Submit and verify the assistance form closes","6545","TC-CL-04: Call Now assistance lead submits successfully on CNG Trucks","CategoryPages - CategoryListing [cng] [en] — CNG Trucks","2026-08-27","passed","2026-08-27","","","",""
"**Test Case ID:** TC-SEOS-04
**Title:** Heading count on Tata Yodha 2.0 Price in Gurgaon [ta] still matches the snapshot
**Language:** ta

**Description:**
Confirm Tata Yodha 2.0 Price in Gurgaon (ta) still has the same number of SEO headings as the snapshot.

**Expected Result:**
Tata Yodha 2.0 Price in Gurgaon (ta) still has 11 SEO headings.

**Steps:**
1. Open Tata Yodha 2.0 Price in Gurgaon (ta)
2. Count SEO headings
3. Compare with the snapshot count","549","TC-SEOS-04: heading count on Tata Yodha 2.0 Price in Gurgaon [ta] still matches the snapshot","SEO structure - PDP [yodhaPriceGurgaon] [ta] — Tata Yodha 2.0 Price in Gurgaon","2026-08-27","passed","2026-08-27","","","",""
"**Test Case ID:** TC-LMC-06
**Title:** One Check Offers lead from मिनी ट्रक tab submits successfully
**Language:** hi

**Description:**
Open the मिनी ट्रक tab in Latest Models by Category, click Check Offers once, fill name/mobile/city, enter a 5-digit price/budget only if asked, and submit.

**Expected Result:**
A Thank You confirmation is shown after a successful lead submission from that tab.

**Steps:**
1. Open Latest Models by Category
2. Open the मिनी ट्रक tab
3. Click Check Offers on one visible card
4. Fill name, mobile and city (and 5-digit price/budget if shown)
5. Submit and verify Thank You confirmation","5885","TC-LMC-06: one Check Offers lead from मिनी ट्रक tab submits successfully","Homepage - LatestModelsByCategory [hi]","2026-08-27","passed","2026-08-27","","","",""
"**Test Case ID:** TC-PSH-01
**Title:** Popular Second Hand Truck section is visible
**Language:** en

**Description:**
Open the homepage and locate Popular Second Hand Truck. Confirm the section and heading are shown.

**Expected Result:**
The Popular Second Hand Truck section is visible with the correct localized heading.

**Steps:**
1. Open the homepage for the selected language
2. Scroll to Popular Second Hand Truck
3. Verify the section and heading are visible","3220","TC-PSH-01: Popular Second Hand Truck section is visible","Homepage - PopularSecondHandTruck [en]","2026-08-27","passed","2026-08-27","","","",""
"**Test Case ID:** TC-TBR-02
**Title:** Check Truck Price lead form shows required validation when submitted empty on Eicher Trucks
**Language:** en

**Description:**
Open the Eicher Trucks page, open Check Truck Price, and submit with name, mobile and city all left empty.

**Expected Result:**
The real, page-shown validation messages for name, mobile and location are displayed, and no lead is submitted.

**Steps:**
1. Open the Eicher Trucks page
2. Click a truck card's ""Check Truck Price"" button to open its lead form
3. Leave name, mobile and city empty and submit
4. Verify all three required-field validation messages are shown","6821","TC-TBR-02: Check Truck Price lead form shows required validation when submitted empty on Eicher Trucks","CategoryPages - CategoryListingBrands [eicherBrand] [en] — Eicher Trucks","2026-08-27","passed","2026-08-27","","","",""
"**Test Case ID:** TC-PDPI-03
**Title:** Check Offers lead form rejects mobile that is not 10 digits on Eka 3W Cargo Reviews
**Language:** en

**Description:**
Open Eka 3W Cargo Reviews, click “Check Offers”, fill a valid name, an invalid 5-digit mobile number, leave city empty, then submit.

**Expected Result:**
The mobile-format and location-required validation messages are shown, and no lead is submitted.

**Steps:**
1. Open Eka 3W Cargo Reviews
2. Click Check Offers
3. Fill a valid name and an invalid mobile number
4. Submit with city empty
5. Verify mobile-format and location messages","2231","TC-PDPI-03: Check Offers lead form rejects mobile that is not 10 digits on Eka 3W Cargo Reviews","PDP - NewTruckInternalPages [ekaReview] [en] — Eka 3W Cargo Reviews","2026-08-27","passed","2026-08-27","","","",""
"","10864","TC-PTB-00: page links resolve 200/30x; broken links are logged, not failed","Homepage - PopularTruckBrands [hi]","2026-08-27","passed","2026-08-27","","","",""
"","5173","TC-SRT-04: searches by body type and lands on a body-type result URL","Homepage - SearchRightTruck [hi]","2026-08-27","passed","2026-08-27","","","",""
"","10751","TC-LTU-00: page links resolve 200/30x; broken links are logged, not failed","Homepage - LatestTruckUpdates [ta]","2026-08-27","passed","2026-08-27","","","",""
"**Test Case ID:** TC-CL-01
**Title:** Check Truck Price lead submits successfully on 22 Wheeler
**Language:** en

**Description:**
Open the 22 Wheeler page, click a truck card's ""Check Truck Price"" button to open its lead form, fill name, mobile and city, and submit.

**Expected Result:**
A Thank You confirmation is shown after a successful lead submission.

**Steps:**
1. Open the 22 Wheeler page
2. Click a truck card's ""Check Truck Price"" button to open its lead form
3. Fill name, mobile and city
4. Submit and verify Thank You confirmation","5804","TC-CL-01: Check Truck Price lead submits successfully on 22 Wheeler","CategoryPages - CategoryListing [twentyTwoWheeler] [en] — 22 Wheeler","2026-08-27","passed","2026-08-27","","","",""
"","9420","TC-CL-00: page links resolve 200/30x; broken links are logged, not failed","CategoryPages - CategoryListing [icv] [en] — ICV","2026-08-27","passed","2026-08-27","","","",""
"**Test Case ID:** TC-BUT-04
**Title:** page heading and used-truck listing are visible on Buy Used Trucks
**Language:** en

**Description:**
Open Buy Used Trucks and confirm the page heading, the used-truck count, and at least one Contact Seller card.

**Expected Result:**
Used Trucks heading, a “N Used Truck Found” count, and at least one Contact Seller button are visible.

**Steps:**
1. Open the Buy Used Trucks page
2. Verify the page heading
3. Verify the listing count and a truck card","1369","TC-BUT-04: page heading and used-truck listing are visible on Buy Used Trucks","UsedTruck - BuyUsedTrucks [en] — Buy Used Trucks","2026-08-27","passed","2026-08-27","","","",""
"**Test Case ID:** TC-TMO-03
**Title:** Check Offers lead form rejects mobile that is not 10 digits on Select Your Truck
**Language:** en

**Description:**
Open the Select Your Truck page, open Check Offers on the default tab, fill a valid name, an invalid (5-digit) mobile number, and leave city empty, then submit.

**Expected Result:**
The real, page-shown mobile-format and location-required validation messages are displayed, and no lead is submitted.

**Steps:**
1. Open the Select Your Truck page
2. Click a model card's ""Check Offers"" button
3. Fill a valid name and an invalid mobile number
4. Submit with city left empty
5. Verify the mobile-format and location validation messages are shown","2282","TC-TMO-03: Check Offers lead form rejects mobile that is not 10 digits on Select Your Truck","UtilityPages - TabbedModelOffers [selectYourTruck] [en] — Select Your Truck","2026-08-27","passed","2026-08-27","","","",""
"**Test Case ID:** TC-CL-05
**Title:** listing heading, filters and cards on 4 Wheeler
**Language:** en

**Description:**
Open 4 Wheeler and confirm the page heading and at least one listing card CTA. Filter By is checked when that row is present.

**Expected Result:**
Page heading is visible and at least one listing card button is shown.

**Steps:**
1. Open the 4 Wheeler page
2. Verify the page heading
3. Verify listing cards (and Filter By when present)","1500","TC-CL-05: listing heading, filters and cards on 4 Wheeler","CategoryPages - CategoryListing [fourWheeler] [en] — 4 Wheeler","2026-08-27","passed","2026-08-27","","","",""
"**Test Case ID:** TC-NLP-01
**Title:** Check Offers lead submits successfully on Find New Trucks
**Language:** en

**Description:**
Open the Find New Trucks listing page, click Check Offers to open its lead form, fill name, mobile and city, and submit.

**Expected Result:**
A Thank You confirmation is shown after a successful lead submission. The submitted name is tagged with a page/CTA identifier for CRM traceability.

**Steps:**
1. Open the Find New Trucks listing page
2. Click Check Offers to open its lead form
3. Fill name, mobile and city
4. Submit and verify the confirmation","6172","TC-NLP-01: Check Offers lead submits successfully on Find New Trucks","ListingPages - NewListingPages [newTrucks] [en] — Find New Trucks","2026-08-27","passed","2026-08-27","","","",""
"","11869","TC-TSR-00: page links resolve 200/30x; broken links are logged, not failed","CategoryPages - CategoryListingTruckSeries [ashokLeylandBoss] [en] — Ashok Leyland Boss","2026-08-27","passed","2026-08-27","","","",""
"","3431","TC-SRT-12: loads model options for a brand including top models from test data","Homepage - SearchRightTruck [en]","2026-08-27","passed","2026-08-27","","","",""
"","12594","TC-DIR-00: page links resolve 200/30x; broken links are logged, not failed","UtilityPages - DirectoryPage [allTruckBrands] [en] — All Truck Brands","2026-08-27","passed","2026-08-27","","","",""
"","7198","TC-SEOS-00: page links resolve 200/30x; broken links are logged, not failed","SEO structure - PDP [ekaPriceMumbai] [en] — Eka 3W Cargo Price in Mumbai","2026-08-27","passed","2026-08-27","","","",""
"","1879","TC-TIY-13: Latest tab has no duplicate truck cards","Homepage - TruckInIndia [en]","2026-08-27","passed","2026-08-27","","","",""
"**Test Case ID:** TC-TSR-03
**Title:** Check Truck Price lead form rejects mobile that is not 10 digits on Mahindra Bolero
**Language:** en

**Description:**
Open the Mahindra Bolero page, open Check Truck Price, fill a valid name, an invalid (5-digit) mobile number, and leave city empty, then submit.

**Expected Result:**
The real, page-shown mobile-format and location-required validation messages are displayed, and no lead is submitted.

**Steps:**
1. Open the Mahindra Bolero page
2. Click a truck card's ""Check Truck Price"" button to open its lead form
3. Fill a valid name and an invalid mobile number
4. Submit with city left empty
5. Verify the mobile-format and location validation messages are shown","4755","TC-TSR-03: Check Truck Price lead form rejects mobile that is not 10 digits on Mahindra Bolero","CategoryPages - CategoryListingTruckSeries [mahindraBolero] [en] — Mahindra Bolero","2026-08-27","passed","2026-08-27","","","",""
"**Test Case ID:** TC-TYRL-03
**Title:** A second Load More still adds tyre cards on Goodyear Tyres
**Language:** en

**Description:**
Click Load More once on Goodyear Tyres, then again if it is still shown, and confirm the card list keeps growing.

**Expected Result:**
The first Load More adds cards. If Load More remains, a second click adds still more cards.

**Steps:**
1. Open Goodyear Tyres
2. Click Load More and verify more cards
3. Click Load More again if it is still shown","1411","TC-TYRL-03: a second Load More still adds tyre cards on Goodyear Tyres","UtilityPages - TyresListing [goodyearTyres] [en] [desktop] — Goodyear Tyres","2026-08-27","passed","2026-08-27","","","",""
"**Test Case ID:** TC-CDT-01
**Title:** Page heading is visible on Author Profile
**Language:** en

**Description:**
Open the Author Profile page and verify its main heading is shown.

**Expected Result:**
The user sees the ""Neeraj Joshi"" heading at the top of the page.

**Steps:**
1. Open the Author Profile page
2. Verify the main page heading is visible","838","TC-CDT-01: page heading is visible on Author Profile","UtilityPages - ContentDetailPage [authorDetail] [en] — Author Profile","2026-08-27","passed","2026-08-27","","","",""
"**Test Case ID:** TC-DIR-01
**Title:** Page heading is visible on All Truck Brands
**Language:** en

**Description:**
Open the All Truck Brands directory page and verify its main heading is shown.

**Expected Result:**
The user sees the ""All Truck Brands"" heading at the top of the page.

**Steps:**
1. Open the All Truck Brands page
2. Verify the main page heading is visible","2360","TC-DIR-01: page heading is visible on All Truck Brands","UtilityPages - DirectoryPage [allTruckBrands] [en] — All Truck Brands","2026-08-27","passed","2026-08-27","","","",""
"**Test Case ID:** TC-LTU-01
**Title:** Latest Truck Updates section is visible with videos
**Language:** hi

**Description:**
Open the homepage and locate Latest Truck Updates. Confirm the section heading and at least one video title are shown.

**Expected Result:**
Latest Truck Updates is visible with the correct localized heading and one or more video titles.

**Steps:**
1. Open the homepage for the selected language
2. Scroll to Latest Truck Updates
3. Verify heading and video titles are visible","1606","TC-LTU-01: Latest Truck Updates section is visible with videos","Homepage - LatestTruckUpdates [hi]","2026-08-27","passed","2026-08-27","","","",""
"**Test Case ID:** TC-CL-02
**Title:** Check Truck Price lead form shows required validation when submitted empty on 8 Wheeler
**Language:** en

**Description:**
Open the 8 Wheeler page, open Check Truck Price, and submit with name, mobile and city all left empty.

**Expected Result:**
The real, page-shown validation messages for name, mobile and location are displayed, and no lead is submitted.

**Steps:**
1. Open the 8 Wheeler page
2. Click a truck card's ""Check Truck Price"" button to open its lead form
3. Leave name, mobile and city empty and submit
4. Verify all three required-field validation messages are shown","2888","TC-CL-02: Check Truck Price lead form shows required validation when submitted empty on 8 Wheeler","CategoryPages - CategoryListing [eightWheeler] [en] — 8 Wheeler","2026-08-27","passed","2026-08-27","","","",""
"**Test Case ID:** TC-BUS-02
**Title:** Lead form shows required validation when submitted empty on Eicher Buses
**Language:** en

**Description:**
Open the Eicher Buses page, open the lead form via ""Check Bus Price"", and submit with name, mobile and city all left empty.

**Expected Result:**
The real, page-shown validation messages for name, mobile and location are displayed, and no lead is submitted.

**Steps:**
1. Open the Eicher Buses page
2. Click ""Check Bus Price"" to open its lead form
3. Leave name, mobile and city empty and submit
4. Verify all three required-field validation messages are shown","2013","TC-BUS-02: lead form shows required validation when submitted empty on Eicher Buses","Buses - BusListing [eicherBuses] [en] — Eicher Buses","2026-08-27","passed","2026-08-27","","","",""
"**Test Case ID:** TC-PL-01
**Title:** Check Truck Price lead submits successfully on 1 ton - 2.5 ton Trucks
**Language:** en

**Description:**
Open the 1 ton - 2.5 ton Trucks page, click a truck card's ""Check Truck Price"" button to open its lead form, fill name, mobile and city, and submit.

**Expected Result:**
A Thank You confirmation is shown after a successful lead submission.

**Steps:**
1. Open the 1 ton - 2.5 ton Trucks page
2. Click a truck card's ""Check Truck Price"" button to open its lead form
3. Fill name, mobile and city
4. Submit and verify Thank You confirmation","3774","TC-PL-01: Check Truck Price lead submits successfully on 1 ton - 2.5 ton Trucks","CategoryPages - PayloadListing [ton1to2_5] [en] — 1 ton - 2.5 ton Trucks","2026-08-27","passed","2026-08-27","","","",""
"**Test Case ID:** TC-PTB-07
**Title:** Popular Truck Brands shows no card for a nonexistent brand
**Language:** hi

**Description:**
Confirm no brand card links to a made-up, nonexistent brand slug.

**Expected Result:**
Zero brand cards match a nonexistent brand slug.

**Steps:**
1. Open the Popular Truck Brands section
2. Look for a card linking to a nonexistent brand slug
3. Verify none exists","981","TC-PTB-07: Popular Truck Brands shows no card for a nonexistent brand","Homepage - PopularTruckBrands [hi]","2026-08-27","passed","2026-08-27","","","",""
"**Test Case ID:** TC-LMC-11
**Title:** Check Offers lead form rejects mobile that is not 10 digits
**Language:** en

**Description:**
On the default 3 Wheelers tab, open Check Offers, fill a valid name, an invalid (5-digit) mobile number, and leave city empty, then submit.

**Expected Result:**
The real, page-shown mobile-format and location-required validation messages are displayed, and no lead is submitted.

**Steps:**
1. Open the default 3 Wheelers tab
2. Open Check Offers on one visible card
3. Fill a valid name and an invalid mobile number
4. Submit with city left empty
5. Verify the mobile-format and location validation messages are shown","4022","TC-LMC-11: Check Offers lead form rejects mobile that is not 10 digits","Homepage - LatestModelsByCategory [en]","2026-08-27","passed","2026-08-27","","","",""
"**Test Case ID:** TC-CL-01
**Title:** Check Truck Price lead submits successfully on 18 Wheeler
**Language:** en

**Description:**
Open the 18 Wheeler page, click a truck card's ""Check Truck Price"" button to open its lead form, fill name, mobile and city, and submit.

**Expected Result:**
A Thank You confirmation is shown after a successful lead submission.

**Steps:**
1. Open the 18 Wheeler page
2. Click a truck card's ""Check Truck Price"" button to open its lead form
3. Fill name, mobile and city
4. Submit and verify Thank You confirmation","6929","TC-CL-01: Check Truck Price lead submits successfully on 18 Wheeler","CategoryPages - CategoryListing [eighteenWheeler] [en] — 18 Wheeler","2026-08-27","passed","2026-08-27","","","",""
"","1860","TC-SRT-12: loads model options for a brand including top models from test data","Homepage - SearchRightTruck [ta]","2026-08-27","passed","2026-08-27","","","",""
"","37152","TC-SRT-02: Verify Only Brand selection navigates to brand page","Homepage - SearchRightTruck [hi]","2026-08-27","passed","2026-08-27","","","",""
"","14018","TC-SRT-00: page links resolve 200/30x; broken links are logged, not failed","Homepage - SearchRightTruck [hi]","2026-08-27","passed","2026-08-27","","","",""
"","9977","TC-CL-00: page links resolve 200/30x; broken links are logged, not failed","CategoryPages - CategoryListing [miniTrucks] [en] — Mini Trucks","2026-08-27","passed","2026-08-27","","","",""
"","1056","TC-CL-04: Call Now assistance lead submits successfully on 16 Wheeler","CategoryPages - CategoryListing [sixteenWheeler] [en] — 16 Wheeler","2026-08-27","skipped","2026-08-27","","","",""
"","11544","TC-NLP-00: page links resolve 200/30x; broken links are logged, not failed","ListingPages - NewListingPages [bestTrucks] [en] — Best Trucks","2026-08-27","passed","2026-08-27","","","",""
"**Test Case ID:** TC-ECV-03
**Title:** One Check Offers lead submits successfully
**Language:** hi

**Description:**
Open Check Offers once from a card in Electric Commercial Vehicles, fill name, mobile and city, and submit. Only one lead form is exercised for this section.

**Expected Result:**
A Thank You confirmation is shown after a successful lead submission (same outcome users see after Check Offers elsewhere on the homepage).

**Steps:**
1. Open Electric Commercial Vehicles
2. Click Check Offers on one visible card
3. Fill name, mobile and city
4. Submit and verify Thank You confirmation","8754","TC-ECV-03: one Check Offers lead submits successfully","Homepage - ElectricCommercialVehicles [hi]","2026-08-27","passed","2026-08-27","","","",""
"**Test Case ID:** TC-PL-03
**Title:** Check Truck Price lead form rejects mobile that is not 10 digits on 5 ton - 10 ton Trucks
**Language:** en

**Description:**
Open the 5 ton - 10 ton Trucks page, open Check Truck Price, fill a valid name, an invalid (5-digit) mobile number, and leave city empty, then submit.

**Expected Result:**
The real, page-shown mobile-format and location-required validation messages are displayed, and no lead is submitted.

**Steps:**
1. Open the 5 ton - 10 ton Trucks page
2. Click a truck card's ""Check Truck Price"" button to open its lead form
3. Fill a valid name and an invalid mobile number
4. Submit with city left empty
5. Verify the mobile-format and location validation messages are shown","2873","TC-PL-03: Check Truck Price lead form rejects mobile that is not 10 digits on 5 ton - 10 ton Trucks","CategoryPages - PayloadListing [ton5to10] [en] — 5 ton - 10 ton Trucks","2026-08-27","passed","2026-08-27","","","",""
"","3017","TC-SRT-05: searches by budget and navigates away from the homepage form","Homepage - SearchRightTruck [ta]","2026-08-27","passed","2026-08-27","","","",""
"**Test Case ID:** TC-PTB-05
**Title:** Clicking each popular brand card navigates to that brand page
**Language:** en

**Description:**
From the Popular Truck Brands section, click each brand card shown on this device and confirm the user is taken to the correct brand listing page for that brand and language. Mobile only shows the first 6 brands, so only those 6 are clicked.

**Expected Result:**
After each shown brand card click, the browser URL path is /{language}/{brand-slug} for that brand (real navigation to the brand page).

**Steps:**
1. Open the Popular Truck Brands section
2. Click each brand card in turn
3. Verify navigation to the matching brand page URL
4. Return to the homepage and continue with the next brand","58470","TC-PTB-05: clicking each popular brand card navigates to that brand page","Homepage - PopularTruckBrands [en]","2026-08-27","passed","2026-08-27","","","",""
"","11332","TC-FRU-00: page links resolve 200/30x; broken links are logged, not failed","Homepage - FindReliableUsedTrucksNearYou [hi]","2026-08-27","passed","2026-08-27","","","",""
"**Test Case ID:** TC-LMC-04
**Title:** One Check Offers lead from ऑटो रिक्शा tab submits successfully
**Language:** hi

**Description:**
Open the ऑटो रिक्शा tab in Latest Models by Category, click Check Offers once, fill name/mobile/city, enter a 5-digit price/budget only if asked, and submit.

**Expected Result:**
A Thank You confirmation is shown after a successful lead submission from that tab.

**Steps:**
1. Open Latest Models by Category
2. Open the ऑटो रिक्शा tab
3. Click Check Offers on one visible card
4. Fill name, mobile and city (and 5-digit price/budget if shown)
5. Submit and verify Thank You confirmation","6808","TC-LMC-04: one Check Offers lead from ऑटो रिक्शा tab submits successfully","Homepage - LatestModelsByCategory [hi]","2026-08-27","passed","2026-08-27","","","",""
"**Test Case ID:** TC-NLP-08
**Title:** page heading is visible on Best Trucks
**Language:** en

**Description:**
Open the Best Trucks listing page and confirm the main page heading the user sees.

**Expected Result:**
The heading “Trucks” is visible.

**Steps:**
1. Open the Best Trucks listing page
2. Verify the page heading","1018","TC-NLP-08: page heading is visible on Best Trucks","ListingPages - NewListingPages [bestTrucks] [en] — Best Trucks","2026-08-27","passed","2026-08-27","","","",""
"","6739","TC-CDT-00: page links resolve 200/30x; broken links are logged, not failed","UtilityPages - ContentDetailPage [aboutUs] [en] — About Us","2026-08-27","passed","2026-08-27","","","",""
"**Test Case ID:** TC-PTB-03
**Title:** No duplicate brand cards appear in Popular Truck Brands
**Language:** en

**Description:**
Check that the Popular Truck Brands grid does not show the same brand more than once (by URL, title, or visible name).

**Expected Result:**
All brand card URLs, titles, and visible brand names in the section are unique — no duplicate brand appears.

**Steps:**
1. Open the Popular Truck Brands section
2. Collect brand URLs, titles and names from all cards
3. Verify each list has no duplicates","3131","TC-PTB-03: no duplicate brand cards appear in Popular Truck Brands","Homepage - PopularTruckBrands [en]","2026-08-27","passed","2026-08-27","","","",""
"**Test Case ID:** TC-PL-03
**Title:** Check Truck Price lead form rejects mobile that is not 10 digits on 2.5 ton - 5 ton Trucks
**Language:** en

**Description:**
Open the 2.5 ton - 5 ton Trucks page, open Check Truck Price, fill a valid name, an invalid (5-digit) mobile number, and leave city empty, then submit.

**Expected Result:**
The real, page-shown mobile-format and location-required validation messages are displayed, and no lead is submitted.

**Steps:**
1. Open the 2.5 ton - 5 ton Trucks page
2. Click a truck card's ""Check Truck Price"" button to open its lead form
3. Fill a valid name and an invalid mobile number
4. Submit with city left empty
5. Verify the mobile-format and location validation messages are shown","2392","TC-PL-03: Check Truck Price lead form rejects mobile that is not 10 digits on 2.5 ton - 5 ton Trucks","CategoryPages - PayloadListing [ton2_5to5] [en] — 2.5 ton - 5 ton Trucks","2026-08-27","passed","2026-08-27","","","",""
"**Test Case ID:** TC-PTC-02
**Title:** First compared truck name navigates to truck PDP
**Language:** en

**Description:**
Click the first visible truck name in Popular Truck Comparison and confirm that truck’s product detail page opens.

**Expected Result:**
The browser URL matches that truck’s PDP path for the selected language.

**Steps:**
1. Open Popular Truck Comparison
2. Click the first visible truck name
3. Verify the URL is the matching truck PDP","4599","TC-PTC-02: first compared truck name navigates to truck PDP","Homepage - PopularTruckComparison [en]","2026-08-27","passed","2026-08-27","","","",""
"**Test Case ID:** TC-LMC-05
**Title:** One Check Offers lead from மின்சார ரிக்ஷா tab submits successfully
**Language:** ta

**Description:**
Open the மின்சார ரிக்ஷா tab in Latest Models by Category, click Check Offers once, fill name/mobile/city, enter a 5-digit price/budget only if asked, and submit.

**Expected Result:**
A Thank You confirmation is shown after a successful lead submission from that tab.

**Steps:**
1. Open Latest Models by Category
2. Open the மின்சார ரிக்ஷா tab
3. Click Check Offers on one visible card
4. Fill name, mobile and city (and 5-digit price/budget if shown)
5. Submit and verify Thank You confirmation","7594","TC-LMC-05: one Check Offers lead from மின்சார ரிக்ஷா tab submits successfully","Homepage - LatestModelsByCategory [ta]","2026-08-27","passed","2026-08-27","","","",""
"**Test Case ID:** TC-SEOS-03
**Title:** None of the stored headings are missing on Tata Yodha 2.0 Price in Gurgaon [ta]
**Language:** ta

**Description:**
Confirm every heading stored for Tata Yodha 2.0 Price in Gurgaon (ta) still exists on the live page.

**Expected Result:**
No stored heading is missing on Tata Yodha 2.0 Price in Gurgaon (ta).

**Steps:**
1. Open Tata Yodha 2.0 Price in Gurgaon (ta)
2. Check each stored heading is still on the page","884","TC-SEOS-03: none of the stored headings are missing on Tata Yodha 2.0 Price in Gurgaon [ta]","SEO structure - PDP [yodhaPriceGurgaon] [ta] — Tata Yodha 2.0 Price in Gurgaon","2026-08-27","passed","2026-08-27","","","",""
"**Test Case ID:** TC-VHR-01
**Title:** Check Offers lead submits successfully on Vehicle Report
**Language:** en

**Description:**
Open the Vehicle Report page, open the shared Check Offers lead form, fill name, mobile and city, and submit.

**Expected Result:**
A Thank You confirmation is shown after a successful lead submission. The submitted name is tagged with a page/CTA identifier for CRM traceability.

**Steps:**
1. Open the Vehicle Report page
2. Open the Check Offers lead form
3. Fill name, mobile and city
4. Submit and verify Thank You confirmation","6619","TC-VHR-01: Check Offers lead submits successfully on Vehicle Report","UsedTruck - VehicleReport [en] — Vehicle Report","2026-08-27","passed","2026-08-27","","","",""
"","830","TC-NLP-03: Contact Seller lead submits successfully on BS6 Trucks","ListingPages - NewListingPages [bs6Trucks] [en] — BS6 Trucks","2026-08-27","skipped","2026-08-27","","","",""
"**Test Case ID:** TC-CT-05
**Title:** Popular Truck Comparison section is visible on Compare Trucks
**Language:** en

**Description:**
Confirm the Popular Truck Comparison block is shown on Compare Trucks.

**Expected Result:**
Popular Truck Comparison heading is visible.

**Steps:**
1. Open the Compare Trucks page
2. Scroll to Popular Truck Comparison
3. Verify heading","1065","TC-CT-05: Popular Truck Comparison section is visible on Compare Trucks","Compare - CompareTrucks [en] — Compare Trucks","2026-08-27","passed","2026-08-27","","","",""
"**Test Case ID:** TC-PDPI-04
**Title:** Heading is visible on Eka 3W Cargo Price in Mumbai
**Language:** en

**Description:**
Open Eka 3W Cargo Price in Mumbai and confirm the page heading.

**Expected Result:**
The heading “Eka 3W Cargo Price in Mumbai” is visible.

**Steps:**
1. Open Eka 3W Cargo Price in Mumbai
2. Verify the heading","957","TC-PDPI-04: heading is visible on Eka 3W Cargo Price in Mumbai","PDP - NewTruckInternalPages [ekaPriceMumbai] [en] — Eka 3W Cargo Price in Mumbai","2026-08-27","passed","2026-08-27","","","",""
"","1663","TC-CL-04: Call Now assistance lead submits successfully on 4 Wheeler","CategoryPages - CategoryListing [fourWheeler] [en] — 4 Wheeler","2026-08-27","skipped","2026-08-27","","","",""
"","609","TC-TYRL-02: Load More is not shown on MRF Tyres","UtilityPages - TyresListing [mrfTyres] [en] [desktop] — MRF Tyres","2026-08-27","skipped","2026-08-27","","","",""
"**Test Case ID:** TC-LMC-03
**Title:** One Check Offers lead from 3 சக்கர வாகனங்கள் tab submits successfully
**Language:** ta

**Description:**
Open the 3 சக்கர வாகனங்கள் tab in Latest Models by Category, click Check Offers once, fill name/mobile/city, enter a 5-digit price/budget only if asked, and submit.

**Expected Result:**
A Thank You confirmation is shown after a successful lead submission from that tab.

**Steps:**
1. Open Latest Models by Category
2. Open the 3 சக்கர வாகனங்கள் tab
3. Click Check Offers on one visible card
4. Fill name, mobile and city (and 5-digit price/budget if shown)
5. Submit and verify Thank You confirmation","7294","TC-LMC-03: one Check Offers lead from 3 சக்கர வாகனங்கள் tab submits successfully","Homepage - LatestModelsByCategory [ta]","2026-08-27","passed","2026-08-27","","","",""
"**Test Case ID:** TC-PL-03
**Title:** Check Truck Price lead form rejects mobile that is not 10 digits on Under 1 Ton Trucks
**Language:** en

**Description:**
Open the Under 1 Ton Trucks page, open Check Truck Price, fill a valid name, an invalid (5-digit) mobile number, and leave city empty, then submit.

**Expected Result:**
The real, page-shown mobile-format and location-required validation messages are displayed, and no lead is submitted.

**Steps:**
1. Open the Under 1 Ton Trucks page
2. Click a truck card's ""Check Truck Price"" button to open its lead form
3. Fill a valid name and an invalid mobile number
4. Submit with city left empty
5. Verify the mobile-format and location validation messages are shown","2208","TC-PL-03: Check Truck Price lead form rejects mobile that is not 10 digits on Under 1 Ton Trucks","CategoryPages - PayloadListing [under1Ton] [en] — Under 1 Ton Trucks","2026-08-27","passed","2026-08-27","","","",""
"**Test Case ID:** TC-TSR-02
**Title:** Check Truck Price lead form shows required validation when submitted empty on Mahindra Blazo
**Language:** en

**Description:**
Open the Mahindra Blazo page, open Check Truck Price, and submit with name, mobile and city all left empty.

**Expected Result:**
The real, page-shown validation messages for name, mobile and location are displayed, and no lead is submitted.

**Steps:**
1. Open the Mahindra Blazo page
2. Click a truck card's ""Check Truck Price"" button to open its lead form
3. Leave name, mobile and city empty and submit
4. Verify all three required-field validation messages are shown","5161","TC-TSR-02: Check Truck Price lead form shows required validation when submitted empty on Mahindra Blazo","CategoryPages - CategoryListingTruckSeries [mahindraBlazo] [en] — Mahindra Blazo","2026-08-27","passed","2026-08-27","","","",""
"","3998","TC-SRT-14: lists expected budget ranges with localized labels","Homepage - SearchRightTruck [hi]","2026-08-27","passed","2026-08-27","","","",""
"**Test Case ID:** TC-NLP-09
**Title:** SecondaryNavbar jump links on Best Trucks
**Language:** en

**Description:**
Confirm the sticky SecondaryNavbar on Best Trucks shows every expected in-page jump link, then use FAQs to jump to Frequently Asked Questions.

**Expected Result:**
SecondaryNavbar items are visible and FAQs jumps to the FAQ heading.

**Steps:**
1. Open the Best Trucks listing page
2. Verify SecondaryNavbar items
3. Click FAQs
4. Verify the FAQ heading is shown","1178","TC-NLP-09: SecondaryNavbar jump links on Best Trucks","ListingPages - NewListingPages [bestTrucks] [en] — Best Trucks","2026-08-27","passed","2026-08-27","","","",""
"**Test Case ID:** TC-PSH-03
**Title:** View All Used Trucks opens buy-used-trucks listing
**Language:** hi

**Description:**
Click View All Used Trucks in Popular Second Hand Truck and confirm the used trucks listing opens.

**Expected Result:**
The URL is the buy-used-trucks listing for the language (for example /en/buy-used-trucks).

**Steps:**
1. Open Popular Second Hand Truck
2. Click View All Used Trucks
3. Verify the buy-used-trucks listing URL","2828","TC-PSH-03: View All Used Trucks opens buy-used-trucks listing","Homepage - PopularSecondHandTruck [hi]","2026-08-27","passed","2026-08-27","","","",""
"**Test Case ID:** TC-BUS-04
**Title:** listing heading, filters and cards on New Buses
**Language:** en

**Description:**
Open New Buses and confirm the page heading and at least one listing card CTA. Filter By is checked when that row is present.

**Expected Result:**
Page heading is visible and at least one listing card button is shown.

**Steps:**
1. Open the New Buses page
2. Verify the page heading
3. Verify listing cards (and Filter By when present)","812","TC-BUS-04: listing heading, filters and cards on New Buses","Buses - BusListing [newBuses] [en] — New Buses","2026-08-27","passed","2026-08-27","","","",""
"**Test Case ID:** TC-CL-04
**Title:** Call Now assistance lead submits successfully on Diesel Trucks
**Language:** en

**Description:**
Open the Diesel Trucks page, click the ""Still confused?"" widget's Call Now button to open the assistance lead form, fill model, name, mobile and city, and submit.

**Expected Result:**
The assistance form closes after a successful submission.

**Steps:**
1. Open the Diesel Trucks page
2. Click Call Now to open the assistance lead form
3. Fill model, name, mobile and city
4. Submit and verify the assistance form closes","5286","TC-CL-04: Call Now assistance lead submits successfully on Diesel Trucks","CategoryPages - CategoryListing [diesel] [en] — Diesel Trucks","2026-08-27","passed","2026-08-27","","","",""
"","1733","TC-CL-04: Call Now assistance lead submits successfully on Pickups","CategoryPages - CategoryListing [pickups] [en] — Pickups","2026-08-27","skipped","2026-08-27","","","",""
"**Test Case ID:** TC-SEOS-01
**Title:** Heading structure on Eka 3W Cargo Price in Mumbai [en] matches the stored snapshot
**Language:** en

**Description:**
Open Eka 3W Cargo Price in Mumbai (en) and compare live SEO headings with the snapshot. Allure and artifacts/seo-structure-report.xlsx show expected vs actual so a changed heading can be copied into test data after it is confirmed.

**Expected Result:**
Every stored heading on Eka 3W Cargo Price in Mumbai (en) is still present with the same tag. Extra or missing headings fail the check; order on the page may differ.

**Steps:**
1. Open Eka 3W Cargo Price in Mumbai (en)
2. Expand Read More if the About block is collapsed
3. Compare live headings with the stored snapshot","1224","TC-SEOS-01: heading structure on Eka 3W Cargo Price in Mumbai [en] matches the stored snapshot","SEO structure - PDP [ekaPriceMumbai] [en] — Eka 3W Cargo Price in Mumbai","2026-08-27","passed","2026-08-27","","","",""
"","1779","TC-NLP-02: Check Truck Price lead submits successfully on Upcoming Trucks","ListingPages - NewListingPages [upcomingTrucks] [en] — Upcoming Trucks","2026-08-27","skipped","2026-08-27","","","",""
"**Test Case ID:** TC-BUS-04
**Title:** listing heading, filters and cards on Popular Buses
**Language:** en

**Description:**
Open Popular Buses and confirm the page heading and at least one listing card CTA. Filter By is checked when that row is present.

**Expected Result:**
Page heading is visible and at least one listing card button is shown.

**Steps:**
1. Open the Popular Buses page
2. Verify the page heading
3. Verify listing cards (and Filter By when present)","865","TC-BUS-04: listing heading, filters and cards on Popular Buses","Buses - BusListing [popularBuses] [en] — Popular Buses","2026-08-27","passed","2026-08-27","","","",""
"**Test Case ID:** TC-DIR-01
**Title:** Page heading is visible on Top Bus Brands
**Language:** en

**Description:**
Open the Top Bus Brands directory page and verify its main heading is shown.

**Expected Result:**
The user sees the ""Top Bus Brands"" heading at the top of the page.

**Steps:**
1. Open the Top Bus Brands page
2. Verify the main page heading is visible","1031","TC-DIR-01: page heading is visible on Top Bus Brands","UtilityPages - DirectoryPage [allBusBrands] [en] — Top Bus Brands","2026-08-27","passed","2026-08-27","","","",""
"","711","TC-TYRL-03: a second Load More still adds tyre cards on Tyres","UtilityPages - TyresListing [tyres] [en] [desktop] — Tyres","2026-08-27","skipped","2026-08-27","","","",""
"**Test Case ID:** TC-NLP-11
**Title:** FAQ question expands on Popular Truck
**Language:** en

**Description:**
Open a Frequently Asked Question on Popular Truck and confirm the answer is shown.

**Expected Result:**
The selected question’s answer is visible.

**Steps:**
1. Open the Popular Truck listing page
2. Scroll to Frequently Asked Questions
3. Open a question
4. Verify the answer is shown","2700","TC-NLP-11: FAQ question expands on Popular Truck","ListingPages - NewListingPages [popularTrucks] [en] — Popular Truck","2026-08-27","passed","2026-08-27","","","",""
"**Test Case ID:** TC-CL-04
**Title:** Call Now assistance lead submits successfully on Bi Fuel Trucks
**Language:** en

**Description:**
Open the Bi Fuel Trucks page, click the ""Still confused?"" widget's Call Now button to open the assistance lead form, fill model, name, mobile and city, and submit.

**Expected Result:**
The assistance form closes after a successful submission.

**Steps:**
1. Open the Bi Fuel Trucks page
2. Click Call Now to open the assistance lead form
3. Fill model, name, mobile and city
4. Submit and verify the assistance form closes","4472","TC-CL-04: Call Now assistance lead submits successfully on Bi Fuel Trucks","CategoryPages - CategoryListing [biFuel] [en] — Bi Fuel Trucks","2026-08-27","passed","2026-08-27","","","",""
"**Test Case ID:** TC-BUS-03
**Title:** Lead form rejects mobile that is not 10 digits on Eicher Buses
**Language:** en

**Description:**
Open the Eicher Buses page, open the lead form via ""Check Bus Price"", fill a valid name, an invalid (5-digit) mobile number, and leave city empty, then submit.

**Expected Result:**
The bus enquiry popup rejects the invalid mobile number in real time (the field reverts to empty), and submitting shows the mobile-required and location-required validation messages, with no lead submitted.

**Steps:**
1. Open the Eicher Buses page
2. Click ""Check Bus Price"" to open its lead form
3. Fill a valid name and an invalid mobile number
4. Submit with city left empty
5. Verify the mobile-required and location validation messages are shown","2432","TC-BUS-03: lead form rejects mobile that is not 10 digits on Eicher Buses","Buses - BusListing [eicherBuses] [en] — Eicher Buses","2026-08-27","passed","2026-08-27","","","",""
"**Test Case ID:** TC-LTU-02
**Title:** First video title navigates to videos page
**Language:** ta

**Description:**
Click the first visible video title in Latest Truck Updates and confirm the videos page opens.

**Expected Result:**
The browser URL matches that video’s path for the selected language.

**Steps:**
1. Open Latest Truck Updates
2. Click the first visible video title
3. Verify the URL is the matching videos page","2260","TC-LTU-02: first video title navigates to videos page","Homepage - LatestTruckUpdates [ta]","2026-08-27","passed","2026-08-27","","","",""
"","5570","TC-SRT-01: Search The Right Truck section shows tabs, fields and Brand active by default","Homepage - SearchRightTruck [hi]","2026-08-27","passed","2026-08-27","","","",""
"**Test Case ID:** TC-CL-02
**Title:** Check Truck Price lead form shows required validation when submitted empty on HCV
**Language:** en

**Description:**
Open the HCV page, open Check Truck Price, and submit with name, mobile and city all left empty.

**Expected Result:**
The real, page-shown validation messages for name, mobile and location are displayed, and no lead is submitted.

**Steps:**
1. Open the HCV page
2. Click a truck card's ""Check Truck Price"" button to open its lead form
3. Leave name, mobile and city empty and submit
4. Verify all three required-field validation messages are shown","2138","TC-CL-02: Check Truck Price lead form shows required validation when submitted empty on HCV","CategoryPages - CategoryListing [hcv] [en] — HCV","2026-08-27","passed","2026-08-27","","","",""
"**Test Case ID:** TC-PL-05
**Title:** listing heading, filters and cards on 20 ton - 40 ton Trucks
**Language:** en

**Description:**
Open 20 ton - 40 ton Trucks and confirm the page heading and at least one listing card CTA. Filter By is checked when that row is present.

**Expected Result:**
Page heading is visible and at least one listing card button is shown.

**Steps:**
1. Open the 20 ton - 40 ton Trucks page
2. Verify the page heading
3. Verify listing cards (and Filter By when present)","1136","TC-PL-05: listing heading, filters and cards on 20 ton - 40 ton Trucks","CategoryPages - PayloadListing [ton20to40] [en] — 20 ton - 40 ton Trucks","2026-08-27","passed","2026-08-27","","","",""
"","5323","TC-BUS-00: page links resolve 200/30x; broken links are logged, not failed","Buses - BusListing [ashokLeylandBuses] [en] — Ashok Leyland Buses","2026-08-27","passed","2026-08-27","","","",""
"","2218","TC-SRT-12: loads model options for a brand including top models from test data","Homepage - SearchRightTruck [hi]","2026-08-27","passed","2026-08-27","","","",""
"","11548","TC-PSH-00: page links resolve 200/30x; broken links are logged, not failed","Homepage - PopularSecondHandTruck [en]","2026-08-27","passed","2026-08-27","","","",""
"","7878","TC-CNT-00: page links resolve 200/30x; broken links are logged, not failed","UtilityPages - ContentPage [serviceCenter] [en] — Service Center","2026-08-27","passed","2026-08-27","","","",""
"**Test Case ID:** TC-PTB-06
**Title:** View All Brands link navigates to the brands listing page
**Language:** hi

**Description:**
Locate the View All Brands link near the Popular Truck Brands section and open it to confirm it leads to the full brands listing page.

**Expected Result:**
The View All Brands link is visible with the correct label and href, and clicking it navigates to /{language}/brands.

**Steps:**
1. Open the Popular Truck Brands section
2. Verify the View All Brands link label and URL
3. Click View All Brands
4. Verify the brands listing page opens","3479","TC-PTB-06: View All Brands link navigates to the brands listing page","Homepage - PopularTruckBrands [hi]","2026-08-27","passed","2026-08-27","","","",""
"**Test Case ID:** TC-CL-02
**Title:** Check Truck Price lead form shows required validation when submitted empty on 6 Wheeler
**Language:** en

**Description:**
Open the 6 Wheeler page, open Check Truck Price, and submit with name, mobile and city all left empty.

**Expected Result:**
The real, page-shown validation messages for name, mobile and location are displayed, and no lead is submitted.

**Steps:**
1. Open the 6 Wheeler page
2. Click a truck card's ""Check Truck Price"" button to open its lead form
3. Leave name, mobile and city empty and submit
4. Verify all three required-field validation messages are shown","4486","TC-CL-02: Check Truck Price lead form shows required validation when submitted empty on 6 Wheeler","CategoryPages - CategoryListing [sixWheeler] [en] — 6 Wheeler","2026-08-27","passed","2026-08-27","","","",""
"**Test Case ID:** TC-PTC-02
**Title:** First compared truck name navigates to truck PDP
**Language:** ta

**Description:**
Click the first visible truck name in Popular Truck Comparison and confirm that truck’s product detail page opens.

**Expected Result:**
The browser URL matches that truck’s PDP path for the selected language.

**Steps:**
1. Open Popular Truck Comparison
2. Click the first visible truck name
3. Verify the URL is the matching truck PDP","3921","TC-PTC-02: first compared truck name navigates to truck PDP","Homepage - PopularTruckComparison [ta]","2026-08-27","passed","2026-08-27","","","",""
"**Test Case ID:** TC-BR-07
**Title:** Brochure page heading is visible on Brochure
**Language:** en

**Description:**
Open Brochure and confirm the Download Truck Brochures heading.

**Expected Result:**
Download Truck Brochures heading is visible.

**Steps:**
1. Open the Brochure page
2. Verify the page heading","915","TC-BR-07: Brochure page heading is visible on Brochure","Brochure - Brochure [en] — Brochure","2026-08-27","passed","2026-08-27","","","",""
"**Test Case ID:** TC-PTC-01
**Title:** Popular Truck Comparison section is visible
**Language:** hi

**Description:**
Open the homepage and locate Popular Truck Comparison. Confirm the section and heading are shown.

**Expected Result:**
The Popular Truck Comparison section is visible with the correct localized heading.

**Steps:**
1. Open the homepage for the selected language
2. Scroll to Popular Truck Comparison
3. Verify the section and heading are visible","2721","TC-PTC-01: Popular Truck Comparison section is visible","Homepage - PopularTruckComparison [hi]","2026-08-27","passed","2026-08-27","","","",""
"**Test Case ID:** TC-SUT-03
**Title:** Wizard rejects fewer than 2 uploaded photos on Sell Used Trucks
**Language:** en

**Description:**
Complete Steps 1 and 2, then on Step 3 upload only one photo (the site requires a minimum of 2) and click Next.

**Expected Result:**
The real ""Please upload atleast 2 images for your listing"" validation message is shown, and the wizard stays on Step 3 — the Full Name field (Step 4) never appears.

**Steps:**
1. Open the Sell Used Trucks page
2. Complete Step 1 (brand) and Step 2 (model/year/km/price)
3. Upload only one photo on Step 3 and click Next
4. Verify the minimum-2-images validation message is shown","6445","TC-SUT-03: wizard rejects fewer than 2 uploaded photos on Sell Used Trucks","UsedTruck - SellUsedTrucks [en] — Sell Used Trucks","2026-08-27","passed","2026-08-27","","","",""
"**Test Case ID:** TC-FRU-03
**Title:** First city link navigates to used trucks in that city
**Language:** hi

**Description:**
Click the first city in Find Reliable Used Trucks Near You and confirm the used-trucks-in-city listing opens.

**Expected Result:**
The browser URL matches that city’s used-truck-in listing for the selected language.

**Steps:**
1. Open Find Reliable Used Trucks Near You
2. Click the first city link
3. Verify the city used-trucks listing URL","3313","TC-FRU-03: first city link navigates to used trucks in that city","Homepage - FindReliableUsedTrucksNearYou [hi]","2026-08-27","passed","2026-08-27","","","",""
"**Test Case ID:** TC-PTB-01
**Title:** Popular Truck Brands section is visible with heading
**Language:** hi

**Description:**
Open the homepage and locate the Popular Truck Brands section. Confirm the section is shown to the user with the correct section heading for the selected language.

**Expected Result:**
The Popular Truck Brands section is visible and the heading text matches the expected localized heading (for example, “Popular Truck Brands” in English).

**Steps:**
1. Open the homepage for the selected language
2. Scroll to the Popular Truck Brands section
3. Verify the section and heading are visible","1813","TC-PTB-01: Popular Truck Brands section is visible with heading","Homepage - PopularTruckBrands [hi]","2026-08-27","passed","2026-08-27","","","",""
"**Test Case ID:** TC-PL-02
**Title:** Check Truck Price lead form shows required validation when submitted empty on 2.5 ton - 5 ton Trucks
**Language:** en

**Description:**
Open the 2.5 ton - 5 ton Trucks page, open Check Truck Price, and submit with name, mobile and city all left empty.

**Expected Result:**
The real, page-shown validation messages for name, mobile and location are displayed, and no lead is submitted.

**Steps:**
1. Open the 2.5 ton - 5 ton Trucks page
2. Click a truck card's ""Check Truck Price"" button to open its lead form
3. Leave name, mobile and city empty and submit
4. Verify all three required-field validation messages are shown","3330","TC-PL-02: Check Truck Price lead form shows required validation when submitted empty on 2.5 ton - 5 ton Trucks","CategoryPages - PayloadListing [ton2_5to5] [en] — 2.5 ton - 5 ton Trucks","2026-08-27","passed","2026-08-27","","","",""
"","5419","TC-CL-00: page links resolve 200/30x; broken links are logged, not failed","CategoryPages - CategoryListing [lpg] [en] — LPG Trucks","2026-08-27","passed","2026-08-27","","","",""
"**Test Case ID:** TC-NTPDP-24
**Title:** FAQ block for Eka 3W Cargo
**Language:** en

**Description:**
Verify Frequently Asked Questions for Eka 3W Cargo.

**Expected Result:**
FAQ heading is visible.

**Steps:**
1. Open PDP
2. Scroll to FAQ
3. Verify heading","187","TC-NTPDP-24: FAQ block for Eka 3W Cargo","PDP - NewTruckPdp [leastPopular] [en] — Eka 3W Cargo","2026-08-27","passed","2026-08-27","","Page blocks (same session)","",""
"","11749","TC-CL-00: page links resolve 200/30x; broken links are logged, not failed","CategoryPages - CategoryListing [transitMixer] [en] — Transit Mixer","2026-08-27","passed","2026-08-27","","","",""
"","6403","TC-PDPI-00: page links resolve 200/30x; broken links are logged, not failed","PDP - NewTruckInternalPages [yodhaSpecifications] [en] — Tata Yodha 2.0 Specifications","2026-08-27","passed","2026-08-27","","","",""
"**Test Case ID:** TC-CL-05
**Title:** listing heading, filters and cards on 16 Wheeler
**Language:** en

**Description:**
Open 16 Wheeler and confirm the page heading and at least one listing card CTA. Filter By is checked when that row is present.

**Expected Result:**
Page heading is visible and at least one listing card button is shown.

**Steps:**
1. Open the 16 Wheeler page
2. Verify the page heading
3. Verify listing cards (and Filter By when present)","1186","TC-CL-05: listing heading, filters and cards on 16 Wheeler","CategoryPages - CategoryListing [sixteenWheeler] [en] — 16 Wheeler","2026-08-27","passed","2026-08-27","","","",""
"**Test Case ID:** TC-PDPI-03
**Title:** Check Offers lead form rejects mobile that is not 10 digits on Tata Yodha 2.0 Reviews
**Language:** en

**Description:**
Open Tata Yodha 2.0 Reviews, click “Check Offers”, fill a valid name, an invalid 5-digit mobile number, leave city empty, then submit.

**Expected Result:**
The mobile-format and location-required validation messages are shown, and no lead is submitted.

**Steps:**
1. Open Tata Yodha 2.0 Reviews
2. Click Check Offers
3. Fill a valid name and an invalid mobile number
4. Submit with city empty
5. Verify mobile-format and location messages","2370","TC-PDPI-03: Check Offers lead form rejects mobile that is not 10 digits on Tata Yodha 2.0 Reviews","PDP - NewTruckInternalPages [yodhaReview] [en] — Tata Yodha 2.0 Reviews","2026-08-27","passed","2026-08-27","","","",""
"","5980","TC-SRT-01: Search The Right Truck section shows tabs, fields and Brand active by default","Homepage - SearchRightTruck [ta]","2026-08-27","passed","2026-08-27","","","",""
"**Test Case ID:** TC-CVP-01
**Title:** Check Offers lead submits successfully on CV Permit
**Language:** en

**Description:**
Open the CV Permit page, open the shared Check Offers lead form, fill name, mobile and city, and submit.

**Expected Result:**
A Thank You confirmation is shown after a successful lead submission. The submitted name is tagged with a page/CTA identifier for CRM traceability.

**Steps:**
1. Open the CV Permit page
2. Open the Check Offers lead form
3. Fill name, mobile and city
4. Submit and verify Thank You confirmation","5477","TC-CVP-01: Check Offers lead submits successfully on CV Permit","UsedTruck - CvPermit [en] — CV Permit","2026-08-27","passed","2026-08-27","","","",""
"**Test Case ID:** TC-PL-01
**Title:** Check Truck Price lead submits successfully on 20 ton - 40 ton Trucks
**Language:** en

**Description:**
Open the 20 ton - 40 ton Trucks page, click a truck card's ""Check Truck Price"" button to open its lead form, fill name, mobile and city, and submit.

**Expected Result:**
A Thank You confirmation is shown after a successful lead submission.

**Steps:**
1. Open the 20 ton - 40 ton Trucks page
2. Click a truck card's ""Check Truck Price"" button to open its lead form
3. Fill name, mobile and city
4. Submit and verify Thank You confirmation","6803","TC-PL-01: Check Truck Price lead submits successfully on 20 ton - 40 ton Trucks","CategoryPages - PayloadListing [ton20to40] [en] — 20 ton - 40 ton Trucks","2026-08-27","passed","2026-08-27","","","",""
"**Test Case ID:** TC-ECH-03
**Title:** Check Offers lead form shows required validation when submitted empty on E Challan
**Language:** en

**Description:**
Open the E Challan page, open Check Offers, and submit with name, mobile and city all left empty.

**Expected Result:**
The real, page-shown validation messages for name, mobile and location are displayed, and no lead is submitted.

**Steps:**
1. Open the E Challan page
2. Open the Check Offers lead form
3. Leave name, mobile and city empty and submit
4. Verify all three required-field validation messages are shown","2423","TC-ECH-03: Check Offers lead form shows required validation when submitted empty on E Challan","UsedTruck - EChallan [en] — E Challan","2026-08-27","passed","2026-08-27","","","",""
"**Test Case ID:** TC-CL-03
**Title:** Check Truck Price lead form rejects mobile that is not 10 digits on Bi Fuel Trucks
**Language:** en

**Description:**
Open the Bi Fuel Trucks page, open Check Truck Price, fill a valid name, an invalid (5-digit) mobile number, and leave city empty, then submit.

**Expected Result:**
The real, page-shown mobile-format and location-required validation messages are displayed, and no lead is submitted.

**Steps:**
1. Open the Bi Fuel Trucks page
2. Click a truck card's ""Check Truck Price"" button to open its lead form
3. Fill a valid name and an invalid mobile number
4. Submit with city left empty
5. Verify the mobile-format and location validation messages are shown","2494","TC-CL-03: Check Truck Price lead form rejects mobile that is not 10 digits on Bi Fuel Trucks","CategoryPages - CategoryListing [biFuel] [en] — Bi Fuel Trucks","2026-08-27","passed","2026-08-27","","","",""
"","8142","TC-BDM-00: page links resolve 200/30x; broken links are logged, not failed","UtilityPages - BodyMakers [en] — Body Makers","2026-08-27","passed","2026-08-27","","","",""
"","2586","TC-SRT-06: navigates via Find All Trucks to the new trucks listing","Homepage - SearchRightTruck [en]","2026-08-27","passed","2026-08-27","","","",""
"**Test Case ID:** TC-PTB-07
**Title:** Popular Truck Brands shows no card for a nonexistent brand
**Language:** ta

**Description:**
Confirm no brand card links to a made-up, nonexistent brand slug.

**Expected Result:**
Zero brand cards match a nonexistent brand slug.

**Steps:**
1. Open the Popular Truck Brands section
2. Look for a card linking to a nonexistent brand slug
3. Verify none exists","906","TC-PTB-07: Popular Truck Brands shows no card for a nonexistent brand","Homepage - PopularTruckBrands [ta]","2026-08-27","passed","2026-08-27","","","",""
"**Test Case ID:** TC-TBR-02
**Title:** Check Truck Price lead form shows required validation when submitted empty on Tata Trucks
**Language:** en

**Description:**
Open the Tata Trucks page, open Check Truck Price, and submit with name, mobile and city all left empty.

**Expected Result:**
The real, page-shown validation messages for name, mobile and location are displayed, and no lead is submitted.

**Steps:**
1. Open the Tata Trucks page
2. Click a truck card's ""Check Truck Price"" button to open its lead form
3. Leave name, mobile and city empty and submit
4. Verify all three required-field validation messages are shown","4257","TC-TBR-02: Check Truck Price lead form shows required validation when submitted empty on Tata Trucks","CategoryPages - CategoryListingBrands [tataBrand] [en] — Tata Trucks","2026-08-27","passed","2026-08-27","","","",""
"","7934","TC-CNT-00: page links resolve 200/30x; broken links are logged, not failed","UtilityPages - ContentPage [spareParts] [en] — Spare Parts","2026-08-27","passed","2026-08-27","","","",""
"**Test Case ID:** TC-LMC-04
**Title:** One Check Offers lead from Auto Rickshaw tab submits successfully
**Language:** en

**Description:**
Open the Auto Rickshaw tab in Latest Models by Category, click Check Offers once, fill name/mobile/city, enter a 5-digit price/budget only if asked, and submit.

**Expected Result:**
A Thank You confirmation is shown after a successful lead submission from that tab.

**Steps:**
1. Open Latest Models by Category
2. Open the Auto Rickshaw tab
3. Click Check Offers on one visible card
4. Fill name, mobile and city (and 5-digit price/budget if shown)
5. Submit and verify Thank You confirmation","7487","TC-LMC-04: one Check Offers lead from Auto Rickshaw tab submits successfully","Homepage - LatestModelsByCategory [en]","2026-08-27","passed","2026-08-27","","","",""
"**Test Case ID:** TC-PDPI-02
**Title:** Check Offers lead form shows required validation when submitted empty on Tata Yodha 2.0 Reviews
**Language:** en

**Description:**
Open Tata Yodha 2.0 Reviews, click “Check Offers”, and submit with name, mobile and city all left empty.

**Expected Result:**
The real required-field validation messages for name, mobile and location are shown, and no lead is submitted.

**Steps:**
1. Open Tata Yodha 2.0 Reviews
2. Click Check Offers
3. Leave name, mobile and city empty and submit
4. Verify the three required-field messages","2307","TC-PDPI-02: Check Offers lead form shows required validation when submitted empty on Tata Yodha 2.0 Reviews","PDP - NewTruckInternalPages [yodhaReview] [en] — Tata Yodha 2.0 Reviews","2026-08-27","passed","2026-08-27","","","",""
"**Test Case ID:** TC-BUS-03
**Title:** Lead form rejects mobile that is not 10 digits on Mahindra Buses
**Language:** en

**Description:**
Open the Mahindra Buses page, open the lead form via ""Check Bus Price"", fill a valid name, an invalid (5-digit) mobile number, and leave city empty, then submit.

**Expected Result:**
The bus enquiry popup rejects the invalid mobile number in real time (the field reverts to empty), and submitting shows the mobile-required and location-required validation messages, with no lead submitted.

**Steps:**
1. Open the Mahindra Buses page
2. Click ""Check Bus Price"" to open its lead form
3. Fill a valid name and an invalid mobile number
4. Submit with city left empty
5. Verify the mobile-required and location validation messages are shown","2759","TC-BUS-03: lead form rejects mobile that is not 10 digits on Mahindra Buses","Buses - BusListing [mahindraBuses] [en] — Mahindra Buses","2026-08-27","passed","2026-08-27","","","",""
"","9164","TC-PTB-00: page links resolve 200/30x; broken links are logged, not failed","Homepage - PopularTruckBrands [ta]","2026-08-27","passed","2026-08-27","","","",""
"**Test Case ID:** TC-PSH-01
**Title:** Popular Second Hand Truck section is visible
**Language:** hi

**Description:**
Open the homepage and locate Popular Second Hand Truck. Confirm the section and heading are shown.

**Expected Result:**
The Popular Second Hand Truck section is visible with the correct localized heading.

**Steps:**
1. Open the homepage for the selected language
2. Scroll to Popular Second Hand Truck
3. Verify the section and heading are visible","1752","TC-PSH-01: Popular Second Hand Truck section is visible","Homepage - PopularSecondHandTruck [hi]","2026-08-27","passed","2026-08-27","","","",""
"**Test Case ID:** TC-TSR-02
**Title:** Check Truck Price lead form shows required validation when submitted empty on Ashok Leyland Boss
**Language:** en

**Description:**
Open the Ashok Leyland Boss page, open Check Truck Price, and submit with name, mobile and city all left empty.

**Expected Result:**
The real, page-shown validation messages for name, mobile and location are displayed, and no lead is submitted.

**Steps:**
1. Open the Ashok Leyland Boss page
2. Click a truck card's ""Check Truck Price"" button to open its lead form
3. Leave name, mobile and city empty and submit
4. Verify all three required-field validation messages are shown","4252","TC-TSR-02: Check Truck Price lead form shows required validation when submitted empty on Ashok Leyland Boss","CategoryPages - CategoryListingTruckSeries [ashokLeylandBoss] [en] — Ashok Leyland Boss","2026-08-27","passed","2026-08-27","","","",""
"","18650","TC-CDT-00: page links resolve 200/30x; broken links are logged, not failed","UtilityPages - ContentDetailPage [blogHub] [en] — Truck Junction Blog","2026-08-27","passed","2026-08-27","","","",""
"**Test Case ID:** TC-CL-02
**Title:** Check Truck Price lead form shows required validation when submitted empty on Bi Fuel Trucks
**Language:** en

**Description:**
Open the Bi Fuel Trucks page, open Check Truck Price, and submit with name, mobile and city all left empty.

**Expected Result:**
The real, page-shown validation messages for name, mobile and location are displayed, and no lead is submitted.

**Steps:**
1. Open the Bi Fuel Trucks page
2. Click a truck card's ""Check Truck Price"" button to open its lead form
3. Leave name, mobile and city empty and submit
4. Verify all three required-field validation messages are shown","2178","TC-CL-02: Check Truck Price lead form shows required validation when submitted empty on Bi Fuel Trucks","CategoryPages - CategoryListing [biFuel] [en] — Bi Fuel Trucks","2026-08-27","passed","2026-08-27","","","",""
"","11102","TC-CL-00: page links resolve 200/30x; broken links are logged, not failed","CategoryPages - CategoryListing [fourteenWheeler] [en] — 14 Wheeler","2026-08-27","passed","2026-08-27","","","",""
"","7593","TC-TYRL-00: page links resolve 200/30x; broken links are logged, not failed","UtilityPages - TyresListing [goodyearTyres] [en] [desktop] — Goodyear Tyres","2026-08-27","passed","2026-08-27","","","",""
"**Test Case ID:** TC-PTB-03
**Title:** No duplicate brand cards appear in Popular Truck Brands
**Language:** ta

**Description:**
Check that the Popular Truck Brands grid does not show the same brand more than once (by URL, title, or visible name).

**Expected Result:**
All brand card URLs, titles, and visible brand names in the section are unique — no duplicate brand appears.

**Steps:**
1. Open the Popular Truck Brands section
2. Collect brand URLs, titles and names from all cards
3. Verify each list has no duplicates","947","TC-PTB-03: no duplicate brand cards appear in Popular Truck Brands","Homepage - PopularTruckBrands [ta]","2026-08-27","passed","2026-08-27","","","",""
"","9915","TC-BUS-00: page links resolve 200/30x; broken links are logged, not failed","Buses - BusListing [newBuses] [en] — New Buses","2026-08-27","passed","2026-08-27","","","",""
"**Test Case ID:** TC-PDPI-05
**Title:** Check Offers lead submits successfully on Tata Yodha 2.0 Brochure
**Language:** en

**Description:**
Open Tata Yodha 2.0 Brochure, click “Check Offers” (a second entry point), fill name, mobile and city, and submit.

**Expected Result:**
A Thank You confirmation is shown after a successful lead submission from this second CTA.

**Steps:**
1. Open Tata Yodha 2.0 Brochure
2. Click Check Offers
3. Fill name, mobile and city
4. Submit and verify Thank You","3763","TC-PDPI-05: Check Offers lead submits successfully on Tata Yodha 2.0 Brochure","PDP - NewTruckInternalPages [yodhaBrochure] [en] — Tata Yodha 2.0 Brochure","2026-08-27","passed","2026-08-27","","","",""
"","6202","TC-BUSPDP-00: page links resolve 200/30x; broken links are logged, not failed","Buses - BusPdp [starbusStaffContract] [en] — Tata Starbus Staff Contract","2026-08-27","passed","2026-08-27","","","",""
"**Test Case ID:** TC-PTB-02
**Title:** All popular brand cards show name, logo, title and brand URL
**Language:** en

**Description:**
In the Popular Truck Brands section, verify every brand card shown on this device displays the brand name, logo image, accessible title, and link to that brand’s page. Desktop shows 12 brands; mobile shows the first 6 of that same list (the extra cards are not in the page at all on mobile).

**Expected Result:**
Each brand the current device actually displays appears once with the correct visible name, logo, title attribute, and href pointing to the brand page for that language. The number of cards matches this device (12 on desktop, 6 on mobile).

**Steps:**
1. Open the Popular Truck Brands section
2. For each brand shown on this device, verify name, logo, title and URL
3. Confirm the total number of brand cards matches this device, not the other device’s count","4213","TC-PTB-02: all popular brand cards show name, logo, title and brand URL","Homepage - PopularTruckBrands [en]","2026-08-27","passed","2026-08-27","","","",""
"","9824","TC-PL-00: page links resolve 200/30x; broken links are logged, not failed","CategoryPages - PayloadListing [ton10to20] [en] — 10 ton - 20 ton Trucks","2026-08-27","passed","2026-08-27","","","",""
"**Test Case ID:** TC-BDM-01
**Title:** Talk To Dealer lead submits successfully on Body Makers
**Language:** en

**Description:**
Open the Body Makers page, click a dealer card's ""Talk To Dealer"" button to open its lead form, fill name, mobile, city, brand and model, and submit.

**Expected Result:**
A Thank You confirmation is shown after a successful lead submission.

**Steps:**
1. Open the Body Makers page
2. Click a dealer card's ""Talk To Dealer"" button to open its lead form
3. Fill name, mobile, city, brand and model
4. Submit and verify Thank You confirmation","5170","TC-BDM-01: Talk To Dealer lead submits successfully on Body Makers","UtilityPages - BodyMakers [en] — Body Makers","2026-08-27","passed","2026-08-27","","","",""
"**Test Case ID:** TC-CL-05
**Title:** listing heading, filters and cards on Tempo Traveller
**Language:** en

**Description:**
Open Tempo Traveller and confirm the page heading and at least one listing card CTA. Filter By is checked when that row is present.

**Expected Result:**
Page heading is visible and at least one listing card button is shown.

**Steps:**
1. Open the Tempo Traveller page
2. Verify the page heading
3. Verify listing cards (and Filter By when present)","787","TC-CL-05: listing heading, filters and cards on Tempo Traveller","CategoryPages - CategoryListing [tempoTraveller] [en] — Tempo Traveller","2026-08-27","passed","2026-08-27","","","",""
"**Test Case ID:** TC-NTPDP-05
**Title:** SecondaryNavbar items for Eka 3W Cargo
**Language:** en

**Description:**
After the launch lead is closed, verify the SecondaryNavbar (sticky jump links) shows every expected item for Eka 3W Cargo.

**Expected Result:**
SecondaryNavbar is visible and each expected link/label (Price, Specification, …) is shown.

**Steps:**
1. Open PDP and close Get Offers lead
2. Locate SecondaryNavbar
3. Verify each expected nav item","143","TC-NTPDP-05: SecondaryNavbar items for Eka 3W Cargo","PDP - NewTruckPdp [leastPopular] [en] — Eka 3W Cargo","2026-08-27","passed","2026-08-27","","Page blocks (same session)","",""
"**Test Case ID:** TC-NTPDP-06
**Title:** Hero heading and primary CTAs for Tata Yodha 2.0
**Language:** en

**Description:**
Confirm the product H1 and primary CTAs (Get On Road Price, Check Offers) on Tata Yodha 2.0.

**Expected Result:**
H1 matches the product name; Get On Road Price and Check Offers are visible.

**Steps:**
1. Open PDP and close launch lead
2. Verify H1
3. Verify Get On Road Price and Check Offers","348","TC-NTPDP-06: Hero heading and primary CTAs for Tata Yodha 2.0","PDP - NewTruckPdp [mostPopular] [en] — Tata Yodha 2.0","2026-08-27","passed","2026-08-27","","Page blocks (same session)","",""
"**Test Case ID:** TC-PTB-04
**Title:** No broken brand logos appear in Popular Truck Brands
**Language:** en

**Description:**
Verify every brand logo image in the Popular Truck Brands section loads successfully and is not broken or missing.

**Expected Result:**
Each brand card logo has a valid image URL and the image finishes loading with a non-zero size (logo is visible to the user).

**Steps:**
1. Open the Popular Truck Brands section
2. For each brand card, check the logo image source
3. Confirm each logo image has loaded successfully","2026","TC-PTB-04: no broken brand logos appear in Popular Truck Brands","Homepage - PopularTruckBrands [en]","2026-08-27","passed","2026-08-27","","","",""
"**Test Case ID:** TC-BUS-04
**Title:** listing heading, filters and cards on Tata Buses
**Language:** en

**Description:**
Open Tata Buses and confirm the page heading and at least one listing card CTA. Filter By is checked when that row is present.

**Expected Result:**
Page heading is visible and at least one listing card button is shown.

**Steps:**
1. Open the Tata Buses page
2. Verify the page heading
3. Verify listing cards (and Filter By when present)","834","TC-BUS-04: listing heading, filters and cards on Tata Buses","Buses - BusListing [tataBuses] [en] — Tata Buses","2026-08-27","passed","2026-08-27","","","",""
"**Test Case ID:** TC-PTC-04
**Title:** View All Comparison link does not reuse a product card's URL
**Language:** hi

**Description:**
Confirm the View All Comparison link does not accidentally point at the first product card's PDP URL.

**Expected Result:**
View All Comparison and the first product card link to different URLs.

**Steps:**
1. Open Popular Truck Comparison
2. Verify View All's href differs from the first product's href","1154","TC-PTC-04: View All Comparison link does not reuse a product card's URL","Homepage - PopularTruckComparison [hi]","2026-08-27","passed","2026-08-27","","","",""
"**Test Case ID:** TC-BUS-04
**Title:** listing heading, filters and cards on Mahindra Buses
**Language:** en

**Description:**
Open Mahindra Buses and confirm the page heading and at least one listing card CTA. Filter By is checked when that row is present.

**Expected Result:**
Page heading is visible and at least one listing card button is shown.

**Steps:**
1. Open the Mahindra Buses page
2. Verify the page heading
3. Verify listing cards (and Filter By when present)","926","TC-BUS-04: listing heading, filters and cards on Mahindra Buses","Buses - BusListing [mahindraBuses] [en] — Mahindra Buses","2026-08-27","passed","2026-08-27","","","",""
"","5891","TC-TIY-19: Upcoming Check Offers submits lead and shows Thank You modal","Homepage - TruckInIndia [en]","2026-08-27","passed","2026-08-27","","","",""
"**Test Case ID:** TC-CL-03
**Title:** Check Truck Price lead form rejects mobile that is not 10 digits on 16 Wheeler
**Language:** en

**Description:**
Open the 16 Wheeler page, open Check Truck Price, fill a valid name, an invalid (5-digit) mobile number, and leave city empty, then submit.

**Expected Result:**
The real, page-shown mobile-format and location-required validation messages are displayed, and no lead is submitted.

**Steps:**
1. Open the 16 Wheeler page
2. Click a truck card's ""Check Truck Price"" button to open its lead form
3. Fill a valid name and an invalid mobile number
4. Submit with city left empty
5. Verify the mobile-format and location validation messages are shown","3259","TC-CL-03: Check Truck Price lead form rejects mobile that is not 10 digits on 16 Wheeler","CategoryPages - CategoryListing [sixteenWheeler] [en] — 16 Wheeler","2026-08-27","passed","2026-08-27","","","",""
"**Test Case ID:** TC-PDPI-02
**Title:** Check Offers lead form shows required validation when submitted empty on Eka 3W Cargo Price in Mumbai
**Language:** en

**Description:**
Open Eka 3W Cargo Price in Mumbai, click “Check Offers”, and submit with name, mobile and city all left empty.

**Expected Result:**
The real required-field validation messages for name, mobile and location are shown, and no lead is submitted.

**Steps:**
1. Open Eka 3W Cargo Price in Mumbai
2. Click Check Offers
3. Leave name, mobile and city empty and submit
4. Verify the three required-field messages","3211","TC-PDPI-02: Check Offers lead form shows required validation when submitted empty on Eka 3W Cargo Price in Mumbai","PDP - NewTruckInternalPages [ekaPriceMumbai] [en] — Eka 3W Cargo Price in Mumbai","2026-08-27","passed","2026-08-27","","","",""
"**Test Case ID:** TC-PDPI-05
**Title:** Get On Road Price lead submits successfully on Tata Yodha 2.0 Specifications
**Language:** en

**Description:**
Open Tata Yodha 2.0 Specifications, click “Get On Road Price” (a second entry point), fill name, mobile and city, and submit.

**Expected Result:**
A Thank You confirmation is shown after a successful lead submission from this second CTA.

**Steps:**
1. Open Tata Yodha 2.0 Specifications
2. Click Get On Road Price
3. Fill name, mobile and city
4. Submit and verify Thank You","5292","TC-PDPI-05: Get On Road Price lead submits successfully on Tata Yodha 2.0 Specifications","PDP - NewTruckInternalPages [yodhaSpecifications] [en] — Tata Yodha 2.0 Specifications","2026-08-27","passed","2026-08-27","","","",""
"**Test Case ID:** TC-PTC-05
**Title:** No visible product card links to a duplicate truck
**Language:** hi

**Description:**
Confirm every visible product name in Popular Truck Comparison links to a distinct truck.

**Expected Result:**
No two visible product cards share the same href.

**Steps:**
1. Open Popular Truck Comparison
2. Verify all visible product links are unique","1101","TC-PTC-05: no visible product card links to a duplicate truck","Homepage - PopularTruckComparison [hi]","2026-08-27","passed","2026-08-27","","","",""
"**Test Case ID:** TC-CL-02
**Title:** Check Truck Price lead form shows required validation when submitted empty on ICV
**Language:** en

**Description:**
Open the ICV page, open Check Truck Price, and submit with name, mobile and city all left empty.

**Expected Result:**
The real, page-shown validation messages for name, mobile and location are displayed, and no lead is submitted.

**Steps:**
1. Open the ICV page
2. Click a truck card's ""Check Truck Price"" button to open its lead form
3. Leave name, mobile and city empty and submit
4. Verify all three required-field validation messages are shown","2736","TC-CL-02: Check Truck Price lead form shows required validation when submitted empty on ICV","CategoryPages - CategoryListing [icv] [en] — ICV","2026-08-27","passed","2026-08-27","","","",""
"**Test Case ID:** TC-EV-05
**Title:** listing heading, filters and cards on Electric Commercial Vehicles
**Language:** en

**Description:**
Open Electric Commercial Vehicles and confirm the page heading and at least one listing card CTA. Filter By is checked when that row is present.

**Expected Result:**
Page heading is visible and at least one listing card button is shown.

**Steps:**
1. Open the Electric Commercial Vehicles page
2. Verify the page heading
3. Verify listing cards (and Filter By when present)","2127","TC-EV-05: listing heading, filters and cards on Electric Commercial Vehicles","CategoryPages - ElectricVehicle [en] — Electric Commercial Vehicles","2026-08-27","passed","2026-08-27","","","",""
"**Test Case ID:** TC-NLP-05
**Title:** Call Now lead submits successfully on Find New Trucks
**Language:** en

**Description:**
Open the Find New Trucks listing page, click Call Now to open its lead form, fill name, mobile and city, and submit.

**Expected Result:**
The assistance lead form closes after a successful submission (verified via the real submit network call). The submitted name is tagged with a page/CTA identifier for CRM traceability.

**Steps:**
1. Open the Find New Trucks listing page
2. Click Call Now to open its lead form
3. Fill name, mobile and city
4. Submit and verify the confirmation","4104","TC-NLP-05: Call Now lead submits successfully on Find New Trucks","ListingPages - NewListingPages [newTrucks] [en] — Find New Trucks","2026-08-27","passed","2026-08-27","","","",""
"**Test Case ID:** TC-TSR-01
**Title:** Check Truck Price lead submits successfully on Mahindra Bolero
**Language:** en

**Description:**
Open the Mahindra Bolero page, click a truck card's ""Check Truck Price"" button to open its lead form, fill name, mobile and city, and submit.

**Expected Result:**
A Thank You confirmation is shown after a successful lead submission.

**Steps:**
1. Open the Mahindra Bolero page
2. Click a truck card's ""Check Truck Price"" button to open its lead form
3. Fill name, mobile and city
4. Submit and verify Thank You confirmation","8350","TC-TSR-01: Check Truck Price lead submits successfully on Mahindra Bolero","CategoryPages - CategoryListingTruckSeries [mahindraBolero] [en] — Mahindra Bolero","2026-08-27","passed","2026-08-27","","","",""
"**Test Case ID:** TC-LMC-03
**Title:** One Check Offers lead from 3 व्हीलर tab submits successfully
**Language:** hi

**Description:**
Open the 3 व्हीलर tab in Latest Models by Category, click Check Offers once, fill name/mobile/city, enter a 5-digit price/budget only if asked, and submit.

**Expected Result:**
A Thank You confirmation is shown after a successful lead submission from that tab.

**Steps:**
1. Open Latest Models by Category
2. Open the 3 व्हीलर tab
3. Click Check Offers on one visible card
4. Fill name, mobile and city (and 5-digit price/budget if shown)
5. Submit and verify Thank You confirmation","5440","TC-LMC-03: one Check Offers lead from 3 व्हीलर tab submits successfully","Homepage - LatestModelsByCategory [hi]","2026-08-27","passed","2026-08-27","","","",""
"**Test Case ID:** TC-FRU-02
**Title:** All city links show expected name and used-truck-in URL
**Language:** ta

**Description:**
In Find Reliable Used Trucks Near You, verify every expected city appears with the correct name and city listing URL.

**Expected Result:**
Each city from test data is visible with the matching title and /{lang}/used-truck-in-{city} path.

**Steps:**
1. Open Find Reliable Used Trucks Near You
2. For each expected city, verify name and URL
3. Confirm the number of city links matches test data","1682","TC-FRU-02: all city links show expected name and used-truck-in URL","Homepage - FindReliableUsedTrucksNearYou [ta]","2026-08-27","passed","2026-08-27","","","",""
"**Test Case ID:** TC-CL-04
**Title:** Call Now assistance lead submits successfully on Hydrogen Trucks
**Language:** en

**Description:**
Open the Hydrogen Trucks page, click the ""Still confused?"" widget's Call Now button to open the assistance lead form, fill model, name, mobile and city, and submit.

**Expected Result:**
The assistance form closes after a successful submission.

**Steps:**
1. Open the Hydrogen Trucks page
2. Click Call Now to open the assistance lead form
3. Fill model, name, mobile and city
4. Submit and verify the assistance form closes","4241","TC-CL-04: Call Now assistance lead submits successfully on Hydrogen Trucks","CategoryPages - CategoryListing [hydrogen] [en] — Hydrogen Trucks","2026-08-27","passed","2026-08-27","","","",""
"**Test Case ID:** TC-NTPDP-17
**Title:** Price in India block for Eka 3W Cargo
**Language:** en

**Description:**
Verify Price in India section for Eka 3W Cargo.

**Expected Result:**
Price in India heading is visible.

**Steps:**
1. Open PDP
2. Scroll to Price in India
3. Verify heading","70","TC-NTPDP-17: Price in India block for Eka 3W Cargo","PDP - NewTruckPdp [leastPopular] [en] — Eka 3W Cargo","2026-08-27","passed","2026-08-27","","Page blocks (same session)","",""
"","10598","TC-CL-00: page links resolve 200/30x; broken links are logged, not failed","CategoryPages - CategoryListing [tempoTraveller] [en] — Tempo Traveller","2026-08-27","passed","2026-08-27","","","",""
"**Test Case ID:** TC-BUS-03
**Title:** Lead form rejects mobile that is not 10 digits on Tata Buses
**Language:** en

**Description:**
Open the Tata Buses page, open the lead form via ""Check Bus Price"", fill a valid name, an invalid (5-digit) mobile number, and leave city empty, then submit.

**Expected Result:**
The bus enquiry popup rejects the invalid mobile number in real time (the field reverts to empty), and submitting shows the mobile-required and location-required validation messages, with no lead submitted.

**Steps:**
1. Open the Tata Buses page
2. Click ""Check Bus Price"" to open its lead form
3. Fill a valid name and an invalid mobile number
4. Submit with city left empty
5. Verify the mobile-required and location validation messages are shown","2352","TC-BUS-03: lead form rejects mobile that is not 10 digits on Tata Buses","Buses - BusListing [tataBuses] [en] — Tata Buses","2026-08-27","passed","2026-08-27","","","",""
"**Test Case ID:** TC-CL-05
**Title:** listing heading, filters and cards on 8 Wheeler
**Language:** en

**Description:**
Open 8 Wheeler and confirm the page heading and at least one listing card CTA. Filter By is checked when that row is present.

**Expected Result:**
Page heading is visible and at least one listing card button is shown.

**Steps:**
1. Open the 8 Wheeler page
2. Verify the page heading
3. Verify listing cards (and Filter By when present)","1045","TC-CL-05: listing heading, filters and cards on 8 Wheeler","CategoryPages - CategoryListing [eightWheeler] [en] — 8 Wheeler","2026-08-27","passed","2026-08-27","","","",""
"**Test Case ID:** TC-BUSPDP-02
**Title:** Check Offers lead form shows required validation when submitted empty on Tata Starbus Ultra City Electric
**Language:** en

**Description:**
Open Tata Starbus Ultra City Electric, click Check Offers, and submit with name, mobile and city all left empty.

**Expected Result:**
The real required-field validation messages for name, mobile and location are shown, and no lead is submitted.

**Steps:**
1. Open Tata Starbus Ultra City Electric
2. Click Check Offers
3. Leave name, mobile and city empty and submit
4. Verify the three required-field messages","1775","TC-BUSPDP-02: Check Offers lead form shows required validation when submitted empty on Tata Starbus Ultra City Electric","Buses - BusPdp [starbusUltraCityElectric] [en] — Tata Starbus Ultra City Electric","2026-08-27","passed","2026-08-27","","","",""
"**Test Case ID:** TC-PDPI-04
**Title:** Heading is visible on Eka 3W Cargo Reviews
**Language:** en

**Description:**
Open Eka 3W Cargo Reviews and confirm the page heading.

**Expected Result:**
The heading “Eka 3W Cargo Reviews” is visible.

**Steps:**
1. Open Eka 3W Cargo Reviews
2. Verify the heading","741","TC-PDPI-04: heading is visible on Eka 3W Cargo Reviews","PDP - NewTruckInternalPages [ekaReview] [en] — Eka 3W Cargo Reviews","2026-08-27","passed","2026-08-27","","","",""
"**Test Case ID:** TC-TBR-01
**Title:** Check Truck Price lead submits successfully on Tata Trucks
**Language:** en

**Description:**
Open the Tata Trucks page, click a truck card's ""Check Truck Price"" button to open its lead form, fill name, mobile and city, and submit.

**Expected Result:**
A Thank You confirmation is shown after a successful lead submission.

**Steps:**
1. Open the Tata Trucks page
2. Click a truck card's ""Check Truck Price"" button to open its lead form
3. Fill name, mobile and city
4. Submit and verify Thank You confirmation","10744","TC-TBR-01: Check Truck Price lead submits successfully on Tata Trucks","CategoryPages - CategoryListingBrands [tataBrand] [en] — Tata Trucks","2026-08-27","passed","2026-08-27","","","",""
"**Test Case ID:** TC-FRU-03
**Title:** First city link navigates to used trucks in that city
**Language:** en

**Description:**
Click the first city in Find Reliable Used Trucks Near You and confirm the used-trucks-in-city listing opens.

**Expected Result:**
The browser URL matches that city’s used-truck-in listing for the selected language.

**Steps:**
1. Open Find Reliable Used Trucks Near You
2. Click the first city link
3. Verify the city used-trucks listing URL","3960","TC-FRU-03: first city link navigates to used trucks in that city","Homepage - FindReliableUsedTrucksNearYou [en]","2026-08-27","passed","2026-08-27","","","",""
"**Test Case ID:** TC-PTC-01
**Title:** Popular Truck Comparison section is visible
**Language:** ta

**Description:**
Open the homepage and locate Popular Truck Comparison. Confirm the section and heading are shown.

**Expected Result:**
The Popular Truck Comparison section is visible with the correct localized heading.

**Steps:**
1. Open the homepage for the selected language
2. Scroll to Popular Truck Comparison
3. Verify the section and heading are visible","2140","TC-PTC-01: Popular Truck Comparison section is visible","Homepage - PopularTruckComparison [ta]","2026-08-27","passed","2026-08-27","","","",""
"**Test Case ID:** TC-PTC-04
**Title:** View All Comparison link does not reuse a product card's URL
**Language:** en

**Description:**
Confirm the View All Comparison link does not accidentally point at the first product card's PDP URL.

**Expected Result:**
View All Comparison and the first product card link to different URLs.

**Steps:**
1. Open Popular Truck Comparison
2. Verify View All's href differs from the first product's href","1714","TC-PTC-04: View All Comparison link does not reuse a product card's URL","Homepage - PopularTruckComparison [en]","2026-08-27","passed","2026-08-27","","","",""
"","53","TC-NTPDP-10: Expert Review block for Eka 3W Cargo","PDP - NewTruckPdp [leastPopular] [en] — Eka 3W Cargo","2026-08-27","skipped","2026-08-27","","Page blocks (same session)","",""
"","5003","TC-TIY-12: tab cycle Popular → Latest → Upcoming → Popular restores Popular View All link","Homepage - TruckInIndia [en]","2026-08-27","passed","2026-08-27","","","",""
"","12331","TC-TMO-00: page links resolve 200/30x; broken links are logged, not failed","UtilityPages - TabbedModelOffers [offers] [en] — Offers","2026-08-27","passed","2026-08-27","","","",""
"**Test Case ID:** TC-CL-01
**Title:** Check Truck Price lead submits successfully on 10 Wheeler
**Language:** en

**Description:**
Open the 10 Wheeler page, click a truck card's ""Check Truck Price"" button to open its lead form, fill name, mobile and city, and submit.

**Expected Result:**
A Thank You confirmation is shown after a successful lead submission.

**Steps:**
1. Open the 10 Wheeler page
2. Click a truck card's ""Check Truck Price"" button to open its lead form
3. Fill name, mobile and city
4. Submit and verify Thank You confirmation","5440","TC-CL-01: Check Truck Price lead submits successfully on 10 Wheeler","CategoryPages - CategoryListing [tenWheeler] [en] — 10 Wheeler","2026-08-27","passed","2026-08-27","","","",""
"**Test Case ID:** TC-FRU-02
**Title:** All city links show expected name and used-truck-in URL
**Language:** hi

**Description:**
In Find Reliable Used Trucks Near You, verify every expected city appears with the correct name and city listing URL.

**Expected Result:**
Each city from test data is visible with the matching title and /{lang}/used-truck-in-{city} path.

**Steps:**
1. Open Find Reliable Used Trucks Near You
2. For each expected city, verify name and URL
3. Confirm the number of city links matches test data","1826","TC-FRU-02: all city links show expected name and used-truck-in URL","Homepage - FindReliableUsedTrucksNearYou [hi]","2026-08-27","passed","2026-08-27","","","",""
"**Test Case ID:** TC-NLP-08
**Title:** page heading is visible on Upcoming Trucks
**Language:** en

**Description:**
Open the Upcoming Trucks listing page and confirm the main page heading the user sees.

**Expected Result:**
The heading “Upcoming Trucks In India” is visible.

**Steps:**
1. Open the Upcoming Trucks listing page
2. Verify the page heading","876","TC-NLP-08: page heading is visible on Upcoming Trucks","ListingPages - NewListingPages [upcomingTrucks] [en] — Upcoming Trucks","2026-08-27","passed","2026-08-27","","","",""
"","3133","TC-TIY-16: View All link always includes an arrow icon for each tab","Homepage - TruckInIndia [en]","2026-08-27","passed","2026-08-27","","","",""
"**Test Case ID:** TC-PDPI-04
**Title:** Heading is visible on Tata Yodha 2.0 Reviews
**Language:** en

**Description:**
Open Tata Yodha 2.0 Reviews and confirm the page heading.

**Expected Result:**
The heading “Tata Yodha 2.0 Reviews” is visible.

**Steps:**
1. Open Tata Yodha 2.0 Reviews
2. Verify the heading","641","TC-PDPI-04: heading is visible on Tata Yodha 2.0 Reviews","PDP - NewTruckInternalPages [yodhaReview] [en] — Tata Yodha 2.0 Reviews","2026-08-27","passed","2026-08-27","","","",""
"**Test Case ID:** TC-LMC-07
**Title:** One Check Offers lead from சிறிய வணிக வாகனங்கள் tab submits successfully
**Language:** ta

**Description:**
Open the சிறிய வணிக வாகனங்கள் tab in Latest Models by Category, click Check Offers once, fill name/mobile/city, enter a 5-digit price/budget only if asked, and submit.

**Expected Result:**
A Thank You confirmation is shown after a successful lead submission from that tab.

**Steps:**
1. Open Latest Models by Category
2. Open the சிறிய வணிக வாகனங்கள் tab
3. Click Check Offers on one visible card
4. Fill name, mobile and city (and 5-digit price/budget if shown)
5. Submit and verify Thank You confirmation","6447","TC-LMC-07: one Check Offers lead from சிறிய வணிக வாகனங்கள் tab submits successfully","Homepage - LatestModelsByCategory [ta]","2026-08-27","passed","2026-08-27","","","",""
"**Test Case ID:** TC-ECH-02
**Title:** Check Challan lead requests OTP successfully on E Challan
**Language:** en

**Description:**
Open the E Challan page, enter a sample vehicle registration number, click Check Challan to open its Get Information lead form (a distinct form from Check Offers), fill name, mobile and truck brand, and submit. This form is OTP-gated — there is no configured test OTP in this repo, so completion is verified up to the OTP screen, not full end-to-end submission.

**Expected Result:**
An OTP verification screen (with an Enter OTP field) appears, confirming the lead request succeeded. The submitted name is tagged with a page/CTA identifier for CRM traceability.

**Steps:**
1. Open the E Challan page
2. Enter a sample vehicle registration number
3. Click Check Challan to open its lead form
4. Fill name, mobile and truck brand
5. Submit and verify the OTP screen appears","6230","TC-ECH-02: Check Challan lead requests OTP successfully on E Challan","UsedTruck - EChallan [en] — E Challan","2026-08-27","passed","2026-08-27","","","",""
"","978","TC-NLP-03: Contact Seller lead submits successfully on Latest Trucks","ListingPages - NewListingPages [latestTrucks] [en] — Latest Trucks","2026-08-27","skipped","2026-08-27","","","",""
"","1409","TC-CL-04: Call Now assistance lead submits successfully on Transit Mixer","CategoryPages - CategoryListing [transitMixer] [en] — Transit Mixer","2026-08-27","skipped","2026-08-27","","","",""
"**Test Case ID:** TC-CDT-01
**Title:** Page heading is visible on Sitemap
**Language:** en

**Description:**
Open the Sitemap page and verify its main heading is shown.

**Expected Result:**
The user sees the ""Truck Junction - Sitemap"" heading at the top of the page.

**Steps:**
1. Open the Sitemap page
2. Verify the main page heading is visible","1622","TC-CDT-01: page heading is visible on Sitemap","UtilityPages - ContentDetailPage [sitemap] [en] — Sitemap","2026-08-27","passed","2026-08-27","","","",""
"","9791","TC-PTC-00: page links resolve 200/30x; broken links are logged, not failed","Homepage - PopularTruckComparison [hi]","2026-08-27","passed","2026-08-27","","","",""
"**Test Case ID:** TC-SEOS-02
**Title:** FAQ questions on Tata Yodha 2.0 Price in Gurgaon [ta] match the stored snapshot
**Language:** ta

**Description:**
Compare the FAQ heading and questions on Tata Yodha 2.0 Price in Gurgaon (ta) with the stored snapshot. Pages with no FAQ must still have none.

**Expected Result:**
FAQ heading and questions on Tata Yodha 2.0 Price in Gurgaon (ta) are unchanged.

**Steps:**
1. Open Tata Yodha 2.0 Price in Gurgaon (ta)
2. Read the FAQ block
3. Compare with the stored snapshot","990","TC-SEOS-02: FAQ questions on Tata Yodha 2.0 Price in Gurgaon [ta] match the stored snapshot","SEO structure - PDP [yodhaPriceGurgaon] [ta] — Tata Yodha 2.0 Price in Gurgaon","2026-08-27","passed","2026-08-27","","","",""
"","767","TC-NLP-03: Contact Seller lead submits successfully on Find New Trucks","ListingPages - NewListingPages [newTrucks] [en] — Find New Trucks","2026-08-27","skipped","2026-08-27","","","",""
"","6078","TC-SRT-10: switches tabs and updates select placeholders","Homepage - SearchRightTruck [hi]","2026-08-27","passed","2026-08-27","","","",""
"","10668","TC-PL-00: page links resolve 200/30x; broken links are logged, not failed","CategoryPages - PayloadListing [ton2_5to5] [en] — 2.5 ton - 5 ton Trucks","2026-08-27","passed","2026-08-27","","","",""
"**Test Case ID:** TC-NTPDP-08
**Title:** EMI block for Tata Yodha 2.0
**Language:** en

**Description:**
Verify the EMI section heading when present on Tata Yodha 2.0.

**Expected Result:**
EMI heading is visible, or the case is skipped if not on this PDP.

**Steps:**
1. Open PDP
2. Locate EMI heading if present","520","TC-NTPDP-08: EMI block for Tata Yodha 2.0","PDP - NewTruckPdp [mostPopular] [en] — Tata Yodha 2.0","2026-08-27","passed","2026-08-27","","Page blocks (same session)","",""
"**Test Case ID:** TC-FRU-01
**Title:** Find Reliable Used Trucks Near You section is visible
**Language:** en

**Description:**
Open the homepage and locate Find Reliable Used Trucks Near You. Confirm the section and heading are shown.

**Expected Result:**
The section is visible with the correct localized heading and at least one city link.

**Steps:**
1. Open the homepage for the selected language
2. Scroll to Find Reliable Used Trucks Near You
3. Verify the section and heading are visible","4261","TC-FRU-01: Find Reliable Used Trucks Near You section is visible","Homepage - FindReliableUsedTrucksNearYou [en]","2026-08-27","passed","2026-08-27","","","",""
"","1371","TC-NLP-06: Check Offers lead form shows required validation when submitted empty on Popular Truck","ListingPages - NewListingPages [popularTrucks] [en] — Popular Truck","2026-08-27","skipped","2026-08-27","","","",""
"**Test Case ID:** TC-LMC-05
**Title:** One Check Offers lead from ई रिक्शा tab submits successfully
**Language:** hi

**Description:**
Open the ई रिक्शा tab in Latest Models by Category, click Check Offers once, fill name/mobile/city, enter a 5-digit price/budget only if asked, and submit.

**Expected Result:**
A Thank You confirmation is shown after a successful lead submission from that tab.

**Steps:**
1. Open Latest Models by Category
2. Open the ई रिक्शा tab
3. Click Check Offers on one visible card
4. Fill name, mobile and city (and 5-digit price/budget if shown)
5. Submit and verify Thank You confirmation","10168","TC-LMC-05: one Check Offers lead from ई रिक्शा tab submits successfully","Homepage - LatestModelsByCategory [hi]","2026-08-27","passed","2026-08-27","","","",""
"**Test Case ID:** TC-TSR-02
**Title:** Check Truck Price lead form shows required validation when submitted empty on Ashok Leyland Dost
**Language:** en

**Description:**
Open the Ashok Leyland Dost page, open Check Truck Price, and submit with name, mobile and city all left empty.

**Expected Result:**
The real, page-shown validation messages for name, mobile and location are displayed, and no lead is submitted.

**Steps:**
1. Open the Ashok Leyland Dost page
2. Click a truck card's ""Check Truck Price"" button to open its lead form
3. Leave name, mobile and city empty and submit
4. Verify all three required-field validation messages are shown","4381","TC-TSR-02: Check Truck Price lead form shows required validation when submitted empty on Ashok Leyland Dost","CategoryPages - CategoryListingTruckSeries [ashokLeylandDost] [en] — Ashok Leyland Dost","2026-08-27","passed","2026-08-27","","","",""
"**Test Case ID:** TC-PTC-03
**Title:** View All Comparison opens compare listing
**Language:** hi

**Description:**
Click View All Comparison in Popular Truck Comparison and confirm the compare listing opens.

**Expected Result:**
The URL is the compare listing for the language (for example /en/compare).

**Steps:**
1. Open Popular Truck Comparison
2. Click View All Comparison
3. Verify the compare listing URL","3176","TC-PTC-03: View All Comparison opens compare listing","Homepage - PopularTruckComparison [hi]","2026-08-27","passed","2026-08-27","","","",""
"**Test Case ID:** TC-PTB-03
**Title:** No duplicate brand cards appear in Popular Truck Brands
**Language:** hi

**Description:**
Check that the Popular Truck Brands grid does not show the same brand more than once (by URL, title, or visible name).

**Expected Result:**
All brand card URLs, titles, and visible brand names in the section are unique — no duplicate brand appears.

**Steps:**
1. Open the Popular Truck Brands section
2. Collect brand URLs, titles and names from all cards
3. Verify each list has no duplicates","2866","TC-PTB-03: no duplicate brand cards appear in Popular Truck Brands","Homepage - PopularTruckBrands [hi]","2026-08-27","passed","2026-08-27","","","",""
"**Test Case ID:** TC-LMC-07
**Title:** One Check Offers lead from SCV tab submits successfully
**Language:** en

**Description:**
Open the SCV tab in Latest Models by Category, click Check Offers once, fill name/mobile/city, enter a 5-digit price/budget only if asked, and submit.

**Expected Result:**
A Thank You confirmation is shown after a successful lead submission from that tab.

**Steps:**
1. Open Latest Models by Category
2. Open the SCV tab
3. Click Check Offers on one visible card
4. Fill name, mobile and city (and 5-digit price/budget if shown)
5. Submit and verify Thank You confirmation","5931","TC-LMC-07: one Check Offers lead from SCV tab submits successfully","Homepage - LatestModelsByCategory [en]","2026-08-27","passed","2026-08-27","","","",""
"","3145","TC-TIY-05: switching to Latest updates View All label and URL for latest trucks","Homepage - TruckInIndia [en]","2026-08-27","passed","2026-08-27","","","",""
"","2850","TC-TIY-20: Check Offers lead form shows required validation when submitted empty","Homepage - TruckInIndia [en]","2026-08-27","passed","2026-08-27","","","",""
"**Test Case ID:** TC-ECH-01
**Title:** Check Offers lead submits successfully on E Challan
**Language:** en

**Description:**
Open the E Challan page, open the shared Check Offers lead form, fill name, mobile and city, and submit.

**Expected Result:**
A Thank You confirmation is shown after a successful lead submission. The submitted name is tagged with a page/CTA identifier for CRM traceability.

**Steps:**
1. Open the E Challan page
2. Open the Check Offers lead form
3. Fill name, mobile and city
4. Submit and verify Thank You confirmation","8475","TC-ECH-01: Check Offers lead submits successfully on E Challan","UsedTruck - EChallan [en] — E Challan","2026-08-27","passed","2026-08-27","","","",""
"**Test Case ID:** TC-CL-03
**Title:** Check Truck Price lead form rejects mobile that is not 10 digits on 14 Wheeler
**Language:** en

**Description:**
Open the 14 Wheeler page, open Check Truck Price, fill a valid name, an invalid (5-digit) mobile number, and leave city empty, then submit.

**Expected Result:**
The real, page-shown mobile-format and location-required validation messages are displayed, and no lead is submitted.

**Steps:**
1. Open the 14 Wheeler page
2. Click a truck card's ""Check Truck Price"" button to open its lead form
3. Fill a valid name and an invalid mobile number
4. Submit with city left empty
5. Verify the mobile-format and location validation messages are shown","4736","TC-CL-03: Check Truck Price lead form rejects mobile that is not 10 digits on 14 Wheeler","CategoryPages - CategoryListing [fourteenWheeler] [en] — 14 Wheeler","2026-08-27","passed","2026-08-27","","","",""
"","10144","TC-PSH-00: page links resolve 200/30x; broken links are logged, not failed","Homepage - PopularSecondHandTruck [hi]","2026-08-27","passed","2026-08-27","","","",""
"**Test Case ID:** TC-CL-02
**Title:** Check Truck Price lead form shows required validation when submitted empty on 4 Wheeler
**Language:** en

**Description:**
Open the 4 Wheeler page, open Check Truck Price, and submit with name, mobile and city all left empty.

**Expected Result:**
The real, page-shown validation messages for name, mobile and location are displayed, and no lead is submitted.

**Steps:**
1. Open the 4 Wheeler page
2. Click a truck card's ""Check Truck Price"" button to open its lead form
3. Leave name, mobile and city empty and submit
4. Verify all three required-field validation messages are shown","4346","TC-CL-02: Check Truck Price lead form shows required validation when submitted empty on 4 Wheeler","CategoryPages - CategoryListing [fourWheeler] [en] — 4 Wheeler","2026-08-27","passed","2026-08-27","","","",""
"**Test Case ID:** TC-TSR-01
**Title:** Check Truck Price lead submits successfully on Mahindra Blazo
**Language:** en

**Description:**
Open the Mahindra Blazo page, click a truck card's ""Check Truck Price"" button to open its lead form, fill name, mobile and city, and submit.

**Expected Result:**
A Thank You confirmation is shown after a successful lead submission.

**Steps:**
1. Open the Mahindra Blazo page
2. Click a truck card's ""Check Truck Price"" button to open its lead form
3. Fill name, mobile and city
4. Submit and verify Thank You confirmation","7602","TC-TSR-01: Check Truck Price lead submits successfully on Mahindra Blazo","CategoryPages - CategoryListingTruckSeries [mahindraBlazo] [en] — Mahindra Blazo","2026-08-27","passed","2026-08-27","","","",""
"","6436","TC-SRT-10: switches tabs and updates select placeholders","Homepage - SearchRightTruck [en]","2026-08-27","passed","2026-08-27","","","",""
"**Test Case ID:** TC-LTU-03
**Title:** No visible video card links to a duplicate video
**Language:** hi

**Description:**
Confirm every visible video title in Latest Truck Updates links to a distinct video.

**Expected Result:**
No two visible video cards share the same href.

**Steps:**
1. Open Latest Truck Updates
2. Verify all visible video links are unique","1517","TC-LTU-03: no visible video card links to a duplicate video","Homepage - LatestTruckUpdates [hi]","2026-08-27","passed","2026-08-27","","","",""
"**Test Case ID:** TC-NLP-08
**Title:** page heading is visible on Find New Trucks
**Language:** en

**Description:**
Open the Find New Trucks listing page and confirm the main page heading the user sees.

**Expected Result:**
The heading “New Trucks In India” is visible.

**Steps:**
1. Open the Find New Trucks listing page
2. Verify the page heading","760","TC-NLP-08: page heading is visible on Find New Trucks","ListingPages - NewListingPages [newTrucks] [en] — Find New Trucks","2026-08-27","passed","2026-08-27","","","",""
"","3787","TC-TIY-21: Check Offers lead form rejects mobile that is not 10 digits","Homepage - TruckInIndia [en]","2026-08-27","passed","2026-08-27","","","",""
"**Test Case ID:** TC-LR-02
**Title:** REGISTER tab shows the register form
**Language:** en

**Description:**
On the login page, click REGISTER and confirm Full Name, Occupation, Application for CV, Mobile No. and Continue are shown.

**Expected Result:**
The REGISTER tab is active and the register fields plus Continue are visible.

**Steps:**
1. Open /login
2. Click REGISTER
3. Verify register fields and Continue","3357","TC-LR-02: REGISTER tab shows the register form","Login - LoginRegister [en]","2026-08-27","passed","2026-08-27","","","",""
"**Test Case ID:** TC-TBB-03
**Title:** No visible article card links to a duplicate news article
**Language:** hi

**Description:**
Confirm every visible article title in The Buzz Board links to a distinct news article.

**Expected Result:**
No two visible article cards share the same href.

**Steps:**
1. Open The Buzz Board
2. Verify all visible article links are unique","828","TC-TBB-03: no visible article card links to a duplicate news article","Homepage - TheBuzzBoard [hi]","2026-08-27","passed","2026-08-27","","","",""
"","5534","TC-BUS-00: page links resolve 200/30x; broken links are logged, not failed","Buses - BusListing [upcomingBuses] [en] — Upcoming Buses","2026-08-27","passed","2026-08-27","","","",""
"","2401","TC-SRT-06: navigates via Find All Trucks to the new trucks listing","Homepage - SearchRightTruck [hi]","2026-08-27","passed","2026-08-27","","","",""
"**Test Case ID:** TC-PTC-01
**Title:** Popular Truck Comparison section is visible
**Language:** en

**Description:**
Open the homepage and locate Popular Truck Comparison. Confirm the section and heading are shown.

**Expected Result:**
The Popular Truck Comparison section is visible with the correct localized heading.

**Steps:**
1. Open the homepage for the selected language
2. Scroll to Popular Truck Comparison
3. Verify the section and heading are visible","3144","TC-PTC-01: Popular Truck Comparison section is visible","Homepage - PopularTruckComparison [en]","2026-08-27","passed","2026-08-27","","","",""
"**Test Case ID:** TC-BUS-03
**Title:** Lead form rejects mobile that is not 10 digits on Upcoming Buses
**Language:** en

**Description:**
Open the Upcoming Buses page, open the lead form via ""Notify Me"", fill a valid name, an invalid (5-digit) mobile number, and leave city empty, then submit.

**Expected Result:**
The bus enquiry popup rejects the invalid mobile number in real time (the field reverts to empty), and submitting shows the mobile-required and location-required validation messages, with no lead submitted.

**Steps:**
1. Open the Upcoming Buses page
2. Click ""Notify Me"" to open its lead form
3. Fill a valid name and an invalid mobile number
4. Submit with city left empty
5. Verify the mobile-required and location validation messages are shown","2481","TC-BUS-03: lead form rejects mobile that is not 10 digits on Upcoming Buses","Buses - BusListing [upcomingBuses] [en] — Upcoming Buses","2026-08-27","passed","2026-08-27","","","",""
"**Test Case ID:** TC-CL-01
**Title:** Check Truck Price lead submits successfully on Bi Fuel Trucks
**Language:** en

**Description:**
Open the Bi Fuel Trucks page, click a truck card's ""Check Truck Price"" button to open its lead form, fill name, mobile and city, and submit.

**Expected Result:**
A Thank You confirmation is shown after a successful lead submission.

**Steps:**
1. Open the Bi Fuel Trucks page
2. Click a truck card's ""Check Truck Price"" button to open its lead form
3. Fill name, mobile and city
4. Submit and verify Thank You confirmation","3896","TC-CL-01: Check Truck Price lead submits successfully on Bi Fuel Trucks","CategoryPages - CategoryListing [biFuel] [en] — Bi Fuel Trucks","2026-08-27","passed","2026-08-27","","","",""
"**Test Case ID:** TC-NLP-09
**Title:** SecondaryNavbar jump links on Latest Trucks
**Language:** en

**Description:**
Confirm the sticky SecondaryNavbar on Latest Trucks shows every expected in-page jump link, then use FAQs to jump to Frequently Asked Questions.

**Expected Result:**
SecondaryNavbar items are visible and FAQs jumps to the FAQ heading.

**Steps:**
1. Open the Latest Trucks listing page
2. Verify SecondaryNavbar items
3. Click FAQs
4. Verify the FAQ heading is shown","1260","TC-NLP-09: SecondaryNavbar jump links on Latest Trucks","ListingPages - NewListingPages [latestTrucks] [en] — Latest Trucks","2026-08-27","passed","2026-08-27","","","",""
"**Test Case ID:** TC-CL-01
**Title:** Check Truck Price lead submits successfully on 6 Wheeler
**Language:** en

**Description:**
Open the 6 Wheeler page, click a truck card's ""Check Truck Price"" button to open its lead form, fill name, mobile and city, and submit.

**Expected Result:**
A Thank You confirmation is shown after a successful lead submission.

**Steps:**
1. Open the 6 Wheeler page
2. Click a truck card's ""Check Truck Price"" button to open its lead form
3. Fill name, mobile and city
4. Submit and verify Thank You confirmation","7049","TC-CL-01: Check Truck Price lead submits successfully on 6 Wheeler","CategoryPages - CategoryListing [sixWheeler] [en] — 6 Wheeler","2026-08-27","passed","2026-08-27","","","",""
"**Test Case ID:** TC-LMC-06
**Title:** One Check Offers lead from மினி டிரக்குகள் tab submits successfully
**Language:** ta

**Description:**
Open the மினி டிரக்குகள் tab in Latest Models by Category, click Check Offers once, fill name/mobile/city, enter a 5-digit price/budget only if asked, and submit.

**Expected Result:**
A Thank You confirmation is shown after a successful lead submission from that tab.

**Steps:**
1. Open Latest Models by Category
2. Open the மினி டிரக்குகள் tab
3. Click Check Offers on one visible card
4. Fill name, mobile and city (and 5-digit price/budget if shown)
5. Submit and verify Thank You confirmation","6221","TC-LMC-06: one Check Offers lead from மினி டிரக்குகள் tab submits successfully","Homepage - LatestModelsByCategory [ta]","2026-08-27","passed","2026-08-27","","","",""
"**Test Case ID:** TC-ECV-02
**Title:** First product name navigates to truck PDP
**Language:** hi

**Description:**
In Electric Commercial Vehicles, click the first visible truck product name (not the image) and confirm the user opens that truck’s product detail page.

**Expected Result:**
The browser URL matches the product’s truck PDP path for the selected language (for example /en/{brand}-truck/{model}).

**Steps:**
1. Open the Electric Commercial Vehicles section
2. Click the first visible product name link
3. Verify the URL is the matching truck PDP","4515","TC-ECV-02: first product name navigates to truck PDP","Homepage - ElectricCommercialVehicles [hi]","2026-08-27","passed","2026-08-27","","","",""
"**Test Case ID:** TC-LMC-03
**Title:** One Check Offers lead from 3 Wheelers tab submits successfully
**Language:** en

**Description:**
Open the 3 Wheelers tab in Latest Models by Category, click Check Offers once, fill name/mobile/city, enter a 5-digit price/budget only if asked, and submit.

**Expected Result:**
A Thank You confirmation is shown after a successful lead submission from that tab.

**Steps:**
1. Open Latest Models by Category
2. Open the 3 Wheelers tab
3. Click Check Offers on one visible card
4. Fill name, mobile and city (and 5-digit price/budget if shown)
5. Submit and verify Thank You confirmation","7835","TC-LMC-03: one Check Offers lead from 3 Wheelers tab submits successfully","Homepage - LatestModelsByCategory [en]","2026-08-27","passed","2026-08-27","","","",""
"**Test Case ID:** TC-PDPI-02
**Title:** Get On Road Price lead form shows required validation when submitted empty on Tata Yodha 2.0 Price in Gurgaon
**Language:** en

**Description:**
Open Tata Yodha 2.0 Price in Gurgaon, click “Get On Road Price”, and submit with name, mobile and city all left empty.

**Expected Result:**
The real required-field validation messages for name, mobile and location are shown, and no lead is submitted.

**Steps:**
1. Open Tata Yodha 2.0 Price in Gurgaon
2. Click Get On Road Price
3. Leave name, mobile and city empty and submit
4. Verify the three required-field messages","2656","TC-PDPI-02: Get On Road Price lead form shows required validation when submitted empty on Tata Yodha 2.0 Price in Gurgaon","PDP - NewTruckInternalPages [yodhaPriceGurgaon] [en] — Tata Yodha 2.0 Price in Gurgaon","2026-08-27","passed","2026-08-27","","","",""
"**Test Case ID:** TC-LMC-05
**Title:** One Check Offers lead from E Rickshaw tab submits successfully
**Language:** en

**Description:**
Open the E Rickshaw tab in Latest Models by Category, click Check Offers once, fill name/mobile/city, enter a 5-digit price/budget only if asked, and submit.

**Expected Result:**
A Thank You confirmation is shown after a successful lead submission from that tab.

**Steps:**
1. Open Latest Models by Category
2. Open the E Rickshaw tab
3. Click Check Offers on one visible card
4. Fill name, mobile and city (and 5-digit price/budget if shown)
5. Submit and verify Thank You confirmation","6880","TC-LMC-05: one Check Offers lead from E Rickshaw tab submits successfully","Homepage - LatestModelsByCategory [en]","2026-08-27","passed","2026-08-27","","","",""
"**Test Case ID:** TC-BUS-02
**Title:** Lead form shows required validation when submitted empty on Mahindra Buses
**Language:** en

**Description:**
Open the Mahindra Buses page, open the lead form via ""Check Bus Price"", and submit with name, mobile and city all left empty.

**Expected Result:**
The real, page-shown validation messages for name, mobile and location are displayed, and no lead is submitted.

**Steps:**
1. Open the Mahindra Buses page
2. Click ""Check Bus Price"" to open its lead form
3. Leave name, mobile and city empty and submit
4. Verify all three required-field validation messages are shown","1784","TC-BUS-02: lead form shows required validation when submitted empty on Mahindra Buses","Buses - BusListing [mahindraBuses] [en] — Mahindra Buses","2026-08-27","passed","2026-08-27","","","",""
"**Test Case ID:** TC-NLP-09
**Title:** SecondaryNavbar jump links on Upcoming Trucks
**Language:** en

**Description:**
Confirm the sticky SecondaryNavbar on Upcoming Trucks shows every expected in-page jump link, then use FAQs to jump to Frequently Asked Questions.

**Expected Result:**
SecondaryNavbar items are visible and FAQs jumps to the FAQ heading.

**Steps:**
1. Open the Upcoming Trucks listing page
2. Verify SecondaryNavbar items
3. Click FAQs
4. Verify the FAQ heading is shown","1213","TC-NLP-09: SecondaryNavbar jump links on Upcoming Trucks","ListingPages - NewListingPages [upcomingTrucks] [en] — Upcoming Trucks","2026-08-27","passed","2026-08-27","","","",""
"","9519","TC-CL-00: page links resolve 200/30x; broken links are logged, not failed","CategoryPages - CategoryListing [autoRickshaw] [en] — Auto Rickshaw","2026-08-27","passed","2026-08-27","","","",""
"","4083","TC-SRT-04: searches by body type and lands on a body-type result URL","Homepage - SearchRightTruck [ta]","2026-08-27","passed","2026-08-27","","","",""
"**Test Case ID:** TC-CL-02
**Title:** Check Truck Price lead form shows required validation when submitted empty on LCV
**Language:** en

**Description:**
Open the LCV page, open Check Truck Price, and submit with name, mobile and city all left empty.

**Expected Result:**
The real, page-shown validation messages for name, mobile and location are displayed, and no lead is submitted.

**Steps:**
1. Open the LCV page
2. Click a truck card's ""Check Truck Price"" button to open its lead form
3. Leave name, mobile and city empty and submit
4. Verify all three required-field validation messages are shown","3338","TC-CL-02: Check Truck Price lead form shows required validation when submitted empty on LCV","CategoryPages - CategoryListing [lcv] [en] — LCV","2026-08-27","passed","2026-08-27","","","",""
"","2180","TC-TIY-08: Latest and Upcoming are not active while Popular is selected","Homepage - TruckInIndia [en]","2026-08-27","passed","2026-08-27","","","",""
"**Test Case ID:** TC-LTU-01
**Title:** Latest Truck Updates section is visible with videos
**Language:** ta

**Description:**
Open the homepage and locate Latest Truck Updates. Confirm the section heading and at least one video title are shown.

**Expected Result:**
Latest Truck Updates is visible with the correct localized heading and one or more video titles.

**Steps:**
1. Open the homepage for the selected language
2. Scroll to Latest Truck Updates
3. Verify heading and video titles are visible","1894","TC-LTU-01: Latest Truck Updates section is visible with videos","Homepage - LatestTruckUpdates [ta]","2026-08-27","passed","2026-08-27","","","",""
"**Test Case ID:** TC-BUSPDP-03
**Title:** Check Offers lead form rejects mobile that is not 10 digits on Tata Starbus Staff Contract
**Language:** en

**Description:**
Open Tata Starbus Staff Contract, click Check Offers, fill a valid name, an invalid 5-digit mobile number, leave city empty, then submit.

**Expected Result:**
The bus enquiry popup rejects the invalid mobile number in real time (the field reverts to empty), and submitting shows the mobile-required and location-required validation messages, with no lead submitted.

**Steps:**
1. Open Tata Starbus Staff Contract
2. Click Check Offers
3. Fill a valid name and an invalid mobile number
4. Submit with city empty
5. Verify mobile-format and location messages","2389","TC-BUSPDP-03: Check Offers lead form rejects mobile that is not 10 digits on Tata Starbus Staff Contract","Buses - BusPdp [starbusStaffContract] [en] — Tata Starbus Staff Contract","2026-08-27","passed","2026-08-27","","","",""
"**Test Case ID:** TC-TSR-01
**Title:** Check Truck Price lead submits successfully on Ashok Leyland Boss
**Language:** en

**Description:**
Open the Ashok Leyland Boss page, click a truck card's ""Check Truck Price"" button to open its lead form, fill name, mobile and city, and submit.

**Expected Result:**
A Thank You confirmation is shown after a successful lead submission.

**Steps:**
1. Open the Ashok Leyland Boss page
2. Click a truck card's ""Check Truck Price"" button to open its lead form
3. Fill name, mobile and city
4. Submit and verify Thank You confirmation","7481","TC-TSR-01: Check Truck Price lead submits successfully on Ashok Leyland Boss","CategoryPages - CategoryListingTruckSeries [ashokLeylandBoss] [en] — Ashok Leyland Boss","2026-08-27","passed","2026-08-27","","","",""
"**Test Case ID:** TC-TSR-03
**Title:** Check Truck Price lead form rejects mobile that is not 10 digits on Tata Ace
**Language:** en

**Description:**
Open the Tata Ace page, open Check Truck Price, fill a valid name, an invalid (5-digit) mobile number, and leave city empty, then submit.

**Expected Result:**
The real, page-shown mobile-format and location-required validation messages are displayed, and no lead is submitted.

**Steps:**
1. Open the Tata Ace page
2. Click a truck card's ""Check Truck Price"" button to open its lead form
3. Fill a valid name and an invalid mobile number
4. Submit with city left empty
5. Verify the mobile-format and location validation messages are shown","4688","TC-TSR-03: Check Truck Price lead form rejects mobile that is not 10 digits on Tata Ace","CategoryPages - CategoryListingTruckSeries [tataAce] [en] — Tata Ace","2026-08-27","passed","2026-08-27","","","",""
"**Test Case ID:** TC-TBR-04
**Title:** listing heading, filters and cards on Ashok Leyland Trucks
**Language:** en

**Description:**
Open Ashok Leyland Trucks and confirm the page heading and at least one listing card CTA. Filter By is checked when that row is present.

**Expected Result:**
Page heading is visible and at least one listing card button is shown.

**Steps:**
1. Open the Ashok Leyland Trucks page
2. Verify the page heading
3. Verify listing cards (and Filter By when present)","2011","TC-TBR-04: listing heading, filters and cards on Ashok Leyland Trucks","CategoryPages - CategoryListingBrands [ashokLeylandBrand] [en] — Ashok Leyland Trucks","2026-08-27","passed","2026-08-27","","","",""
"","1399","TC-NLP-01: Check Offers lead submits successfully on Popular Truck","ListingPages - NewListingPages [popularTrucks] [en] — Popular Truck","2026-08-27","skipped","2026-08-27","","","",""
"**Test Case ID:** TC-PDPI-01
**Title:** Check Offers lead submits successfully on Tata Yodha 2.0 Videos
**Language:** en

**Description:**
Open Tata Yodha 2.0 Videos, click “Check Offers”, fill name, mobile and city, and submit.

**Expected Result:**
A Thank You confirmation is shown after a successful lead submission. The submitted name is testqa.

**Steps:**
1. Open Tata Yodha 2.0 Videos
2. Click Check Offers
3. Fill name, mobile and city
4. Submit and verify Thank You","4320","TC-PDPI-01: Check Offers lead submits successfully on Tata Yodha 2.0 Videos","PDP - NewTruckInternalPages [yodhaVideos] [en] — Tata Yodha 2.0 Videos","2026-08-27","passed","2026-08-27","","","",""
"**Test Case ID:** TC-CL-02
**Title:** Check Truck Price lead form shows required validation when submitted empty on Tempo Traveller
**Language:** en

**Description:**
Open the Tempo Traveller page, open Check Truck Price, and submit with name, mobile and city all left empty.

**Expected Result:**
The real, page-shown validation messages for name, mobile and location are displayed, and no lead is submitted.

**Steps:**
1. Open the Tempo Traveller page
2. Click a truck card's ""Check Truck Price"" button to open its lead form
3. Leave name, mobile and city empty and submit
4. Verify all three required-field validation messages are shown","2138","TC-CL-02: Check Truck Price lead form shows required validation when submitted empty on Tempo Traveller","CategoryPages - CategoryListing [tempoTraveller] [en] — Tempo Traveller","2026-08-27","passed","2026-08-27","","","",""
"","15030","TC-LMC-00: page links resolve 200/30x; broken links are logged, not failed","Homepage - LatestModelsByCategory [en]","2026-08-27","passed","2026-08-27","","","",""
"**Test Case ID:** TC-CL-01
**Title:** Check Truck Price lead submits successfully on 14 Wheeler
**Language:** en

**Description:**
Open the 14 Wheeler page, click a truck card's ""Check Truck Price"" button to open its lead form, fill name, mobile and city, and submit.

**Expected Result:**
A Thank You confirmation is shown after a successful lead submission.

**Steps:**
1. Open the 14 Wheeler page
2. Click a truck card's ""Check Truck Price"" button to open its lead form
3. Fill name, mobile and city
4. Submit and verify Thank You confirmation","8550","TC-CL-01: Check Truck Price lead submits successfully on 14 Wheeler","CategoryPages - CategoryListing [fourteenWheeler] [en] — 14 Wheeler","2026-08-27","passed","2026-08-27","","","",""
"**Test Case ID:** TC-DIR-01
**Title:** Page heading is visible on Popular Truck Series
**Language:** en

**Description:**
Open the Popular Truck Series directory page and verify its main heading is shown.

**Expected Result:**
The user sees the ""Popular Truck Series"" heading at the top of the page.

**Steps:**
1. Open the Popular Truck Series page
2. Verify the main page heading is visible","963","TC-DIR-01: page heading is visible on Popular Truck Series","UtilityPages - DirectoryPage [truckSeries] [en] — Popular Truck Series","2026-08-27","passed","2026-08-27","","","",""
"**Test Case ID:** TC-SUT-01
**Title:** Sell truck wizard requests OTP successfully on Sell Used Trucks
**Language:** en

**Description:**
Walk the full 4-step Sell Used Trucks wizard: pick a brand, fill model/year/kilometers driven/expected price, upload two images, and submit seller contact info (name/mobile/state/district). This wizard is OTP-gated at the final step — there is no configured test OTP in this repo, so completion is verified up to the OTP screen, not full listing creation.

**Expected Result:**
Each step advances successfully with the given inputs, and a ""Verify and sell your Truck"" OTP verification screen (with an Enter OTP field) appears after submitting contact info. The submitted name is tagged with a page identifier for CRM traceability.

**Steps:**
1. Open the Sell Used Trucks page
2. Step 1: pick a truck brand
3. Step 2: fill model, year, kilometers driven and expected price
4. Step 3: upload two placeholder images
5. Step 4: fill name, mobile, state and district
6. Verify the OTP screen appears","10550","TC-SUT-01: Sell truck wizard requests OTP successfully on Sell Used Trucks","UsedTruck - SellUsedTrucks [en] — Sell Used Trucks","2026-08-27","passed","2026-08-27","","","",""
"**Test Case ID:** TC-BUS-01
**Title:** Lead submits successfully on Ashok Leyland Buses
**Language:** en

**Description:**
Open the Ashok Leyland Buses page, click ""Check Bus Price"" to open its lead form, fill name, mobile and city, and submit.

**Expected Result:**
A Thank You confirmation is shown after a successful lead submission.

**Steps:**
1. Open the Ashok Leyland Buses page
2. Click ""Check Bus Price"" to open its lead form
3. Fill name, mobile and city
4. Submit and verify Thank You confirmation","4222","TC-BUS-01: lead submits successfully on Ashok Leyland Buses","Buses - BusListing [ashokLeylandBuses] [en] — Ashok Leyland Buses","2026-08-27","passed","2026-08-27","","","",""
"**Test Case ID:** TC-NTPDP-07
**Title:** Key Specs block for Tata Yodha 2.0
**Language:** en

**Description:**
Scroll to Key Specs and verify expected spec labels for Tata Yodha 2.0.

**Expected Result:**
Key Specs heading and each expected label (GVW, Payload, …) are visible.

**Steps:**
1. Open PDP
2. Scroll to Key Specs
3. Verify heading and spec labels","822","TC-NTPDP-07: Key Specs block for Tata Yodha 2.0","PDP - NewTruckPdp [mostPopular] [en] — Tata Yodha 2.0","2026-08-27","passed","2026-08-27","","Page blocks (same session)","",""
"**Test Case ID:** TC-LR-04
**Title:** Email / Mobile no accepts a 10-digit mobile
**Language:** en

**Description:**
On LOGIN, type a 10-digit mobile into Email / Mobile no. Completing login is OTP-gated and is not driven here (no test OTP is configured; a live Login click with an unregistered mobile did not show GET OTP or fire a login API).

**Expected Result:**
The field keeps the 10-digit mobile the user typed.

**Steps:**
1. Open /login
2. Enter a 10-digit mobile number
3. Verify Email / Mobile no still shows that number","2946","TC-LR-04: Email / Mobile no accepts a 10-digit mobile","Login - LoginRegister [en]","2026-08-27","passed","2026-08-27","","","",""
"**Test Case ID:** TC-CL-03
**Title:** Check Truck Price lead form rejects mobile that is not 10 digits on Mini Trucks
**Language:** en

**Description:**
Open the Mini Trucks page, open Check Truck Price, fill a valid name, an invalid (5-digit) mobile number, and leave city empty, then submit.

**Expected Result:**
The real, page-shown mobile-format and location-required validation messages are displayed, and no lead is submitted.

**Steps:**
1. Open the Mini Trucks page
2. Click a truck card's ""Check Truck Price"" button to open its lead form
3. Fill a valid name and an invalid mobile number
4. Submit with city left empty
5. Verify the mobile-format and location validation messages are shown","4037","TC-CL-03: Check Truck Price lead form rejects mobile that is not 10 digits on Mini Trucks","CategoryPages - CategoryListing [miniTrucks] [en] — Mini Trucks","2026-08-27","passed","2026-08-27","","","",""
"","14896","TC-ECV-00: page links resolve 200/30x; broken links are logged, not failed","Homepage - ElectricCommercialVehicles [ta]","2026-08-27","passed","2026-08-27","","","",""
"**Test Case ID:** TC-LMC-09
**Title:** Switching tabs updates View All destination URL
**Language:** ta

**Description:**
Switch through each category tab and confirm View All points to the correct listing URL for that tab.

**Expected Result:**
For every tab, View All href matches the expected category listing path from test data.

**Steps:**
1. Open Latest Models by Category
2. Open each category tab
3. Verify View All href for that tab","2318","TC-LMC-09: switching tabs updates View All destination URL","Homepage - LatestModelsByCategory [ta]","2026-08-27","passed","2026-08-27","","","",""
"**Test Case ID:** TC-NTPDP-22
**Title:** Electric Vehicle Videos for Eka 3W Cargo
**Language:** en

**Description:**
Verify Electric Vehicle Videos when present on Eka 3W Cargo.

**Expected Result:**
Electric Vehicle Videos heading is visible, or skipped.

**Steps:**
1. Open PDP
2. Locate EV Videos if present","123","TC-NTPDP-22: Electric Vehicle Videos for Eka 3W Cargo","PDP - NewTruckPdp [leastPopular] [en] — Eka 3W Cargo","2026-08-27","passed","2026-08-27","","Page blocks (same session)","",""
"**Test Case ID:** TC-PSH-03
**Title:** View All Used Trucks opens buy-used-trucks listing
**Language:** en

**Description:**
Click View All Used Trucks in Popular Second Hand Truck and confirm the used trucks listing opens.

**Expected Result:**
The URL is the buy-used-trucks listing for the language (for example /en/buy-used-trucks).

**Steps:**
1. Open Popular Second Hand Truck
2. Click View All Used Trucks
3. Verify the buy-used-trucks listing URL","3298","TC-PSH-03: View All Used Trucks opens buy-used-trucks listing","Homepage - PopularSecondHandTruck [en]","2026-08-27","passed","2026-08-27","","","",""
"**Test Case ID:** TC-NLP-11
**Title:** FAQ question expands on Find New Trucks
**Language:** en

**Description:**
Open a Frequently Asked Question on Find New Trucks and confirm the answer is shown.

**Expected Result:**
The selected question’s answer is visible.

**Steps:**
1. Open the Find New Trucks listing page
2. Scroll to Frequently Asked Questions
3. Open a question
4. Verify the answer is shown","792","TC-NLP-11: FAQ question expands on Find New Trucks","ListingPages - NewListingPages [newTrucks] [en] — Find New Trucks","2026-08-27","passed","2026-08-27","","","",""
"**Test Case ID:** TC-BUT-05
**Title:** listing filters are visible on Buy Used Trucks
**Language:** en

**Description:**
Confirm Reset All and Apply Filters are shown on Buy Used Trucks.

**Expected Result:**
Reset All and Apply Filters are visible.

**Steps:**
1. Open the Buy Used Trucks page
2. Verify Reset All and Apply Filters","2048","TC-BUT-05: listing filters are visible on Buy Used Trucks","UsedTruck - BuyUsedTrucks [en] — Buy Used Trucks","2026-08-27","passed","2026-08-27","","","",""
"**Test Case ID:** TC-CL-05
**Title:** listing heading, filters and cards on Mini Trucks
**Language:** en

**Description:**
Open Mini Trucks and confirm the page heading and at least one listing card CTA. Filter By is checked when that row is present.

**Expected Result:**
Page heading is visible and at least one listing card button is shown.

**Steps:**
1. Open the Mini Trucks page
2. Verify the page heading
3. Verify listing cards (and Filter By when present)","1503","TC-CL-05: listing heading, filters and cards on Mini Trucks","CategoryPages - CategoryListing [miniTrucks] [en] — Mini Trucks","2026-08-27","passed","2026-08-27","","","",""
"**Test Case ID:** TC-NLP-10
**Title:** truck listing, filters and cards on BS6 Trucks
**Language:** en

**Description:**
Confirm the truck listing block on BS6 Trucks shows a count heading, the Filter By row, and at least one truck card CTA.

**Expected Result:**
Listing heading with a count, Filter By / Reset All / Apply Filter, and at least one card button are visible.

**Steps:**
1. Open the BS6 Trucks listing page
2. Verify the listing heading
3. Verify Filter By controls
4. Verify at least one “Check Truck Price” card button","770","TC-NLP-10: truck listing, filters and cards on BS6 Trucks","ListingPages - NewListingPages [bs6Trucks] [en] — BS6 Trucks","2026-08-27","passed","2026-08-27","","","",""
"","12704","TC-CL-00: page links resolve 200/30x; broken links are logged, not failed","CategoryPages - CategoryListing [fourWheeler] [en] — 4 Wheeler","2026-08-27","passed","2026-08-27","","","",""
"**Test Case ID:** TC-NTPDP-25
**Title:** Book Free Test Drive CTA for Tata Yodha 2.0
**Language:** en

**Description:**
Confirm Book Free Test Drive is shown on Tata Yodha 2.0.

**Expected Result:**
Book Free Test Drive control is visible.

**Steps:**
1. Open PDP
2. Locate Book Free Test Drive
3. Verify visible","338","TC-NTPDP-25: Book Free Test Drive CTA for Tata Yodha 2.0","PDP - NewTruckPdp [mostPopular] [en] — Tata Yodha 2.0","2026-08-27","passed","2026-08-27","","Page blocks (same session)","",""
"**Test Case ID:** TC-TSR-04
**Title:** listing heading, filters and cards on Ashok Leyland Boss
**Language:** en

**Description:**
Open Ashok Leyland Boss and confirm the page heading and at least one listing card CTA. Filter By is checked when that row is present.

**Expected Result:**
Page heading is visible and at least one listing card button is shown.

**Steps:**
1. Open the Ashok Leyland Boss page
2. Verify the page heading
3. Verify listing cards (and Filter By when present)","1751","TC-TSR-04: listing heading, filters and cards on Ashok Leyland Boss","CategoryPages - CategoryListingTruckSeries [ashokLeylandBoss] [en] — Ashok Leyland Boss","2026-08-27","passed","2026-08-27","","","",""
"**Test Case ID:** TC-CDT-01
**Title:** Page heading is visible on About Us
**Language:** en

**Description:**
Open the About Us page and verify its main heading is shown.

**Expected Result:**
The user sees the ""About Truck Junction - India’s fastest growing online platform for Trucks"" heading at the top of the page.

**Steps:**
1. Open the About Us page
2. Verify the main page heading is visible","924","TC-CDT-01: page heading is visible on About Us","UtilityPages - ContentDetailPage [aboutUs] [en] — About Us","2026-08-27","passed","2026-08-27","","","",""
"","6094","TC-CL-00: page links resolve 200/30x; broken links are logged, not failed","CategoryPages - CategoryListing [eightWheeler] [en] — 8 Wheeler","2026-08-27","passed","2026-08-27","","","",""
"**Test Case ID:** TC-CL-01
**Title:** Check Truck Price lead submits successfully on ICV
**Language:** en

**Description:**
Open the ICV page, click a truck card's ""Check Truck Price"" button to open its lead form, fill name, mobile and city, and submit.

**Expected Result:**
A Thank You confirmation is shown after a successful lead submission.

**Steps:**
1. Open the ICV page
2. Click a truck card's ""Check Truck Price"" button to open its lead form
3. Fill name, mobile and city
4. Submit and verify Thank You confirmation","4435","TC-CL-01: Check Truck Price lead submits successfully on ICV","CategoryPages - CategoryListing [icv] [en] — ICV","2026-08-27","passed","2026-08-27","","","",""
"**Test Case ID:** TC-PL-02
**Title:** Check Truck Price lead form shows required validation when submitted empty on 40 ton - 300 ton Trucks
**Language:** en

**Description:**
Open the 40 ton - 300 ton Trucks page, open Check Truck Price, and submit with name, mobile and city all left empty.

**Expected Result:**
The real, page-shown validation messages for name, mobile and location are displayed, and no lead is submitted.

**Steps:**
1. Open the 40 ton - 300 ton Trucks page
2. Click a truck card's ""Check Truck Price"" button to open its lead form
3. Leave name, mobile and city empty and submit
4. Verify all three required-field validation messages are shown","4082","TC-PL-02: Check Truck Price lead form shows required validation when submitted empty on 40 ton - 300 ton Trucks","CategoryPages - PayloadListing [ton40to300] [en] — 40 ton - 300 ton Trucks","2026-08-27","passed","2026-08-27","","","",""
"**Test Case ID:** TC-CL-03
**Title:** Check Truck Price lead form rejects mobile that is not 10 digits on HCV
**Language:** en

**Description:**
Open the HCV page, open Check Truck Price, fill a valid name, an invalid (5-digit) mobile number, and leave city empty, then submit.

**Expected Result:**
The real, page-shown mobile-format and location-required validation messages are displayed, and no lead is submitted.

**Steps:**
1. Open the HCV page
2. Click a truck card's ""Check Truck Price"" button to open its lead form
3. Fill a valid name and an invalid mobile number
4. Submit with city left empty
5. Verify the mobile-format and location validation messages are shown","2460","TC-CL-03: Check Truck Price lead form rejects mobile that is not 10 digits on HCV","CategoryPages - CategoryListing [hcv] [en] — HCV","2026-08-27","passed","2026-08-27","","","",""
"","9164","TC-CL-00: page links resolve 200/30x; broken links are logged, not failed","CategoryPages - CategoryListing [trailers] [en] — Trailers","2026-08-27","passed","2026-08-27","","","",""
"**Test Case ID:** TC-NLP-08
**Title:** page heading is visible on Latest Trucks
**Language:** en

**Description:**
Open the Latest Trucks listing page and confirm the main page heading the user sees.

**Expected Result:**
The heading “Latest Trucks In India” is visible.

**Steps:**
1. Open the Latest Trucks listing page
2. Verify the page heading","1044","TC-NLP-08: page heading is visible on Latest Trucks","ListingPages - NewListingPages [latestTrucks] [en] — Latest Trucks","2026-08-27","passed","2026-08-27","","","",""
"**Test Case ID:** TC-PSH-04
**Title:** View All Used Trucks link does not reuse a product card's URL
**Language:** en

**Description:**
Confirm the View All Used Trucks link does not accidentally point at the first product card's PDP URL.

**Expected Result:**
View All Used Trucks and the first product card link to different URLs.

**Steps:**
1. Open Popular Second Hand Truck
2. Verify View All's href differs from the first product's href","2137","TC-PSH-04: View All Used Trucks link does not reuse a product card's URL","Homepage - PopularSecondHandTruck [en]","2026-08-27","passed","2026-08-27","","","",""
"**Test Case ID:** TC-CUS-03
**Title:** Submit Request form rejects mobile that is not 10 digits on Contact Us
**Language:** en

**Description:**
Open the Contact Us page, fill a valid name and an invalid (5-digit) mobile number, leave email and message empty, then submit.

**Expected Result:**
The real mobile-format, email-required and message-required validation messages are displayed, and no enquiry is submitted.

**Steps:**
1. Open the Contact Us page
2. Fill a valid name and an invalid mobile number
3. Leave email and message empty
4. Click Submit Request
5. Verify the mobile-format and other validation messages are shown","4317","TC-CUS-03: Submit Request form rejects mobile that is not 10 digits on Contact Us","UtilityPages - ContactUs [en] — Contact Us","2026-08-27","passed","2026-08-27","","","",""
"**Test Case ID:** TC-SEOS-04
**Title:** Heading count on Eka 3W Cargo Price in Mumbai [en] still matches the snapshot
**Language:** en

**Description:**
Confirm Eka 3W Cargo Price in Mumbai (en) still has the same number of SEO headings as the snapshot.

**Expected Result:**
Eka 3W Cargo Price in Mumbai (en) still has 10 SEO headings.

**Steps:**
1. Open Eka 3W Cargo Price in Mumbai (en)
2. Count SEO headings
3. Compare with the snapshot count","689","TC-SEOS-04: heading count on Eka 3W Cargo Price in Mumbai [en] still matches the snapshot","SEO structure - PDP [ekaPriceMumbai] [en] — Eka 3W Cargo Price in Mumbai","2026-08-27","passed","2026-08-27","","","",""
"","6969","TC-TYRL-00: page links resolve 200/30x; broken links are logged, not failed","UtilityPages - TyresListing [continentalTyres] [en] [desktop] — Continental Tyres","2026-08-27","passed","2026-08-27","","","",""
"**Test Case ID:** TC-NLP-02
**Title:** Check Truck Price lead submits successfully on BS6 Trucks
**Language:** en

**Description:**
Open the BS6 Trucks listing page, click Check Truck Price to open its lead form, fill name, mobile and city, and submit.

**Expected Result:**
A Thank You confirmation is shown after a successful lead submission. The submitted name is tagged with a page/CTA identifier for CRM traceability.

**Steps:**
1. Open the BS6 Trucks listing page
2. Click Check Truck Price to open its lead form
3. Fill name, mobile and city
4. Submit and verify the confirmation","3691","TC-NLP-02: Check Truck Price lead submits successfully on BS6 Trucks","ListingPages - NewListingPages [bs6Trucks] [en] — BS6 Trucks","2026-08-27","passed","2026-08-27","","","",""
"**Test Case ID:** TC-VHR-02
**Title:** Contact Seller lead submits successfully on Vehicle Report
**Language:** en

**Description:**
Open the Vehicle Report page, open the shared Check Offers lead form via Contact Seller, fill name, mobile and city, and submit.

**Expected Result:**
A Thank You confirmation is shown after a successful lead submission. The submitted name is tagged with a page/CTA identifier for CRM traceability.

**Steps:**
1. Open the Vehicle Report page
2. Open the Contact Seller lead form
3. Fill name, mobile and city
4. Submit and verify Thank You confirmation","6515","TC-VHR-02: Contact Seller lead submits successfully on Vehicle Report","UsedTruck - VehicleReport [en] — Vehicle Report","2026-08-27","passed","2026-08-27","","","",""
"","46","TC-NTPDP-23: Usage block for Eka 3W Cargo","PDP - NewTruckPdp [leastPopular] [en] — Eka 3W Cargo","2026-08-27","skipped","2026-08-27","","Page blocks (same session)","",""
"","4827","TC-SRT-05: searches by budget and navigates away from the homepage form","Homepage - SearchRightTruck [en]","2026-08-27","passed","2026-08-27","","","",""
"","10431","TC-NLP-00: page links resolve 200/30x; broken links are logged, not failed","ListingPages - NewListingPages [upcomingTrucks] [en] — Upcoming Trucks","2026-08-27","passed","2026-08-27","","","",""
"**Test Case ID:** TC-FRU-01
**Title:** Find Reliable Used Trucks Near You section is visible
**Language:** hi

**Description:**
Open the homepage and locate Find Reliable Used Trucks Near You. Confirm the section and heading are shown.

**Expected Result:**
The section is visible with the correct localized heading and at least one city link.

**Steps:**
1. Open the homepage for the selected language
2. Scroll to Find Reliable Used Trucks Near You
3. Verify the section and heading are visible","2653","TC-FRU-01: Find Reliable Used Trucks Near You section is visible","Homepage - FindReliableUsedTrucksNearYou [hi]","2026-08-27","passed","2026-08-27","","","",""
"","1030","TC-CL-04: Call Now assistance lead submits successfully on 22 Wheeler","CategoryPages - CategoryListing [twentyTwoWheeler] [en] — 22 Wheeler","2026-08-27","skipped","2026-08-27","","","",""
"**Test Case ID:** TC-TYRL-01
**Title:** Load More shows more tyre cards on Latest Truck Tyres
**Language:** en

**Description:**
Click Load More on Latest Truck Tyres and confirm more tyre cards appear.

**Expected Result:**
The number of visible “View August Offer” cards increases after Load More.

**Steps:**
1. Open Latest Truck Tyres
2. Note how many tyre cards are shown
3. Click Load More
4. Verify more cards are shown","1460","TC-TYRL-01: Load More shows more tyre cards on Latest Truck Tyres","UtilityPages - TyresListing [latestTruckTyres] [en] [desktop] — Latest Truck Tyres","2026-08-27","passed","2026-08-27","","","",""
"**Test Case ID:** TC-NLP-03
**Title:** Contact Seller lead submits successfully on Popular Truck
**Language:** en

**Description:**
Open the Popular Truck listing page, click Contact Seller to open its lead form, fill name, mobile and city, and submit.

**Expected Result:**
A “Thank You For Contact” confirmation is shown after a successful Contact Seller submission.

**Steps:**
1. Open the Popular Truck listing page
2. Click Contact Seller to open its lead form
3. Fill name, mobile and city
4. Submit and verify the confirmation","6554","TC-NLP-03: Contact Seller lead submits successfully on Popular Truck","ListingPages - NewListingPages [popularTrucks] [en] — Popular Truck","2026-08-27","passed","2026-08-27","","","",""
"**Test Case ID:** TC-VHR-05
**Title:** Check Offers lead form rejects mobile that is not 10 digits on Vehicle Report
**Language:** en

**Description:**
Open the Vehicle Report page, open Check Offers, fill a valid name, an invalid (5-digit) mobile number, and leave city empty, then submit.

**Expected Result:**
The real, page-shown mobile-format and location-required validation messages are displayed, and no lead is submitted.

**Steps:**
1. Open the Vehicle Report page
2. Open the Check Offers lead form
3. Fill a valid name and an invalid mobile number
4. Submit with city left empty
5. Verify the mobile-format and location validation messages are shown","2433","TC-VHR-05: Check Offers lead form rejects mobile that is not 10 digits on Vehicle Report","UsedTruck - VehicleReport [en] — Vehicle Report","2026-08-27","passed","2026-08-27","","","",""
"**Test Case ID:** TC-TBB-03
**Title:** No visible article card links to a duplicate news article
**Language:** en

**Description:**
Confirm every visible article title in The Buzz Board links to a distinct news article.

**Expected Result:**
No two visible article cards share the same href.

**Steps:**
1. Open The Buzz Board
2. Verify all visible article links are unique","1268","TC-TBB-03: no visible article card links to a duplicate news article","Homepage - TheBuzzBoard [en]","2026-08-27","passed","2026-08-27","","","",""
"**Test Case ID:** TC-LTU-01
**Title:** Latest Truck Updates section is visible with videos
**Language:** en

**Description:**
Open the homepage and locate Latest Truck Updates. Confirm the section heading and at least one video title are shown.

**Expected Result:**
Latest Truck Updates is visible with the correct localized heading and one or more video titles.

**Steps:**
1. Open the homepage for the selected language
2. Scroll to Latest Truck Updates
3. Verify heading and video titles are visible","2857","TC-LTU-01: Latest Truck Updates section is visible with videos","Homepage - LatestTruckUpdates [en]","2026-08-27","passed","2026-08-27","","","",""
"**Test Case ID:** TC-BUS-03
**Title:** Lead form rejects mobile that is not 10 digits on Ashok Leyland Buses
**Language:** en

**Description:**
Open the Ashok Leyland Buses page, open the lead form via ""Check Bus Price"", fill a valid name, an invalid (5-digit) mobile number, and leave city empty, then submit.

**Expected Result:**
The bus enquiry popup rejects the invalid mobile number in real time (the field reverts to empty), and submitting shows the mobile-required and location-required validation messages, with no lead submitted.

**Steps:**
1. Open the Ashok Leyland Buses page
2. Click ""Check Bus Price"" to open its lead form
3. Fill a valid name and an invalid mobile number
4. Submit with city left empty
5. Verify the mobile-required and location validation messages are shown","2691","TC-BUS-03: lead form rejects mobile that is not 10 digits on Ashok Leyland Buses","Buses - BusListing [ashokLeylandBuses] [en] — Ashok Leyland Buses","2026-08-27","passed","2026-08-27","","","",""
"**Test Case ID:** TC-LMC-04
**Title:** One Check Offers lead from ஆட்டோ ரிக்ஷா tab submits successfully
**Language:** ta

**Description:**
Open the ஆட்டோ ரிக்ஷா tab in Latest Models by Category, click Check Offers once, fill name/mobile/city, enter a 5-digit price/budget only if asked, and submit.

**Expected Result:**
A Thank You confirmation is shown after a successful lead submission from that tab.

**Steps:**
1. Open Latest Models by Category
2. Open the ஆட்டோ ரிக்ஷா tab
3. Click Check Offers on one visible card
4. Fill name, mobile and city (and 5-digit price/budget if shown)
5. Submit and verify Thank You confirmation","6009","TC-LMC-04: one Check Offers lead from ஆட்டோ ரிக்ஷா tab submits successfully","Homepage - LatestModelsByCategory [ta]","2026-08-27","passed","2026-08-27","","","",""
"**Test Case ID:** TC-NTPDP-06
**Title:** Hero heading and primary CTAs for Eka 3W Cargo
**Language:** en

**Description:**
Confirm the product H1 and primary CTAs (Get On Road Price, Check Offers) on Eka 3W Cargo.

**Expected Result:**
H1 matches the product name; Get On Road Price and Check Offers are visible.

**Steps:**
1. Open PDP and close launch lead
2. Verify H1
3. Verify Get On Road Price and Check Offers","284","TC-NTPDP-06: Hero heading and primary CTAs for Eka 3W Cargo","PDP - NewTruckPdp [leastPopular] [en] — Eka 3W Cargo","2026-08-27","passed","2026-08-27","","Page blocks (same session)","",""
"","1494","TC-CL-04: Call Now assistance lead submits successfully on 12 Wheeler","CategoryPages - CategoryListing [twelveWheeler] [en] — 12 Wheeler","2026-08-27","skipped","2026-08-27","","","",""
"**Test Case ID:** TC-PDPI-03
**Title:** Get On Road Price lead form rejects mobile that is not 10 digits on Tata Yodha 2.0 Price in Gurgaon
**Language:** en

**Description:**
Open Tata Yodha 2.0 Price in Gurgaon, click “Get On Road Price”, fill a valid name, an invalid 5-digit mobile number, leave city empty, then submit.

**Expected Result:**
The mobile-format and location-required validation messages are shown, and no lead is submitted.

**Steps:**
1. Open Tata Yodha 2.0 Price in Gurgaon
2. Click Get On Road Price
3. Fill a valid name and an invalid mobile number
4. Submit with city empty
5. Verify mobile-format and location messages","2726","TC-PDPI-03: Get On Road Price lead form rejects mobile that is not 10 digits on Tata Yodha 2.0 Price in Gurgaon","PDP - NewTruckInternalPages [yodhaPriceGurgaon] [en] — Tata Yodha 2.0 Price in Gurgaon","2026-08-27","passed","2026-08-27","","","",""
"","5966","TC-PDPI-00: page links resolve 200/30x; broken links are logged, not failed","PDP - NewTruckInternalPages [yodhaMileage] [en] — Tata Yodha 2.0 Mileage","2026-08-27","passed","2026-08-27","","","",""
"","10462","TC-PTC-00: page links resolve 200/30x; broken links are logged, not failed","Homepage - PopularTruckComparison [en]","2026-08-27","passed","2026-08-27","","","",""
"**Test Case ID:** TC-BUS-01
**Title:** Lead submits successfully on Mahindra Buses
**Language:** en

**Description:**
Open the Mahindra Buses page, click ""Check Bus Price"" to open its lead form, fill name, mobile and city, and submit.

**Expected Result:**
A Thank You confirmation is shown after a successful lead submission.

**Steps:**
1. Open the Mahindra Buses page
2. Click ""Check Bus Price"" to open its lead form
3. Fill name, mobile and city
4. Submit and verify Thank You confirmation","4331","TC-BUS-01: lead submits successfully on Mahindra Buses","Buses - BusListing [mahindraBuses] [en] — Mahindra Buses","2026-08-27","passed","2026-08-27","","","",""
"**Test Case ID:** TC-NLP-02
**Title:** Check Truck Price lead submits successfully on Latest Trucks
**Language:** en

**Description:**
Open the Latest Trucks listing page, click Check Truck Price to open its lead form, fill name, mobile and city, and submit.

**Expected Result:**
A Thank You confirmation is shown after a successful lead submission. The submitted name is tagged with a page/CTA identifier for CRM traceability.

**Steps:**
1. Open the Latest Trucks listing page
2. Click Check Truck Price to open its lead form
3. Fill name, mobile and city
4. Submit and verify the confirmation","5074","TC-NLP-02: Check Truck Price lead submits successfully on Latest Trucks","ListingPages - NewListingPages [latestTrucks] [en] — Latest Trucks","2026-08-27","passed","2026-08-27","","","",""
"","6123","TC-CL-00: page links resolve 200/30x; broken links are logged, not failed","CategoryPages - CategoryListing [hydrogen] [en] — Hydrogen Trucks","2026-08-27","passed","2026-08-27","","","",""
"**Test Case ID:** TC-CL-03
**Title:** Check Truck Price lead form rejects mobile that is not 10 digits on LCV
**Language:** en

**Description:**
Open the LCV page, open Check Truck Price, fill a valid name, an invalid (5-digit) mobile number, and leave city empty, then submit.

**Expected Result:**
The real, page-shown mobile-format and location-required validation messages are displayed, and no lead is submitted.

**Steps:**
1. Open the LCV page
2. Click a truck card's ""Check Truck Price"" button to open its lead form
3. Fill a valid name and an invalid mobile number
4. Submit with city left empty
5. Verify the mobile-format and location validation messages are shown","2629","TC-CL-03: Check Truck Price lead form rejects mobile that is not 10 digits on LCV","CategoryPages - CategoryListing [lcv] [en] — LCV","2026-08-27","passed","2026-08-27","","","",""
"**Test Case ID:** TC-NLP-07
**Title:** Check Offers lead form rejects mobile that is not 10 digits on Upcoming Trucks
**Language:** en

**Description:**
Open the Upcoming Trucks listing page, open Check Offers, fill a valid name, an invalid (5-digit) mobile number, and leave city empty, then submit.

**Expected Result:**
The real, page-shown mobile-format and location-required validation messages are displayed, and no lead is submitted.

**Steps:**
1. Open the Upcoming Trucks listing page
2. Click Check Offers to open its lead form
3. Fill a valid name and an invalid mobile number
4. Submit with city left empty
5. Verify the mobile-format and location validation messages are shown","2469","TC-NLP-07: Check Offers lead form rejects mobile that is not 10 digits on Upcoming Trucks","ListingPages - NewListingPages [upcomingTrucks] [en] — Upcoming Trucks","2026-08-27","passed","2026-08-27","","","",""
"**Test Case ID:** TC-FRU-05
**Title:** Last city link navigates to used trucks in that city
**Language:** hi

**Description:**
Click the last (not first) city in Find Reliable Used Trucks Near You and confirm the used-trucks-in-city listing opens.

**Expected Result:**
The browser URL matches that city’s used-truck-in listing for the selected language.

**Steps:**
1. Open Find Reliable Used Trucks Near You
2. Click the last city link
3. Verify the city used-trucks listing URL","3238","TC-FRU-05: last city link navigates to used trucks in that city","Homepage - FindReliableUsedTrucksNearYou [hi]","2026-08-27","passed","2026-08-27","","","",""
"**Test Case ID:** TC-FRU-05
**Title:** Last city link navigates to used trucks in that city
**Language:** ta

**Description:**
Click the last (not first) city in Find Reliable Used Trucks Near You and confirm the used-trucks-in-city listing opens.

**Expected Result:**
The browser URL matches that city’s used-truck-in listing for the selected language.

**Steps:**
1. Open Find Reliable Used Trucks Near You
2. Click the last city link
3. Verify the city used-trucks listing URL","2966","TC-FRU-05: last city link navigates to used trucks in that city","Homepage - FindReliableUsedTrucksNearYou [ta]","2026-08-27","passed","2026-08-27","","","",""
"**Test Case ID:** TC-CL-01
**Title:** Check Truck Price lead submits successfully on LNG Trucks
**Language:** en

**Description:**
Open the LNG Trucks page, click a truck card's ""Check Truck Price"" button to open its lead form, fill name, mobile and city, and submit.

**Expected Result:**
A Thank You confirmation is shown after a successful lead submission.

**Steps:**
1. Open the LNG Trucks page
2. Click a truck card's ""Check Truck Price"" button to open its lead form
3. Fill name, mobile and city
4. Submit and verify Thank You confirmation","4151","TC-CL-01: Check Truck Price lead submits successfully on LNG Trucks","CategoryPages - CategoryListing [lng] [en] — LNG Trucks","2026-08-27","passed","2026-08-27","","","",""
"**Test Case ID:** TC-LTU-04
**Title:** Last video title navigates to videos page
**Language:** en

**Description:**
Click the last (not first) visible video title in Latest Truck Updates and confirm the videos page opens.

**Expected Result:**
The browser URL matches that video’s path for the selected language.

**Steps:**
1. Open Latest Truck Updates
2. Click the last visible video title
3. Verify the URL is the matching videos page","3097","TC-LTU-04: last video title navigates to videos page","Homepage - LatestTruckUpdates [en]","2026-08-27","passed","2026-08-27","","","",""
"**Test Case ID:** TC-PTB-02
**Title:** All popular brand cards show name, logo, title and brand URL
**Language:** hi

**Description:**
In the Popular Truck Brands section, verify every brand card shown on this device displays the brand name, logo image, accessible title, and link to that brand’s page. Desktop shows 12 brands; mobile shows the first 6 of that same list (the extra cards are not in the page at all on mobile).

**Expected Result:**
Each brand the current device actually displays appears once with the correct visible name, logo, title attribute, and href pointing to the brand page for that language. The number of cards matches this device (12 on desktop, 6 on mobile).

**Steps:**
1. Open the Popular Truck Brands section
2. For each brand shown on this device, verify name, logo, title and URL
3. Confirm the total number of brand cards matches this device, not the other device’s count","2972","TC-PTB-02: all popular brand cards show name, logo, title and brand URL","Homepage - PopularTruckBrands [hi]","2026-08-27","passed","2026-08-27","","","",""
"","7482","TC-CL-00: page links resolve 200/30x; broken links are logged, not failed","CategoryPages - CategoryListing [eighteenWheeler] [en] — 18 Wheeler","2026-08-27","passed","2026-08-27","","","",""
"**Test Case ID:** TC-BUS-01
**Title:** Lead submits successfully on Upcoming Buses
**Language:** en

**Description:**
Open the Upcoming Buses page, click ""Notify Me"" to open its lead form, fill name, mobile and city, and submit.

**Expected Result:**
A Thank You confirmation is shown after a successful lead submission.

**Steps:**
1. Open the Upcoming Buses page
2. Click ""Notify Me"" to open its lead form
3. Fill name, mobile and city
4. Submit and verify Thank You confirmation","4602","TC-BUS-01: lead submits successfully on Upcoming Buses","Buses - BusListing [upcomingBuses] [en] — Upcoming Buses","2026-08-27","passed","2026-08-27","","","",""
"","16376","TC-ECV-00: page links resolve 200/30x; broken links are logged, not failed","Homepage - ElectricCommercialVehicles [en]","2026-08-27","passed","2026-08-27","","","",""
"**Test Case ID:** TC-FRU-05
**Title:** Last city link navigates to used trucks in that city
**Language:** en

**Description:**
Click the last (not first) city in Find Reliable Used Trucks Near You and confirm the used-trucks-in-city listing opens.

**Expected Result:**
The browser URL matches that city’s used-truck-in listing for the selected language.

**Steps:**
1. Open Find Reliable Used Trucks Near You
2. Click the last city link
3. Verify the city used-trucks listing URL","4076","TC-FRU-05: last city link navigates to used trucks in that city","Homepage - FindReliableUsedTrucksNearYou [en]","2026-08-27","passed","2026-08-27","","","",""
"**Test Case ID:** TC-CL-01
**Title:** Check Truck Price lead submits successfully on Diesel Trucks
**Language:** en

**Description:**
Open the Diesel Trucks page, click a truck card's ""Check Truck Price"" button to open its lead form, fill name, mobile and city, and submit.

**Expected Result:**
A Thank You confirmation is shown after a successful lead submission.

**Steps:**
1. Open the Diesel Trucks page
2. Click a truck card's ""Check Truck Price"" button to open its lead form
3. Fill name, mobile and city
4. Submit and verify Thank You confirmation","7658","TC-CL-01: Check Truck Price lead submits successfully on Diesel Trucks","CategoryPages - CategoryListing [diesel] [en] — Diesel Trucks","2026-08-27","passed","2026-08-27","","","",""
"**Test Case ID:** TC-LMC-08
**Title:** View All on default tab opens matching category listing
**Language:** ta

**Description:**
On the default 3 Wheelers tab, click View All and confirm the user lands on the matching category listing page.

**Expected Result:**
The URL matches the View All path for 3 Wheelers (for example /en/3-wheeler in English).

**Steps:**
1. Open Latest Models by Category on the default tab
2. Click View All
3. Verify the category listing URL","3987","TC-LMC-08: View All on default tab opens matching category listing","Homepage - LatestModelsByCategory [ta]","2026-08-27","passed","2026-08-27","","","",""
"**Test Case ID:** TC-NLP-01
**Title:** Check Offers lead submits successfully on Upcoming Trucks
**Language:** en

**Description:**
Open the Upcoming Trucks listing page, click Check Offers to open its lead form, fill name, mobile and city, and submit.

**Expected Result:**
A Thank You confirmation is shown after a successful lead submission. The submitted name is tagged with a page/CTA identifier for CRM traceability.

**Steps:**
1. Open the Upcoming Trucks listing page
2. Click Check Offers to open its lead form
3. Fill name, mobile and city
4. Submit and verify the confirmation","5933","TC-NLP-01: Check Offers lead submits successfully on Upcoming Trucks","ListingPages - NewListingPages [upcomingTrucks] [en] — Upcoming Trucks","2026-08-27","passed","2026-08-27","","","",""
"","599","TC-TYRL-03: a second Load More still adds tyre cards on Dunlop Tyres","UtilityPages - TyresListing [dunlopTyres] [en] [desktop] — Dunlop Tyres","2026-08-27","skipped","2026-08-27","","","",""
"**Test Case ID:** TC-TMO-02
**Title:** Check Offers lead form shows required validation when submitted empty on Offers
**Language:** en

**Description:**
Open the Offers page, open Check Offers on the default tab, and submit with name, mobile and city all left empty.

**Expected Result:**
The real, page-shown validation messages for name, mobile and location are displayed, and no lead is submitted.

**Steps:**
1. Open the Offers page
2. Click a model card's ""Check Offers"" button
3. Leave name, mobile and city empty and submit
4. Verify all three required-field validation messages are shown","1914","TC-TMO-02: Check Offers lead form shows required validation when submitted empty on Offers","UtilityPages - TabbedModelOffers [offers] [en] — Offers","2026-08-27","passed","2026-08-27","","","",""
"**Test Case ID:** TC-CL-01
**Title:** Check Truck Price lead submits successfully on 4 Wheeler
**Language:** en

**Description:**
Open the 4 Wheeler page, click a truck card's ""Check Truck Price"" button to open its lead form, fill name, mobile and city, and submit.

**Expected Result:**
A Thank You confirmation is shown after a successful lead submission.

**Steps:**
1. Open the 4 Wheeler page
2. Click a truck card's ""Check Truck Price"" button to open its lead form
3. Fill name, mobile and city
4. Submit and verify Thank You confirmation","9565","TC-CL-01: Check Truck Price lead submits successfully on 4 Wheeler","CategoryPages - CategoryListing [fourWheeler] [en] — 4 Wheeler","2026-08-27","passed","2026-08-27","","","",""
"**Test Case ID:** TC-CL-03
**Title:** Check Truck Price lead form rejects mobile that is not 10 digits on 18 Wheeler
**Language:** en

**Description:**
Open the 18 Wheeler page, open Check Truck Price, fill a valid name, an invalid (5-digit) mobile number, and leave city empty, then submit.

**Expected Result:**
The real, page-shown mobile-format and location-required validation messages are displayed, and no lead is submitted.

**Steps:**
1. Open the 18 Wheeler page
2. Click a truck card's ""Check Truck Price"" button to open its lead form
3. Fill a valid name and an invalid mobile number
4. Submit with city left empty
5. Verify the mobile-format and location validation messages are shown","3622","TC-CL-03: Check Truck Price lead form rejects mobile that is not 10 digits on 18 Wheeler","CategoryPages - CategoryListing [eighteenWheeler] [en] — 18 Wheeler","2026-08-27","passed","2026-08-27","","","",""
"**Test Case ID:** TC-BUS-02
**Title:** Lead form shows required validation when submitted empty on Tata Buses
**Language:** en

**Description:**
Open the Tata Buses page, open the lead form via ""Check Bus Price"", and submit with name, mobile and city all left empty.

**Expected Result:**
The real, page-shown validation messages for name, mobile and location are displayed, and no lead is submitted.

**Steps:**
1. Open the Tata Buses page
2. Click ""Check Bus Price"" to open its lead form
3. Leave name, mobile and city empty and submit
4. Verify all three required-field validation messages are shown","1899","TC-BUS-02: lead form shows required validation when submitted empty on Tata Buses","Buses - BusListing [tataBuses] [en] — Tata Buses","2026-08-27","passed","2026-08-27","","","",""
"**Test Case ID:** TC-LMC-06
**Title:** One Check Offers lead from Mini Trucks tab submits successfully
**Language:** en

**Description:**
Open the Mini Trucks tab in Latest Models by Category, click Check Offers once, fill name/mobile/city, enter a 5-digit price/budget only if asked, and submit.

**Expected Result:**
A Thank You confirmation is shown after a successful lead submission from that tab.

**Steps:**
1. Open Latest Models by Category
2. Open the Mini Trucks tab
3. Click Check Offers on one visible card
4. Fill name, mobile and city (and 5-digit price/budget if shown)
5. Submit and verify Thank You confirmation","5851","TC-LMC-06: one Check Offers lead from Mini Trucks tab submits successfully","Homepage - LatestModelsByCategory [en]","2026-08-27","passed","2026-08-27","","","",""
"","47","TC-NTPDP-13: Images block for Eka 3W Cargo","PDP - NewTruckPdp [leastPopular] [en] — Eka 3W Cargo","2026-08-27","skipped","2026-08-27","","Page blocks (same session)","",""
"**Test Case ID:** TC-NLP-10
**Title:** truck listing, filters and cards on Find New Trucks
**Language:** en

**Description:**
Confirm the truck listing block on Find New Trucks shows a count heading, the Filter By row, and at least one truck card CTA.

**Expected Result:**
Listing heading with a count, Filter By / Reset All / Apply Filter, and at least one card button are visible.

**Steps:**
1. Open the Find New Trucks listing page
2. Verify the listing heading
3. Verify Filter By controls
4. Verify at least one “Check Truck Price” card button","913","TC-NLP-10: truck listing, filters and cards on Find New Trucks","ListingPages - NewListingPages [newTrucks] [en] — Find New Trucks","2026-08-27","passed","2026-08-27","","","",""
"","1165","TC-CL-04: Call Now assistance lead submits successfully on 14 Wheeler","CategoryPages - CategoryListing [fourteenWheeler] [en] — 14 Wheeler","2026-08-27","skipped","2026-08-27","","","",""
"**Test Case ID:** TC-CL-02
**Title:** Check Truck Price lead form shows required validation when submitted empty on 22 Wheeler
**Language:** en

**Description:**
Open the 22 Wheeler page, open Check Truck Price, and submit with name, mobile and city all left empty.

**Expected Result:**
The real, page-shown validation messages for name, mobile and location are displayed, and no lead is submitted.

**Steps:**
1. Open the 22 Wheeler page
2. Click a truck card's ""Check Truck Price"" button to open its lead form
3. Leave name, mobile and city empty and submit
4. Verify all three required-field validation messages are shown","3178","TC-CL-02: Check Truck Price lead form shows required validation when submitted empty on 22 Wheeler","CategoryPages - CategoryListing [twentyTwoWheeler] [en] — 22 Wheeler","2026-08-27","passed","2026-08-27","","","",""
"**Test Case ID:** TC-NTPDP-09
**Title:** About block for Eka 3W Cargo
**Language:** en

**Description:**
Verify the About section for Eka 3W Cargo.

**Expected Result:**
About heading is visible.

**Steps:**
1. Open PDP
2. Scroll to About
3. Verify heading","168","TC-NTPDP-09: About block for Eka 3W Cargo","PDP - NewTruckPdp [leastPopular] [en] — Eka 3W Cargo","2026-08-27","passed","2026-08-27","","Page blocks (same session)","",""
"**Test Case ID:** TC-NTPDP-23
**Title:** Usage block for Tata Yodha 2.0
**Language:** en

**Description:**
Verify Usage section when present on Tata Yodha 2.0.

**Expected Result:**
Usage heading is visible, or skipped.

**Steps:**
1. Open PDP
2. Locate Usage if present","227","TC-NTPDP-23: Usage block for Tata Yodha 2.0","PDP - NewTruckPdp [mostPopular] [en] — Tata Yodha 2.0","2026-08-27","passed","2026-08-27","","Page blocks (same session)","",""
"**Test Case ID:** TC-PDPI-04
**Title:** Heading is visible on Tata Yodha 2.0 Videos
**Language:** en

**Description:**
Open Tata Yodha 2.0 Videos and confirm the page heading.

**Expected Result:**
The heading “Tata Yodha 2.0 Videos” is visible.

**Steps:**
1. Open Tata Yodha 2.0 Videos
2. Verify the heading","943","TC-PDPI-04: heading is visible on Tata Yodha 2.0 Videos","PDP - NewTruckInternalPages [yodhaVideos] [en] — Tata Yodha 2.0 Videos","2026-08-27","passed","2026-08-27","","","",""
"","15489","TC-FRU-00: page links resolve 200/30x; broken links are logged, not failed","Homepage - FindReliableUsedTrucksNearYou [en]","2026-08-27","passed","2026-08-27","","","",""
"**Test Case ID:** TC-PL-04
**Title:** Call Now assistance lead submits successfully on 2.5 ton - 5 ton Trucks
**Language:** en

**Description:**
Open the 2.5 ton - 5 ton Trucks page, click the ""Still confused?"" widget's Call Now button to open the assistance lead form, fill model, name, mobile and city, and submit.

**Expected Result:**
The assistance form closes after a successful submission.

**Steps:**
1. Open the 2.5 ton - 5 ton Trucks page
2. Click Call Now to open the assistance lead form
3. Fill model, name, mobile and city
4. Submit and verify the assistance form closes","4053","TC-PL-04: Call Now assistance lead submits successfully on 2.5 ton - 5 ton Trucks","CategoryPages - PayloadListing [ton2_5to5] [en] — 2.5 ton - 5 ton Trucks","2026-08-27","passed","2026-08-27","","","",""
"**Test Case ID:** TC-PL-03
**Title:** Check Truck Price lead form rejects mobile that is not 10 digits on 1 ton - 2.5 ton Trucks
**Language:** en

**Description:**
Open the 1 ton - 2.5 ton Trucks page, open Check Truck Price, fill a valid name, an invalid (5-digit) mobile number, and leave city empty, then submit.

**Expected Result:**
The real, page-shown mobile-format and location-required validation messages are displayed, and no lead is submitted.

**Steps:**
1. Open the 1 ton - 2.5 ton Trucks page
2. Click a truck card's ""Check Truck Price"" button to open its lead form
3. Fill a valid name and an invalid mobile number
4. Submit with city left empty
5. Verify the mobile-format and location validation messages are shown","4107","TC-PL-03: Check Truck Price lead form rejects mobile that is not 10 digits on 1 ton - 2.5 ton Trucks","CategoryPages - PayloadListing [ton1to2_5] [en] — 1 ton - 2.5 ton Trucks","2026-08-27","passed","2026-08-27","","","",""
"**Test Case ID:** TC-CL-04
**Title:** Call Now assistance lead submits successfully on ICV
**Language:** en

**Description:**
Open the ICV page, click the ""Still confused?"" widget's Call Now button to open the assistance lead form, fill model, name, mobile and city, and submit.

**Expected Result:**
The assistance form closes after a successful submission.

**Steps:**
1. Open the ICV page
2. Click Call Now to open the assistance lead form
3. Fill model, name, mobile and city
4. Submit and verify the assistance form closes","4542","TC-CL-04: Call Now assistance lead submits successfully on ICV","CategoryPages - CategoryListing [icv] [en] — ICV","2026-08-27","passed","2026-08-27","","","",""
"**Test Case ID:** TC-NTPDP-05
**Title:** SecondaryNavbar items for Tata Yodha 2.0
**Language:** en

**Description:**
After the launch lead is closed, verify the SecondaryNavbar (sticky jump links) shows every expected item for Tata Yodha 2.0.

**Expected Result:**
SecondaryNavbar is visible and each expected link/label (Price, Specification, …) is shown.

**Steps:**
1. Open PDP and close Get Offers lead
2. Locate SecondaryNavbar
3. Verify each expected nav item","130","TC-NTPDP-05: SecondaryNavbar items for Tata Yodha 2.0","PDP - NewTruckPdp [mostPopular] [en] — Tata Yodha 2.0","2026-08-27","passed","2026-08-27","","Page blocks (same session)","",""
"","11814","TC-BUT-00: page links resolve 200/30x; broken links are logged, not failed","UsedTruck - BuyUsedTrucks [en] — Buy Used Trucks","2026-08-27","passed","2026-08-27","","","",""
"**Test Case ID:** TC-PL-04
**Title:** Call Now assistance lead submits successfully on Under 1 Ton Trucks
**Language:** en

**Description:**
Open the Under 1 Ton Trucks page, click the ""Still confused?"" widget's Call Now button to open the assistance lead form, fill model, name, mobile and city, and submit.

**Expected Result:**
The assistance form closes after a successful submission.

**Steps:**
1. Open the Under 1 Ton Trucks page
2. Click Call Now to open the assistance lead form
3. Fill model, name, mobile and city
4. Submit and verify the assistance form closes","3756","TC-PL-04: Call Now assistance lead submits successfully on Under 1 Ton Trucks","CategoryPages - PayloadListing [under1Ton] [en] — Under 1 Ton Trucks","2026-08-27","passed","2026-08-27","","","",""
"**Test Case ID:** TC-CT-02
**Title:** Check Offers lead form shows required validation when submitted empty on Compare Trucks
**Language:** en

**Description:**
Open the Compare Trucks page, open the Check Offers lead form, and submit with name, mobile and city all left empty.

**Expected Result:**
The real, page-shown validation messages for name, mobile and location are displayed, and no lead is submitted.

**Steps:**
1. Open the Compare Trucks page
2. Open the Check Offers lead form
3. Leave name, mobile and city empty and submit
4. Verify all three required-field validation messages are shown","2960","TC-CT-02: Check Offers lead form shows required validation when submitted empty on Compare Trucks","Compare - CompareTrucks [en] — Compare Trucks","2026-08-27","passed","2026-08-27","","","",""
"**Test Case ID:** TC-BUS-02
**Title:** Lead form shows required validation when submitted empty on Latest Buses
**Language:** en

**Description:**
Open the Latest Buses page, open the lead form via ""Check Bus Price"", and submit with name, mobile and city all left empty.

**Expected Result:**
The real, page-shown validation messages for name, mobile and location are displayed, and no lead is submitted.

**Steps:**
1. Open the Latest Buses page
2. Click ""Check Bus Price"" to open its lead form
3. Leave name, mobile and city empty and submit
4. Verify all three required-field validation messages are shown","2145","TC-BUS-02: lead form shows required validation when submitted empty on Latest Buses","Buses - BusListing [latestBuses] [en] — Latest Buses","2026-08-27","passed","2026-08-27","","","",""
"**Test Case ID:** TC-TBR-03
**Title:** Check Truck Price lead form rejects mobile that is not 10 digits on Mahindra Trucks
**Language:** en

**Description:**
Open the Mahindra Trucks page, open Check Truck Price, fill a valid name, an invalid (5-digit) mobile number, and leave city empty, then submit.

**Expected Result:**
The real, page-shown mobile-format and location-required validation messages are displayed, and no lead is submitted.

**Steps:**
1. Open the Mahindra Trucks page
2. Click a truck card's ""Check Truck Price"" button to open its lead form
3. Fill a valid name and an invalid mobile number
4. Submit with city left empty
5. Verify the mobile-format and location validation messages are shown","5270","TC-TBR-03: Check Truck Price lead form rejects mobile that is not 10 digits on Mahindra Trucks","CategoryPages - CategoryListingBrands [mahindraBrand] [en] — Mahindra Trucks","2026-08-27","passed","2026-08-27","","","",""
"**Test Case ID:** TC-CL-03
**Title:** Check Truck Price lead form rejects mobile that is not 10 digits on 3 Wheeler
**Language:** en

**Description:**
Open the 3 Wheeler page, open Check Truck Price, fill a valid name, an invalid (5-digit) mobile number, and leave city empty, then submit.

**Expected Result:**
The real, page-shown mobile-format and location-required validation messages are displayed, and no lead is submitted.

**Steps:**
1. Open the 3 Wheeler page
2. Click a truck card's ""Check Truck Price"" button to open its lead form
3. Fill a valid name and an invalid mobile number
4. Submit with city left empty
5. Verify the mobile-format and location validation messages are shown","3709","TC-CL-03: Check Truck Price lead form rejects mobile that is not 10 digits on 3 Wheeler","CategoryPages - CategoryListing [threeWheeler] [en] — 3 Wheeler","2026-08-27","passed","2026-08-27","","","",""
"**Test Case ID:** TC-PL-03
**Title:** Check Truck Price lead form rejects mobile that is not 10 digits on 10 ton - 20 ton Trucks
**Language:** en

**Description:**
Open the 10 ton - 20 ton Trucks page, open Check Truck Price, fill a valid name, an invalid (5-digit) mobile number, and leave city empty, then submit.

**Expected Result:**
The real, page-shown mobile-format and location-required validation messages are displayed, and no lead is submitted.

**Steps:**
1. Open the 10 ton - 20 ton Trucks page
2. Click a truck card's ""Check Truck Price"" button to open its lead form
3. Fill a valid name and an invalid mobile number
4. Submit with city left empty
5. Verify the mobile-format and location validation messages are shown","4698","TC-PL-03: Check Truck Price lead form rejects mobile that is not 10 digits on 10 ton - 20 ton Trucks","CategoryPages - PayloadListing [ton10to20] [en] — 10 ton - 20 ton Trucks","2026-08-27","passed","2026-08-27","","","",""
"","542520","TC-SRT-03: Verify brand and model selection navigates to model PDP page","Homepage - SearchRightTruck [hi]","2026-08-27","passed","2026-08-27","","","",""
"**Test Case ID:** TC-VHR-04
**Title:** Check Offers lead form shows required validation when submitted empty on Vehicle Report
**Language:** en

**Description:**
Open the Vehicle Report page, open Check Offers, and submit with name, mobile and city all left empty.

**Expected Result:**
The real, page-shown validation messages for name, mobile and location are displayed, and no lead is submitted.

**Steps:**
1. Open the Vehicle Report page
2. Open the Check Offers lead form
3. Leave name, mobile and city empty and submit
4. Verify all three required-field validation messages are shown","2313","TC-VHR-04: Check Offers lead form shows required validation when submitted empty on Vehicle Report","UsedTruck - VehicleReport [en] — Vehicle Report","2026-08-27","passed","2026-08-27","","","",""
"**Test Case ID:** TC-PDPI-03
**Title:** Check Offers lead form rejects mobile that is not 10 digits on Tata Yodha 2.0 Videos
**Language:** en

**Description:**
Open Tata Yodha 2.0 Videos, click “Check Offers”, fill a valid name, an invalid 5-digit mobile number, leave city empty, then submit.

**Expected Result:**
The mobile-format and location-required validation messages are shown, and no lead is submitted.

**Steps:**
1. Open Tata Yodha 2.0 Videos
2. Click Check Offers
3. Fill a valid name and an invalid mobile number
4. Submit with city empty
5. Verify mobile-format and location messages","2781","TC-PDPI-03: Check Offers lead form rejects mobile that is not 10 digits on Tata Yodha 2.0 Videos","PDP - NewTruckInternalPages [yodhaVideos] [en] — Tata Yodha 2.0 Videos","2026-08-27","passed","2026-08-27","","","",""
"**Test Case ID:** TC-CL-01
**Title:** Check Truck Price lead submits successfully on LPG Trucks
**Language:** en

**Description:**
Open the LPG Trucks page, click a truck card's ""Check Truck Price"" button to open its lead form, fill name, mobile and city, and submit.

**Expected Result:**
A Thank You confirmation is shown after a successful lead submission.

**Steps:**
1. Open the LPG Trucks page
2. Click a truck card's ""Check Truck Price"" button to open its lead form
3. Fill name, mobile and city
4. Submit and verify Thank You confirmation","3980","TC-CL-01: Check Truck Price lead submits successfully on LPG Trucks","CategoryPages - CategoryListing [lpg] [en] — LPG Trucks","2026-08-27","passed","2026-08-27","","","",""
"**Test Case ID:** TC-CL-02
**Title:** Check Truck Price lead form shows required validation when submitted empty on SCV
**Language:** en

**Description:**
Open the SCV page, open Check Truck Price, and submit with name, mobile and city all left empty.

**Expected Result:**
The real, page-shown validation messages for name, mobile and location are displayed, and no lead is submitted.

**Steps:**
1. Open the SCV page
2. Click a truck card's ""Check Truck Price"" button to open its lead form
3. Leave name, mobile and city empty and submit
4. Verify all three required-field validation messages are shown","2454","TC-CL-02: Check Truck Price lead form shows required validation when submitted empty on SCV","CategoryPages - CategoryListing [scv] [en] — SCV","2026-08-27","passed","2026-08-27","","","",""
"**Test Case ID:** TC-PDPI-05
**Title:** Get On Road Price lead submits successfully on Tata Yodha 2.0 Mileage
**Language:** en

**Description:**
Open Tata Yodha 2.0 Mileage, click “Get On Road Price” (a second entry point), fill name, mobile and city, and submit.

**Expected Result:**
A Thank You confirmation is shown after a successful lead submission from this second CTA.

**Steps:**
1. Open Tata Yodha 2.0 Mileage
2. Click Get On Road Price
3. Fill name, mobile and city
4. Submit and verify Thank You","5210","TC-PDPI-05: Get On Road Price lead submits successfully on Tata Yodha 2.0 Mileage","PDP - NewTruckInternalPages [yodhaMileage] [en] — Tata Yodha 2.0 Mileage","2026-08-27","passed","2026-08-27","","","",""
"","9635","TC-CL-00: page links resolve 200/30x; broken links are logged, not failed","CategoryPages - CategoryListing [pickups] [en] — Pickups","2026-08-27","passed","2026-08-27","","","",""
"**Test Case ID:** TC-CL-03
**Title:** Check Truck Price lead form rejects mobile that is not 10 digits on 22 Wheeler
**Language:** en

**Description:**
Open the 22 Wheeler page, open Check Truck Price, fill a valid name, an invalid (5-digit) mobile number, and leave city empty, then submit.

**Expected Result:**
The real, page-shown mobile-format and location-required validation messages are displayed, and no lead is submitted.

**Steps:**
1. Open the 22 Wheeler page
2. Click a truck card's ""Check Truck Price"" button to open its lead form
3. Fill a valid name and an invalid mobile number
4. Submit with city left empty
5. Verify the mobile-format and location validation messages are shown","3538","TC-CL-03: Check Truck Price lead form rejects mobile that is not 10 digits on 22 Wheeler","CategoryPages - CategoryListing [twentyTwoWheeler] [en] — 22 Wheeler","2026-08-27","passed","2026-08-27","","","",""
"**Test Case ID:** TC-LMC-02
**Title:** First product name on default tab navigates to truck PDP
**Language:** ta

**Description:**
On the default category tab, click the first visible truck product name and confirm the truck product detail page opens.

**Expected Result:**
The browser URL matches that product’s truck PDP path for the selected language.

**Steps:**
1. Open Latest Models by Category
2. Click the first visible product name on the active tab
3. Verify the URL is the matching truck PDP","3935","TC-LMC-02: first product name on default tab navigates to truck PDP","Homepage - LatestModelsByCategory [ta]","2026-08-27","passed","2026-08-27","","","",""
"**Test Case ID:** TC-BUS-01
**Title:** Lead submits successfully on Tata Buses
**Language:** en

**Description:**
Open the Tata Buses page, click ""Check Bus Price"" to open its lead form, fill name, mobile and city, and submit.

**Expected Result:**
A Thank You confirmation is shown after a successful lead submission.

**Steps:**
1. Open the Tata Buses page
2. Click ""Check Bus Price"" to open its lead form
3. Fill name, mobile and city
4. Submit and verify Thank You confirmation","4391","TC-BUS-01: lead submits successfully on Tata Buses","Buses - BusListing [tataBuses] [en] — Tata Buses","2026-08-27","passed","2026-08-27","","","",""
"**Test Case ID:** TC-NLP-10
**Title:** truck listing, filters and cards on Latest Trucks
**Language:** en

**Description:**
Confirm the truck listing block on Latest Trucks shows a count heading, the Filter By row, and at least one truck card CTA.

**Expected Result:**
Listing heading with a count, Filter By / Reset All / Apply Filter, and at least one card button are visible.

**Steps:**
1. Open the Latest Trucks listing page
2. Verify the listing heading
3. Verify Filter By controls
4. Verify at least one “Check Truck Price” card button","1025","TC-NLP-10: truck listing, filters and cards on Latest Trucks","ListingPages - NewListingPages [latestTrucks] [en] — Latest Trucks","2026-08-27","passed","2026-08-27","","","",""
"","2322","TC-SRT-13: lists expected body types with localized labels","Homepage - SearchRightTruck [ta]","2026-08-27","passed","2026-08-27","","","",""
"**Test Case ID:** TC-NLP-02
**Title:** Check Truck Price lead submits successfully on Best Trucks
**Language:** en

**Description:**
Open the Best Trucks listing page, click Check Truck Price to open its lead form, fill name, mobile and city, and submit.

**Expected Result:**
A Thank You confirmation is shown after a successful lead submission. The submitted name is tagged with a page/CTA identifier for CRM traceability.

**Steps:**
1. Open the Best Trucks listing page
2. Click Check Truck Price to open its lead form
3. Fill name, mobile and city
4. Submit and verify the confirmation","4385","TC-NLP-02: Check Truck Price lead submits successfully on Best Trucks","ListingPages - NewListingPages [bestTrucks] [en] — Best Trucks","2026-08-27","passed","2026-08-27","","","",""
"**Test Case ID:** TC-UTPDP-04
**Title:** Check Offers lead submits successfully on Used Truck Detail
**Language:** en

**Description:**
Open a used-truck detail page, click Check Offers, fill name, mobile and city, and submit.

**Expected Result:**
A Thank You confirmation is shown after a successful Check Offers submission.

**Steps:**
1. Open a used-truck detail page
2. Click Check Offers
3. Fill name, mobile and city
4. Submit and verify Thank You","5801","TC-UTPDP-04: Check Offers lead submits successfully on Used Truck Detail","UsedTruck - UsedTruckPdp [en] — Used Truck Detail","2026-08-27","passed","2026-08-27","","","",""
"**Test Case ID:** TC-TYRL-01
**Title:** Load More shows more tyre cards on JK Tyres
**Language:** en

**Description:**
Click Load More on JK Tyres and confirm more tyre cards appear.

**Expected Result:**
The number of visible “View August Offer” cards increases after Load More.

**Steps:**
1. Open JK Tyres
2. Note how many tyre cards are shown
3. Click Load More
4. Verify more cards are shown","1352","TC-TYRL-01: Load More shows more tyre cards on JK Tyres","UtilityPages - TyresListing [jkTyres] [en] [desktop] — JK Tyres","2026-08-27","passed","2026-08-27","","","",""
"**Test Case ID:** TC-CL-03
**Title:** Check Truck Price lead form rejects mobile that is not 10 digits on CNG Trucks
**Language:** en

**Description:**
Open the CNG Trucks page, open Check Truck Price, fill a valid name, an invalid (5-digit) mobile number, and leave city empty, then submit.

**Expected Result:**
The real, page-shown mobile-format and location-required validation messages are displayed, and no lead is submitted.

**Steps:**
1. Open the CNG Trucks page
2. Click a truck card's ""Check Truck Price"" button to open its lead form
3. Fill a valid name and an invalid mobile number
4. Submit with city left empty
5. Verify the mobile-format and location validation messages are shown","2626","TC-CL-03: Check Truck Price lead form rejects mobile that is not 10 digits on CNG Trucks","CategoryPages - CategoryListing [cng] [en] — CNG Trucks","2026-08-27","passed","2026-08-27","","","",""
"**Test Case ID:** TC-CL-05
**Title:** listing heading, filters and cards on Diesel Trucks
**Language:** en

**Description:**
Open Diesel Trucks and confirm the page heading and at least one listing card CTA. Filter By is checked when that row is present.

**Expected Result:**
Page heading is visible and at least one listing card button is shown.

**Steps:**
1. Open the Diesel Trucks page
2. Verify the page heading
3. Verify listing cards (and Filter By when present)","1406","TC-CL-05: listing heading, filters and cards on Diesel Trucks","CategoryPages - CategoryListing [diesel] [en] — Diesel Trucks","2026-08-27","passed","2026-08-27","","","",""
"**Test Case ID:** TC-CL-03
**Title:** Check Truck Price lead form rejects mobile that is not 10 digits on 8 Wheeler
**Language:** en

**Description:**
Open the 8 Wheeler page, open Check Truck Price, fill a valid name, an invalid (5-digit) mobile number, and leave city empty, then submit.

**Expected Result:**
The real, page-shown mobile-format and location-required validation messages are displayed, and no lead is submitted.

**Steps:**
1. Open the 8 Wheeler page
2. Click a truck card's ""Check Truck Price"" button to open its lead form
3. Fill a valid name and an invalid mobile number
4. Submit with city left empty
5. Verify the mobile-format and location validation messages are shown","3371","TC-CL-03: Check Truck Price lead form rejects mobile that is not 10 digits on 8 Wheeler","CategoryPages - CategoryListing [eightWheeler] [en] — 8 Wheeler","2026-08-27","passed","2026-08-27","","","",""
"","8415","TC-CDT-00: page links resolve 200/30x; broken links are logged, not failed","UtilityPages - ContentDetailPage [newsDetail] [en] — News Article Detail","2026-08-27","passed","2026-08-27","","","",""
"**Test Case ID:** TC-PTB-04
**Title:** No broken brand logos appear in Popular Truck Brands
**Language:** hi

**Description:**
Verify every brand logo image in the Popular Truck Brands section loads successfully and is not broken or missing.

**Expected Result:**
Each brand card logo has a valid image URL and the image finishes loading with a non-zero size (logo is visible to the user).

**Steps:**
1. Open the Popular Truck Brands section
2. For each brand card, check the logo image source
3. Confirm each logo image has loaded successfully","951","TC-PTB-04: no broken brand logos appear in Popular Truck Brands","Homepage - PopularTruckBrands [hi]","2026-08-27","passed","2026-08-27","","","",""
"**Test Case ID:** TC-PL-04
**Title:** Call Now assistance lead submits successfully on 1 ton - 2.5 ton Trucks
**Language:** en

**Description:**
Open the 1 ton - 2.5 ton Trucks page, click the ""Still confused?"" widget's Call Now button to open the assistance lead form, fill model, name, mobile and city, and submit.

**Expected Result:**
The assistance form closes after a successful submission.

**Steps:**
1. Open the 1 ton - 2.5 ton Trucks page
2. Click Call Now to open the assistance lead form
3. Fill model, name, mobile and city
4. Submit and verify the assistance form closes","4900","TC-PL-04: Call Now assistance lead submits successfully on 1 ton - 2.5 ton Trucks","CategoryPages - PayloadListing [ton1to2_5] [en] — 1 ton - 2.5 ton Trucks","2026-08-27","passed","2026-08-27","","","",""
"","10847","TC-LMC-00: page links resolve 200/30x; broken links are logged, not failed","Homepage - LatestModelsByCategory [ta]","2026-08-27","passed","2026-08-27","","","",""
"**Test Case ID:** TC-CL-01
**Title:** Check Truck Price lead submits successfully on 8 Wheeler
**Language:** en

**Description:**
Open the 8 Wheeler page, click a truck card's ""Check Truck Price"" button to open its lead form, fill name, mobile and city, and submit.

**Expected Result:**
A Thank You confirmation is shown after a successful lead submission.

**Steps:**
1. Open the 8 Wheeler page
2. Click a truck card's ""Check Truck Price"" button to open its lead form
3. Fill name, mobile and city
4. Submit and verify Thank You confirmation","7055","TC-CL-01: Check Truck Price lead submits successfully on 8 Wheeler","CategoryPages - CategoryListing [eightWheeler] [en] — 8 Wheeler","2026-08-27","passed","2026-08-27","","","",""
"","3207","TC-SRT-13: lists expected body types with localized labels","Homepage - SearchRightTruck [hi]","2026-08-27","passed","2026-08-27","","","",""
"**Test Case ID:** TC-LTU-03
**Title:** No visible video card links to a duplicate video
**Language:** ta

**Description:**
Confirm every visible video title in Latest Truck Updates links to a distinct video.

**Expected Result:**
No two visible video cards share the same href.

**Steps:**
1. Open Latest Truck Updates
2. Verify all visible video links are unique","1679","TC-LTU-03: no visible video card links to a duplicate video","Homepage - LatestTruckUpdates [ta]","2026-08-27","passed","2026-08-27","","","",""
"","1604","TC-SRT-09: shows budget/brand error when Search is clicked with no budget selected","Homepage - SearchRightTruck [ta]","2026-08-27","passed","2026-08-27","","","",""
"**Test Case ID:** TC-CL-05
**Title:** listing heading, filters and cards on 10 Wheeler
**Language:** en

**Description:**
Open 10 Wheeler and confirm the page heading and at least one listing card CTA. Filter By is checked when that row is present.

**Expected Result:**
Page heading is visible and at least one listing card button is shown.

**Steps:**
1. Open the 10 Wheeler page
2. Verify the page heading
3. Verify listing cards (and Filter By when present)","1532","TC-CL-05: listing heading, filters and cards on 10 Wheeler","CategoryPages - CategoryListing [tenWheeler] [en] — 10 Wheeler","2026-08-27","passed","2026-08-27","","","",""
"**Test Case ID:** TC-PTB-05
**Title:** Clicking each popular brand card navigates to that brand page
**Language:** ta

**Description:**
From the Popular Truck Brands section, click each brand card shown on this device and confirm the user is taken to the correct brand listing page for that brand and language. Mobile only shows the first 6 brands, so only those 6 are clicked.

**Expected Result:**
After each shown brand card click, the browser URL path is /{language}/{brand-slug} for that brand (real navigation to the brand page).

**Steps:**
1. Open the Popular Truck Brands section
2. Click each brand card in turn
3. Verify navigation to the matching brand page URL
4. Return to the homepage and continue with the next brand","37946","TC-PTB-05: clicking each popular brand card navigates to that brand page","Homepage - PopularTruckBrands [ta]","2026-08-27","passed","2026-08-27","","","",""
"**Test Case ID:** TC-BUSPDP-02
**Title:** Check Offers lead form shows required validation when submitted empty on Tata Starbus Staff Contract
**Language:** en

**Description:**
Open Tata Starbus Staff Contract, click Check Offers, and submit with name, mobile and city all left empty.

**Expected Result:**
The real required-field validation messages for name, mobile and location are shown, and no lead is submitted.

**Steps:**
1. Open Tata Starbus Staff Contract
2. Click Check Offers
3. Leave name, mobile and city empty and submit
4. Verify the three required-field messages","2264","TC-BUSPDP-02: Check Offers lead form shows required validation when submitted empty on Tata Starbus Staff Contract","Buses - BusPdp [starbusStaffContract] [en] — Tata Starbus Staff Contract","2026-08-27","passed","2026-08-27","","","",""
"","1262","TC-TYRL-01: Load More shows more tyre cards on Apollo Tyres","UtilityPages - TyresListing [apolloTyres] [en] [desktop] — Apollo Tyres","2026-08-27","skipped","2026-08-27","","","",""
"**Test Case ID:** TC-CT-01
**Title:** Check Offers lead submits successfully on Compare Trucks
**Language:** en

**Description:**
Open the Compare Trucks page, open the shared Check Offers lead form, fill name, mobile and city, and submit.

**Expected Result:**
A Thank You confirmation is shown after a successful lead submission (the same shared Check Offers lead form used elsewhere on the site). The submitted name is tagged with a page/CTA identifier for CRM traceability.

**Steps:**
1. Open the Compare Trucks page
2. Open the Check Offers lead form
3. Fill name, mobile and city
4. Submit and verify Thank You confirmation","9536","TC-CT-01: Check Offers lead submits successfully on Compare Trucks","Compare - CompareTrucks [en] — Compare Trucks","2026-08-27","passed","2026-08-27","","","",""
"**Test Case ID:** TC-ECV-02
**Title:** First product name navigates to truck PDP
**Language:** en

**Description:**
In Electric Commercial Vehicles, click the first visible truck product name (not the image) and confirm the user opens that truck’s product detail page.

**Expected Result:**
The browser URL matches the product’s truck PDP path for the selected language (for example /en/{brand}-truck/{model}).

**Steps:**
1. Open the Electric Commercial Vehicles section
2. Click the first visible product name link
3. Verify the URL is the matching truck PDP","5786","TC-ECV-02: first product name navigates to truck PDP","Homepage - ElectricCommercialVehicles [en]","2026-08-27","passed","2026-08-27","","","",""
"**Test Case ID:** TC-PL-02
**Title:** Check Truck Price lead form shows required validation when submitted empty on 10 ton - 20 ton Trucks
**Language:** en

**Description:**
Open the 10 ton - 20 ton Trucks page, open Check Truck Price, and submit with name, mobile and city all left empty.

**Expected Result:**
The real, page-shown validation messages for name, mobile and location are displayed, and no lead is submitted.

**Steps:**
1. Open the 10 ton - 20 ton Trucks page
2. Click a truck card's ""Check Truck Price"" button to open its lead form
3. Leave name, mobile and city empty and submit
4. Verify all three required-field validation messages are shown","2829","TC-PL-02: Check Truck Price lead form shows required validation when submitted empty on 10 ton - 20 ton Trucks","CategoryPages - PayloadListing [ton10to20] [en] — 10 ton - 20 ton Trucks","2026-08-27","passed","2026-08-27","","","",""
"**Test Case ID:** TC-NLP-08
**Title:** page heading is visible on Popular Truck
**Language:** en

**Description:**
Open the Popular Truck listing page and confirm the main page heading the user sees.

**Expected Result:**
The heading “Popular Trucks In India” is visible.

**Steps:**
1. Open the Popular Truck listing page
2. Verify the page heading","1071","TC-NLP-08: page heading is visible on Popular Truck","ListingPages - NewListingPages [popularTrucks] [en] — Popular Truck","2026-08-27","passed","2026-08-27","","","",""
"","2875","TC-SRT-15: clears brand selection after switching away and back to Brand tab","Homepage - SearchRightTruck [ta]","2026-08-27","passed","2026-08-27","","","",""
"**Test Case ID:** TC-CL-01
**Title:** Check Truck Price lead submits successfully on Tempo Traveller
**Language:** en

**Description:**
Open the Tempo Traveller page, click a truck card's ""Check Truck Price"" button to open its lead form, fill name, mobile and city, and submit.

**Expected Result:**
A Thank You confirmation is shown after a successful lead submission.

**Steps:**
1. Open the Tempo Traveller page
2. Click a truck card's ""Check Truck Price"" button to open its lead form
3. Fill name, mobile and city
4. Submit and verify Thank You confirmation","3696","TC-CL-01: Check Truck Price lead submits successfully on Tempo Traveller","CategoryPages - CategoryListing [tempoTraveller] [en] — Tempo Traveller","2026-08-27","passed","2026-08-27","","","",""
"**Test Case ID:** TC-CL-01
**Title:** Check Truck Price lead submits successfully on Mini Trucks
**Language:** en

**Description:**
Open the Mini Trucks page, click a truck card's ""Check Truck Price"" button to open its lead form, fill name, mobile and city, and submit.

**Expected Result:**
A Thank You confirmation is shown after a successful lead submission.

**Steps:**
1. Open the Mini Trucks page
2. Click a truck card's ""Check Truck Price"" button to open its lead form
3. Fill name, mobile and city
4. Submit and verify Thank You confirmation","4924","TC-CL-01: Check Truck Price lead submits successfully on Mini Trucks","CategoryPages - CategoryListing [miniTrucks] [en] — Mini Trucks","2026-08-27","passed","2026-08-27","","","",""
"**Test Case ID:** TC-NTPDP-29
**Title:** FAQ question expands to show an answer for Tata Yodha 2.0
**Language:** en

**Description:**
Open a Frequently Asked Question on Tata Yodha 2.0 and confirm the answer text is shown.

**Expected Result:**
The selected question’s answer is visible.

**Steps:**
1. Scroll to Frequently Asked Questions
2. Click a question
3. Verify the answer is shown","789","TC-NTPDP-29: FAQ question expands to show an answer for Tata Yodha 2.0","PDP - NewTruckPdp [mostPopular] [en] — Tata Yodha 2.0","2026-08-27","passed","2026-08-27","","Page blocks (same session)","",""
"**Test Case ID:** TC-EV-02
**Title:** Call Now assistance lead submits successfully on Electric Commercial Vehicles
**Language:** en

**Description:**
Open the Electric Commercial Vehicles page, click the ""Still confused?"" widget's Call Now button to open the assistance lead form (a different component from Check Truck Price — placeholder-only inputs, heading ""SHARE YOUR DETAILS TO GET ASSISTANCE""), fill model, name, mobile and city, and submit.

**Expected Result:**
The assistance form closes after a successful submission.

**Steps:**
1. Open the Electric Commercial Vehicles page
2. Click Call Now to open the assistance lead form
3. Fill model, name, mobile and city
4. Submit and verify the assistance form closes","9644","TC-EV-02: Call Now assistance lead submits successfully on Electric Commercial Vehicles","CategoryPages - ElectricVehicle [en] — Electric Commercial Vehicles","2026-08-27","passed","2026-08-27","","","",""
"","2054","TC-SRT-09: shows budget/brand error when Search is clicked with no budget selected","Homepage - SearchRightTruck [hi]","2026-08-27","passed","2026-08-27","","","",""
"**Test Case ID:** TC-NTPDP-12
**Title:** Compare Alternatives block for Eka 3W Cargo
**Language:** en

**Description:**
Verify Compare with Alternative section for Eka 3W Cargo.

**Expected Result:**
Compare Alternatives heading is visible.

**Steps:**
1. Open PDP
2. Scroll to Compare Alternatives
3. Verify heading","306","TC-NTPDP-12: Compare Alternatives block for Eka 3W Cargo","PDP - NewTruckPdp [leastPopular] [en] — Eka 3W Cargo","2026-08-27","passed","2026-08-27","","Page blocks (same session)","",""
"**Test Case ID:** TC-NTPDP-09
**Title:** About block for Tata Yodha 2.0
**Language:** en

**Description:**
Verify the About section for Tata Yodha 2.0.

**Expected Result:**
About heading is visible.

**Steps:**
1. Open PDP
2. Scroll to About
3. Verify heading","208","TC-NTPDP-09: About block for Tata Yodha 2.0","PDP - NewTruckPdp [mostPopular] [en] — Tata Yodha 2.0","2026-08-27","passed","2026-08-27","","Page blocks (same session)","",""
"**Test Case ID:** TC-TBR-01
**Title:** Check Truck Price lead submits successfully on Mahindra Trucks
**Language:** en

**Description:**
Open the Mahindra Trucks page, click a truck card's ""Check Truck Price"" button to open its lead form, fill name, mobile and city, and submit.

**Expected Result:**
A Thank You confirmation is shown after a successful lead submission.

**Steps:**
1. Open the Mahindra Trucks page
2. Click a truck card's ""Check Truck Price"" button to open its lead form
3. Fill name, mobile and city
4. Submit and verify Thank You confirmation","8021","TC-TBR-01: Check Truck Price lead submits successfully on Mahindra Trucks","CategoryPages - CategoryListingBrands [mahindraBrand] [en] — Mahindra Trucks","2026-08-27","passed","2026-08-27","","","",""
"","2405","TC-SRT-16: does not navigate when Search is double-clicked with empty Brand tab","Homepage - SearchRightTruck [ta]","2026-08-27","passed","2026-08-27","","","",""
"**Test Case ID:** TC-CL-05
**Title:** listing heading, filters and cards on CNG Trucks
**Language:** en

**Description:**
Open CNG Trucks and confirm the page heading and at least one listing card CTA. Filter By is checked when that row is present.

**Expected Result:**
Page heading is visible and at least one listing card button is shown.

**Steps:**
1. Open the CNG Trucks page
2. Verify the page heading
3. Verify listing cards (and Filter By when present)","1170","TC-CL-05: listing heading, filters and cards on CNG Trucks","CategoryPages - CategoryListing [cng] [en] — CNG Trucks","2026-08-27","passed","2026-08-27","","","",""
"**Test Case ID:** TC-NLP-11
**Title:** FAQ question expands on Best Trucks
**Language:** en

**Description:**
Open a Frequently Asked Question on Best Trucks and confirm the answer is shown.

**Expected Result:**
The selected question’s answer is visible.

**Steps:**
1. Open the Best Trucks listing page
2. Scroll to Frequently Asked Questions
3. Open a question
4. Verify the answer is shown","1016","TC-NLP-11: FAQ question expands on Best Trucks","ListingPages - NewListingPages [bestTrucks] [en] — Best Trucks","2026-08-27","passed","2026-08-27","","","",""
"**Test Case ID:** TC-TSR-02
**Title:** Check Truck Price lead form shows required validation when submitted empty on Tata Ace
**Language:** en

**Description:**
Open the Tata Ace page, open Check Truck Price, and submit with name, mobile and city all left empty.

**Expected Result:**
The real, page-shown validation messages for name, mobile and location are displayed, and no lead is submitted.

**Steps:**
1. Open the Tata Ace page
2. Click a truck card's ""Check Truck Price"" button to open its lead form
3. Leave name, mobile and city empty and submit
4. Verify all three required-field validation messages are shown","3418","TC-TSR-02: Check Truck Price lead form shows required validation when submitted empty on Tata Ace","CategoryPages - CategoryListingTruckSeries [tataAce] [en] — Tata Ace","2026-08-27","passed","2026-08-27","","","",""
"**Test Case ID:** TC-TBB-01
**Title:** The Buzz Board section is visible with news articles
**Language:** hi

**Description:**
Open the homepage and locate The Buzz Board. Confirm the section heading and at least one news article title are shown.

**Expected Result:**
The Buzz Board is visible with the correct localized heading and one or more news article titles.

**Steps:**
1. Open the homepage for the selected language
2. Scroll to The Buzz Board
3. Verify heading and article titles are visible","960","TC-TBB-01: The Buzz Board section is visible with news articles","Homepage - TheBuzzBoard [hi]","2026-08-27","passed","2026-08-27","","","",""
"**Test Case ID:** TC-PL-04
**Title:** Call Now assistance lead submits successfully on 5 ton - 10 ton Trucks
**Language:** en

**Description:**
Open the 5 ton - 10 ton Trucks page, click the ""Still confused?"" widget's Call Now button to open the assistance lead form, fill model, name, mobile and city, and submit.

**Expected Result:**
The assistance form closes after a successful submission.

**Steps:**
1. Open the 5 ton - 10 ton Trucks page
2. Click Call Now to open the assistance lead form
3. Fill model, name, mobile and city
4. Submit and verify the assistance form closes","4389","TC-PL-04: Call Now assistance lead submits successfully on 5 ton - 10 ton Trucks","CategoryPages - PayloadListing [ton5to10] [en] — 5 ton - 10 ton Trucks","2026-08-27","passed","2026-08-27","","","",""
"","10390","TC-CL-00: page links resolve 200/30x; broken links are logged, not failed","CategoryPages - CategoryListing [tenWheeler] [en] — 10 Wheeler","2026-08-27","passed","2026-08-27","","","",""
"**Test Case ID:** TC-UTPDP-03
**Title:** Contact Seller lead form rejects mobile that is not 10 digits on Used Truck Detail
**Language:** en

**Description:**
Open a used-truck detail page, click Contact Seller, fill a valid name, an invalid 5-digit mobile number, leave city empty, then submit.

**Expected Result:**
The mobile-format and location-required validation messages are shown, and no lead is submitted.

**Steps:**
1. Open a used-truck detail page
2. Click Contact Seller
3. Fill a valid name and an invalid mobile number
4. Submit with city empty
5. Verify mobile-format and location messages","5125","TC-UTPDP-03: Contact Seller lead form rejects mobile that is not 10 digits on Used Truck Detail","UsedTruck - UsedTruckPdp [en] — Used Truck Detail","2026-08-27","passed","2026-08-27","","","",""
"**Test Case ID:** TC-CL-05
**Title:** listing heading, filters and cards on 6 Wheeler
**Language:** en

**Description:**
Open 6 Wheeler and confirm the page heading and at least one listing card CTA. Filter By is checked when that row is present.

**Expected Result:**
Page heading is visible and at least one listing card button is shown.

**Steps:**
1. Open the 6 Wheeler page
2. Verify the page heading
3. Verify listing cards (and Filter By when present)","1233","TC-CL-05: listing heading, filters and cards on 6 Wheeler","CategoryPages - CategoryListing [sixWheeler] [en] — 6 Wheeler","2026-08-27","passed","2026-08-27","","","",""
"","4329","TC-SRT-11: lists expected sample brands with localized labels","Homepage - SearchRightTruck [en]","2026-08-27","passed","2026-08-27","","","",""
"","11045","TC-TBR-00: page links resolve 200/30x; broken links are logged, not failed","CategoryPages - CategoryListingBrands [ashokLeylandBrand] [en] — Ashok Leyland Trucks","2026-08-27","passed","2026-08-27","","","",""
"","9314","TC-UTPDP-00: page links resolve 200/30x; broken links are logged, not failed","UsedTruck - UsedTruckPdp [en] — Used Truck Detail","2026-08-27","passed","2026-08-27","","","",""
"**Test Case ID:** TC-TMO-02
**Title:** Check Offers lead form shows required validation when submitted empty on Select Your Truck
**Language:** en

**Description:**
Open the Select Your Truck page, open Check Offers on the default tab, and submit with name, mobile and city all left empty.

**Expected Result:**
The real, page-shown validation messages for name, mobile and location are displayed, and no lead is submitted.

**Steps:**
1. Open the Select Your Truck page
2. Click a model card's ""Check Offers"" button
3. Leave name, mobile and city empty and submit
4. Verify all three required-field validation messages are shown","1938","TC-TMO-02: Check Offers lead form shows required validation when submitted empty on Select Your Truck","UtilityPages - TabbedModelOffers [selectYourTruck] [en] — Select Your Truck","2026-08-27","passed","2026-08-27","","","",""
"**Test Case ID:** TC-NLP-05
**Title:** Call Now lead submits successfully on BS6 Trucks
**Language:** en

**Description:**
Open the BS6 Trucks listing page, click Call Now to open its lead form, fill name, mobile and city, and submit.

**Expected Result:**
The assistance lead form closes after a successful submission (verified via the real submit network call). The submitted name is tagged with a page/CTA identifier for CRM traceability.

**Steps:**
1. Open the BS6 Trucks listing page
2. Click Call Now to open its lead form
3. Fill name, mobile and city
4. Submit and verify the confirmation","3850","TC-NLP-05: Call Now lead submits successfully on BS6 Trucks","ListingPages - NewListingPages [bs6Trucks] [en] — BS6 Trucks","2026-08-27","passed","2026-08-27","","","",""
"**Test Case ID:** TC-TYR-01
**Title:** View August Offer lead submits successfully on Tyres
**Language:** en

**Description:**
Open the Tyres page, click a tyre card's ""View August Offer"" button to open its lead form, fill name, mobile and city, and submit.

**Expected Result:**
A Thank You confirmation is shown after a successful lead submission.

**Steps:**
1. Open the Tyres page
2. Click a tyre card's ""View August Offer"" button to open its lead form
3. Fill name, mobile and city
4. Submit and verify Thank You confirmation","19003","TC-TYR-01: View August Offer lead submits successfully on Tyres","UtilityPages - Tyres [en] — Tyres","2026-08-27","failed","2026-08-27","","","",""
"**Test Case ID:** TC-PTB-04
**Title:** No broken brand logos appear in Popular Truck Brands
**Language:** ta

**Description:**
Verify every brand logo image in the Popular Truck Brands section loads successfully and is not broken or missing.

**Expected Result:**
Each brand card logo has a valid image URL and the image finishes loading with a non-zero size (logo is visible to the user).

**Steps:**
1. Open the Popular Truck Brands section
2. For each brand card, check the logo image source
3. Confirm each logo image has loaded successfully","1331","TC-PTB-04: no broken brand logos appear in Popular Truck Brands","Homepage - PopularTruckBrands [ta]","2026-08-27","passed","2026-08-27","","","",""
"**Test Case ID:** TC-BUS-04
**Title:** listing heading, filters and cards on SML ISUZU Buses
**Language:** en

**Description:**
Open SML ISUZU Buses and confirm the page heading and at least one listing card CTA. Filter By is checked when that row is present.

**Expected Result:**
Page heading is visible and at least one listing card button is shown.

**Steps:**
1. Open the SML ISUZU Buses page
2. Verify the page heading
3. Verify listing cards (and Filter By when present)","732","TC-BUS-04: listing heading, filters and cards on SML ISUZU Buses","Buses - BusListing [smlIsuzuBuses] [en] — SML ISUZU Buses","2026-08-27","passed","2026-08-27","","","",""
"","20157","TC-CDT-00: page links resolve 200/30x; broken links are logged, not failed","UtilityPages - ContentDetailPage [sitemap] [en] — Sitemap","2026-08-27","passed","2026-08-27","","","",""
"**Test Case ID:** TC-CL-04
**Title:** Call Now assistance lead submits successfully on HCV
**Language:** en

**Description:**
Open the HCV page, click the ""Still confused?"" widget's Call Now button to open the assistance lead form, fill model, name, mobile and city, and submit.

**Expected Result:**
The assistance form closes after a successful submission.

**Steps:**
1. Open the HCV page
2. Click Call Now to open the assistance lead form
3. Fill model, name, mobile and city
4. Submit and verify the assistance form closes","4539","TC-CL-04: Call Now assistance lead submits successfully on HCV","CategoryPages - CategoryListing [hcv] [en] — HCV","2026-08-27","passed","2026-08-27","","","",""
"**Test Case ID:** TC-NLP-05
**Title:** Call Now lead submits successfully on Latest Trucks
**Language:** en

**Description:**
Open the Latest Trucks listing page, click Call Now to open its lead form, fill name, mobile and city, and submit.

**Expected Result:**
The assistance lead form closes after a successful submission (verified via the real submit network call). The submitted name is tagged with a page/CTA identifier for CRM traceability.

**Steps:**
1. Open the Latest Trucks listing page
2. Click Call Now to open its lead form
3. Fill name, mobile and city
4. Submit and verify the confirmation","4717","TC-NLP-05: Call Now lead submits successfully on Latest Trucks","ListingPages - NewListingPages [latestTrucks] [en] — Latest Trucks","2026-08-27","passed","2026-08-27","","","",""
"","491410","TC-SRT-03: Verify brand and model selection navigates to model PDP page","Homepage - SearchRightTruck [ta]","2026-08-27","passed","2026-08-27","","","",""
"**Test Case ID:** TC-PDPI-04
**Title:** Heading is visible on Tata Yodha 2.0 Price in Gurgaon
**Language:** en

**Description:**
Open Tata Yodha 2.0 Price in Gurgaon and confirm the page heading.

**Expected Result:**
The heading “Tata Yodha 2.0 Price in Gurgaon” is visible.

**Steps:**
1. Open Tata Yodha 2.0 Price in Gurgaon
2. Verify the heading","515","TC-PDPI-04: heading is visible on Tata Yodha 2.0 Price in Gurgaon","PDP - NewTruckInternalPages [yodhaPriceGurgaon] [en] — Tata Yodha 2.0 Price in Gurgaon","2026-08-27","passed","2026-08-27","","","",""
"**Test Case ID:** TC-BUS-02
**Title:** Lead form shows required validation when submitted empty on New Buses
**Language:** en

**Description:**
Open the New Buses page, open the lead form via ""Check Bus Price"", and submit with name, mobile and city all left empty.

**Expected Result:**
The real, page-shown validation messages for name, mobile and location are displayed, and no lead is submitted.

**Steps:**
1. Open the New Buses page
2. Click ""Check Bus Price"" to open its lead form
3. Leave name, mobile and city empty and submit
4. Verify all three required-field validation messages are shown","4582","TC-BUS-02: lead form shows required validation when submitted empty on New Buses","Buses - BusListing [newBuses] [en] — New Buses","2026-08-27","passed","2026-08-27","","","",""
"**Test Case ID:** TC-CL-01
**Title:** Check Truck Price lead submits successfully on 3 Wheeler
**Language:** en

**Description:**
Open the 3 Wheeler page, click a truck card's ""Check Truck Price"" button to open its lead form, fill name, mobile and city, and submit.

**Expected Result:**
A Thank You confirmation is shown after a successful lead submission.

**Steps:**
1. Open the 3 Wheeler page
2. Click a truck card's ""Check Truck Price"" button to open its lead form
3. Fill name, mobile and city
4. Submit and verify Thank You confirmation","5741","TC-CL-01: Check Truck Price lead submits successfully on 3 Wheeler","CategoryPages - CategoryListing [threeWheeler] [en] — 3 Wheeler","2026-08-27","passed","2026-08-27","","","",""
"**Test Case ID:** TC-SEOS-03
**Title:** None of the stored headings are missing on Eka 3W Cargo Price in Mumbai [en]
**Language:** en

**Description:**
Confirm every heading stored for Eka 3W Cargo Price in Mumbai (en) still exists on the live page.

**Expected Result:**
No stored heading is missing on Eka 3W Cargo Price in Mumbai (en).

**Steps:**
1. Open Eka 3W Cargo Price in Mumbai (en)
2. Check each stored heading is still on the page","687","TC-SEOS-03: none of the stored headings are missing on Eka 3W Cargo Price in Mumbai [en]","SEO structure - PDP [ekaPriceMumbai] [en] — Eka 3W Cargo Price in Mumbai","2026-08-27","passed","2026-08-27","","","",""
"","6205","TC-PDPI-00: page links resolve 200/30x; broken links are logged, not failed","PDP - NewTruckInternalPages [yodhaBrochure] [en] — Tata Yodha 2.0 Brochure","2026-08-27","passed","2026-08-27","","","",""
"**Test Case ID:** TC-CDT-01
**Title:** Page heading is visible on News Article Detail
**Language:** en

**Description:**
Open the News Article Detail page and verify its main heading is shown.

**Expected Result:**
The user sees the ""EKA 2.5T: Bharat Ki EVCV with 180 KM Range & 1500 KG Payload"" heading at the top of the page.

**Steps:**
1. Open the News Article Detail page
2. Verify the main page heading is visible","1091","TC-CDT-01: page heading is visible on News Article Detail","UtilityPages - ContentDetailPage [newsDetail] [en] — News Article Detail","2026-08-27","passed","2026-08-27","","","",""
"**Test Case ID:** TC-NTPDP-29
**Title:** FAQ question expands to show an answer for Eka 3W Cargo
**Language:** en

**Description:**
Open a Frequently Asked Question on Eka 3W Cargo and confirm the answer text is shown.

**Expected Result:**
The selected question’s answer is visible.

**Steps:**
1. Scroll to Frequently Asked Questions
2. Click a question
3. Verify the answer is shown","930","TC-NTPDP-29: FAQ question expands to show an answer for Eka 3W Cargo","PDP - NewTruckPdp [leastPopular] [en] — Eka 3W Cargo","2026-08-27","passed","2026-08-27","","Page blocks (same session)","",""
"**Test Case ID:** TC-PDPI-04
**Title:** Heading is visible on Tata Yodha 2.0 Brochure
**Language:** en

**Description:**
Open Tata Yodha 2.0 Brochure and confirm the page heading.

**Expected Result:**
The heading “Tata Yodha 2.0 Brochure” is visible.

**Steps:**
1. Open Tata Yodha 2.0 Brochure
2. Verify the heading","952","TC-PDPI-04: heading is visible on Tata Yodha 2.0 Brochure","PDP - NewTruckInternalPages [yodhaBrochure] [en] — Tata Yodha 2.0 Brochure","2026-08-27","passed","2026-08-27","","","",""
"**Test Case ID:** TC-NTPDP-03
**Title:** Get Offers lead submits successfully for Eka 3W Cargo
**Language:** en

**Description:**
Fill name, mobile and city on the open Get Offers lead for Eka 3W Cargo and submit.

**Expected Result:**
User sees the thank-you confirmation after submitting Get Offers.

**Steps:**
1. On the same launch Get Offers lead after validation
2. Enter name, mobile and city
3. Click Get Offers
4. Verify thank-you message","2606","TC-NTPDP-03: Get Offers lead submits successfully for Eka 3W Cargo","PDP - NewTruckPdp [leastPopular] [en] — Eka 3W Cargo","2026-08-27","passed","2026-08-27","","","",""
"**Test Case ID:** TC-NLP-12
**Title:** Load More shows more truck cards on Find New Trucks
**Language:** en

**Description:**
Click Load More on Find New Trucks and confirm more truck cards appear.

**Expected Result:**
The number of visible card buttons increases after Load More.

**Steps:**
1. Open the Find New Trucks listing page
2. Note how many truck cards are shown
3. Click Load More
4. Verify more cards are shown","1085","TC-NLP-12: Load More shows more truck cards on Find New Trucks","ListingPages - NewListingPages [newTrucks] [en] — Find New Trucks","2026-08-27","passed","2026-08-27","","","",""
"","10502","TC-TBB-00: page links resolve 200/30x; broken links are logged, not failed","Homepage - TheBuzzBoard [en]","2026-08-27","passed","2026-08-27","","","",""
"**Test Case ID:** TC-TSR-01
**Title:** Check Truck Price lead submits successfully on Ashok Leyland Dost
**Language:** en

**Description:**
Open the Ashok Leyland Dost page, click a truck card's ""Check Truck Price"" button to open its lead form, fill name, mobile and city, and submit.

**Expected Result:**
A Thank You confirmation is shown after a successful lead submission.

**Steps:**
1. Open the Ashok Leyland Dost page
2. Click a truck card's ""Check Truck Price"" button to open its lead form
3. Fill name, mobile and city
4. Submit and verify Thank You confirmation","7583","TC-TSR-01: Check Truck Price lead submits successfully on Ashok Leyland Dost","CategoryPages - CategoryListingTruckSeries [ashokLeylandDost] [en] — Ashok Leyland Dost","2026-08-27","passed","2026-08-27","","","",""
"**Test Case ID:** TC-PSH-03
**Title:** View All Used Trucks opens buy-used-trucks listing
**Language:** ta

**Description:**
Click View All Used Trucks in Popular Second Hand Truck and confirm the used trucks listing opens.

**Expected Result:**
The URL is the buy-used-trucks listing for the language (for example /en/buy-used-trucks).

**Steps:**
1. Open Popular Second Hand Truck
2. Click View All Used Trucks
3. Verify the buy-used-trucks listing URL","3356","TC-PSH-03: View All Used Trucks opens buy-used-trucks listing","Homepage - PopularSecondHandTruck [ta]","2026-08-27","passed","2026-08-27","","","",""
"","2083","TC-SRT-06: navigates via Find All Trucks to the new trucks listing","Homepage - SearchRightTruck [ta]","2026-08-27","passed","2026-08-27","","","",""
"**Test Case ID:** TC-ECV-01
**Title:** Electric Commercial Vehicles section is visible
**Language:** ta

**Description:**
Open the homepage and locate the Electric Commercial Vehicles section. Confirm the section is shown with the correct heading for the selected language.

**Expected Result:**
The Electric Commercial Vehicles section is visible and the heading matches the expected localized text (for example, “Electric Commercial Vehicles” in English).

**Steps:**
1. Open the homepage for the selected language
2. Scroll to the Electric Commercial Vehicles section
3. Verify the section and heading are visible","2534","TC-ECV-01: Electric Commercial Vehicles section is visible","Homepage - ElectricCommercialVehicles [ta]","2026-08-27","passed","2026-08-27","","","",""
"","6871","TC-CDT-00: page links resolve 200/30x; broken links are logged, not failed","UtilityPages - ContentDetailPage [authorDetail] [en] — Author Profile","2026-08-27","passed","2026-08-27","","","",""
"**Test Case ID:** TC-NLP-12
**Title:** Load More shows more truck cards on Best Trucks
**Language:** en

**Description:**
Click Load More on Best Trucks and confirm more truck cards appear.

**Expected Result:**
The number of visible card buttons increases after Load More.

**Steps:**
1. Open the Best Trucks listing page
2. Note how many truck cards are shown
3. Click Load More
4. Verify more cards are shown","1607","TC-NLP-12: Load More shows more truck cards on Best Trucks","ListingPages - NewListingPages [bestTrucks] [en] — Best Trucks","2026-08-27","passed","2026-08-27","","","",""
"**Test Case ID:** TC-CL-01
**Title:** Check Truck Price lead submits successfully on 12 Wheeler
**Language:** en

**Description:**
Open the 12 Wheeler page, click a truck card's ""Check Truck Price"" button to open its lead form, fill name, mobile and city, and submit.

**Expected Result:**
A Thank You confirmation is shown after a successful lead submission.

**Steps:**
1. Open the 12 Wheeler page
2. Click a truck card's ""Check Truck Price"" button to open its lead form
3. Fill name, mobile and city
4. Submit and verify Thank You confirmation","6771","TC-CL-01: Check Truck Price lead submits successfully on 12 Wheeler","CategoryPages - CategoryListing [twelveWheeler] [en] — 12 Wheeler","2026-08-27","passed","2026-08-27","","","",""
"","12031","TC-PL-00: page links resolve 200/30x; broken links are logged, not failed","CategoryPages - PayloadListing [ton1to2_5] [en] — 1 ton - 2.5 ton Trucks","2026-08-27","passed","2026-08-27","","","",""
"**Test Case ID:** TC-CL-05
**Title:** listing heading, filters and cards on 14 Wheeler
**Language:** en

**Description:**
Open 14 Wheeler and confirm the page heading and at least one listing card CTA. Filter By is checked when that row is present.

**Expected Result:**
Page heading is visible and at least one listing card button is shown.

**Steps:**
1. Open the 14 Wheeler page
2. Verify the page heading
3. Verify listing cards (and Filter By when present)","2125","TC-CL-05: listing heading, filters and cards on 14 Wheeler","CategoryPages - CategoryListing [fourteenWheeler] [en] — 14 Wheeler","2026-08-27","passed","2026-08-27","","","",""
"","13957","TC-PTB-00: page links resolve 200/30x; broken links are logged, not failed","Homepage - PopularTruckBrands [en]","2026-08-27","passed","2026-08-27","","","",""
"**Test Case ID:** TC-PL-03
**Title:** Check Truck Price lead form rejects mobile that is not 10 digits on 20 ton - 40 ton Trucks
**Language:** en

**Description:**
Open the 20 ton - 40 ton Trucks page, open Check Truck Price, fill a valid name, an invalid (5-digit) mobile number, and leave city empty, then submit.

**Expected Result:**
The real, page-shown mobile-format and location-required validation messages are displayed, and no lead is submitted.

**Steps:**
1. Open the 20 ton - 40 ton Trucks page
2. Click a truck card's ""Check Truck Price"" button to open its lead form
3. Fill a valid name and an invalid mobile number
4. Submit with city left empty
5. Verify the mobile-format and location validation messages are shown","3279","TC-PL-03: Check Truck Price lead form rejects mobile that is not 10 digits on 20 ton - 40 ton Trucks","CategoryPages - PayloadListing [ton20to40] [en] — 20 ton - 40 ton Trucks","2026-08-27","passed","2026-08-27","","","",""
"","6037","TC-TYRL-00: page links resolve 200/30x; broken links are logged, not failed","UtilityPages - TyresListing [jkTyres] [en] [desktop] — JK Tyres","2026-08-27","passed","2026-08-27","","","",""
"**Test Case ID:** TC-FRU-04
**Title:** No city link shares another city's listing URL
**Language:** ta

**Description:**
Confirm the first two city links do not point at each other's used-truck-in URL.

**Expected Result:**
Each city card links only to its own city listing URL.

**Steps:**
1. Open Find Reliable Used Trucks Near You
2. Verify the first city's link does not use the second city's URL, and vice versa","1697","TC-FRU-04: no city link shares another city's listing URL","Homepage - FindReliableUsedTrucksNearYou [ta]","2026-08-27","passed","2026-08-27","","","",""
"","5720","TC-SRT-14: lists expected budget ranges with localized labels","Homepage - SearchRightTruck [en]","2026-08-27","passed","2026-08-27","","","",""
"**Test Case ID:** TC-PSH-05
**Title:** No visible product card links to a duplicate used truck
**Language:** ta

**Description:**
Confirm every visible product name in Popular Second Hand Truck links to a distinct used truck.

**Expected Result:**
No two visible product cards share the same href.

**Steps:**
1. Open Popular Second Hand Truck
2. Verify all visible product links are unique","1804","TC-PSH-05: no visible product card links to a duplicate used truck","Homepage - PopularSecondHandTruck [ta]","2026-08-27","passed","2026-08-27","","","",""
"**Test Case ID:** TC-CL-03
**Title:** Check Truck Price lead form rejects mobile that is not 10 digits on Diesel Trucks
**Language:** en

**Description:**
Open the Diesel Trucks page, open Check Truck Price, fill a valid name, an invalid (5-digit) mobile number, and leave city empty, then submit.

**Expected Result:**
The real, page-shown mobile-format and location-required validation messages are displayed, and no lead is submitted.

**Steps:**
1. Open the Diesel Trucks page
2. Click a truck card's ""Check Truck Price"" button to open its lead form
3. Fill a valid name and an invalid mobile number
4. Submit with city left empty
5. Verify the mobile-format and location validation messages are shown","4172","TC-CL-03: Check Truck Price lead form rejects mobile that is not 10 digits on Diesel Trucks","CategoryPages - CategoryListing [diesel] [en] — Diesel Trucks","2026-08-27","passed","2026-08-27","","","",""
"**Test Case ID:** TC-TYRL-03
**Title:** A second Load More still adds tyre cards on CEAT Tyres
**Language:** en

**Description:**
Click Load More once on CEAT Tyres, then again if it is still shown, and confirm the card list keeps growing.

**Expected Result:**
The first Load More adds cards. If Load More remains, a second click adds still more cards.

**Steps:**
1. Open CEAT Tyres
2. Click Load More and verify more cards
3. Click Load More again if it is still shown","1413","TC-TYRL-03: a second Load More still adds tyre cards on CEAT Tyres","UtilityPages - TyresListing [ceatTyres] [en] [desktop] — CEAT Tyres","2026-08-27","passed","2026-08-27","","","",""
"**Test Case ID:** TC-NLP-08
**Title:** page heading is visible on BS6 Trucks
**Language:** en

**Description:**
Open the BS6 Trucks listing page and confirm the main page heading the user sees.

**Expected Result:**
The heading “BS6 Trucks” is visible.

**Steps:**
1. Open the BS6 Trucks listing page
2. Verify the page heading","881","TC-NLP-08: page heading is visible on BS6 Trucks","ListingPages - NewListingPages [bs6Trucks] [en] — BS6 Trucks","2026-08-27","passed","2026-08-27","","","",""
"","670","TC-NLP-11: FAQ question expands on BS6 Trucks","ListingPages - NewListingPages [bs6Trucks] [en] — BS6 Trucks","2026-08-27","skipped","2026-08-27","","","",""
"**Test Case ID:** TC-UTPDP-06
**Title:** Check Offers lead form rejects mobile that is not 10 digits on Used Truck Detail
**Language:** en

**Description:**
Open Check Offers on a used-truck detail page, fill a valid name and an invalid 5-digit mobile, leave city empty, then submit.

**Expected Result:**
The mobile-format and location-required validation messages are shown.

**Steps:**
1. Open a used-truck detail page
2. Click Check Offers
3. Fill invalid mobile
4. Verify mobile-format and location messages","4940","TC-UTPDP-06: Check Offers lead form rejects mobile that is not 10 digits on Used Truck Detail","UsedTruck - UsedTruckPdp [en] — Used Truck Detail","2026-08-27","passed","2026-08-27","","","",""
"**Test Case ID:** TC-NLP-06
**Title:** Check Offers lead form shows required validation when submitted empty on Latest Trucks
**Language:** en

**Description:**
Open the Latest Trucks listing page, open Check Offers, and submit with name, mobile and city all left empty.

**Expected Result:**
The real, page-shown validation messages for name, mobile and location are displayed, and no lead is submitted.

**Steps:**
1. Open the Latest Trucks listing page
2. Click Check Offers to open its lead form
3. Leave name, mobile and city empty and submit
4. Verify all three required-field validation messages are shown","2996","TC-NLP-06: Check Offers lead form shows required validation when submitted empty on Latest Trucks","ListingPages - NewListingPages [latestTrucks] [en] — Latest Trucks","2026-08-27","passed","2026-08-27","","","",""
"**Test Case ID:** TC-CT-06
**Title:** Popular Models by Category tab switch on Compare Trucks
**Language:** en

**Description:**
Switch Popular Models by Category to Mini Trucks on Compare Trucks.

**Expected Result:**
Mini Trucks becomes the active tab.

**Steps:**
1. Open the Compare Trucks page
2. Scroll to Popular Models by Category
3. Click Mini Trucks
4. Verify Mini Trucks is active","1571","TC-CT-06: Popular Models by Category tab switch on Compare Trucks","Compare - CompareTrucks [en] — Compare Trucks","2026-08-27","passed","2026-08-27","","","",""
"","2416","TC-CL-04: Call Now assistance lead submits successfully on Tippers","CategoryPages - CategoryListing [tippers] [en] — Tippers","2026-08-27","skipped","2026-08-27","","","",""
"**Test Case ID:** TC-PDPI-06
**Title:** FAQ question expands on Tata Yodha 2.0 Specifications
**Language:** en

**Description:**
Open a Frequently Asked Question on Tata Yodha 2.0 Specifications and confirm it expands.

**Expected Result:**
An FAQ question is present and can be opened.

**Steps:**
1. Open Tata Yodha 2.0 Specifications
2. Open an FAQ question","1179","TC-PDPI-06: FAQ question expands on Tata Yodha 2.0 Specifications","PDP - NewTruckInternalPages [yodhaSpecifications] [en] — Tata Yodha 2.0 Specifications","2026-08-27","passed","2026-08-27","","","",""
"**Test Case ID:** TC-LMC-01
**Title:** Latest Models by Category section is visible with tabs
**Language:** hi

**Description:**
Open the homepage and locate Latest Models by Category. Confirm the section heading and all category tabs are shown.

**Expected Result:**
The section is visible with the correct heading and tabs for 3 Wheelers, Auto Rickshaw, E Rickshaw, Mini Trucks, and SCV (localized for the language).

**Steps:**
1. Open the homepage for the selected language
2. Scroll to Latest Models by Category
3. Verify heading and all category tabs are visible","1794","TC-LMC-01: Latest Models by Category section is visible with tabs","Homepage - LatestModelsByCategory [hi]","2026-08-27","passed","2026-08-27","","","",""
"**Test Case ID:** TC-CL-05
**Title:** listing heading, filters and cards on Trailers
**Language:** en

**Description:**
Open Trailers and confirm the page heading and at least one listing card CTA. Filter By is checked when that row is present.

**Expected Result:**
Page heading is visible and at least one listing card button is shown.

**Steps:**
1. Open the Trailers page
2. Verify the page heading
3. Verify listing cards (and Filter By when present)","1775","TC-CL-05: listing heading, filters and cards on Trailers","CategoryPages - CategoryListing [trailers] [en] — Trailers","2026-08-27","passed","2026-08-27","","","",""
"","14028","TC-TSR-00: page links resolve 200/30x; broken links are logged, not failed","CategoryPages - CategoryListingTruckSeries [mahindraBlazo] [en] — Mahindra Blazo","2026-08-27","passed","2026-08-27","","","",""
"","1168","TC-CL-04: Call Now assistance lead submits successfully on Mini Trucks","CategoryPages - CategoryListing [miniTrucks] [en] — Mini Trucks","2026-08-27","skipped","2026-08-27","","","",""
"**Test Case ID:** TC-PSH-02
**Title:** First used-truck product name navigates to used PDP
**Language:** en

**Description:**
Click the first visible used-truck product name in Popular Second Hand Truck and confirm the used-truck detail page opens.

**Expected Result:**
The browser URL matches that listing’s used-truck PDP path for the selected language.

**Steps:**
1. Open Popular Second Hand Truck
2. Click the first visible product name
3. Verify the URL is the matching used-truck PDP","2419","TC-PSH-02: first used-truck product name navigates to used PDP","Homepage - PopularSecondHandTruck [en]","2026-08-27","passed","2026-08-27","","","",""
"**Test Case ID:** TC-TYRL-02
**Title:** Load More is not shown on Apollo Tyres
**Language:** en

**Description:**
Confirm Apollo Tyres does not show a Load More button (this listing is fully shown on first load).

**Expected Result:**
No Load More button is present.

**Steps:**
1. Open Apollo Tyres
2. Verify Load More is not shown","832","TC-TYRL-02: Load More is not shown on Apollo Tyres","UtilityPages - TyresListing [apolloTyres] [en] [desktop] — Apollo Tyres","2026-08-27","passed","2026-08-27","","","",""
"","5372","TC-TYRL-00: page links resolve 200/30x; broken links are logged, not failed","UtilityPages - TyresListing [ceatTyres] [en] [desktop] — CEAT Tyres","2026-08-27","passed","2026-08-27","","","",""
"**Test Case ID:** TC-CL-01
**Title:** Check Truck Price lead submits successfully on HCV
**Language:** en

**Description:**
Open the HCV page, click a truck card's ""Check Truck Price"" button to open its lead form, fill name, mobile and city, and submit.

**Expected Result:**
A Thank You confirmation is shown after a successful lead submission.

**Steps:**
1. Open the HCV page
2. Click a truck card's ""Check Truck Price"" button to open its lead form
3. Fill name, mobile and city
4. Submit and verify Thank You confirmation","4105","TC-CL-01: Check Truck Price lead submits successfully on HCV","CategoryPages - CategoryListing [hcv] [en] — HCV","2026-08-27","passed","2026-08-27","","","",""
"**Test Case ID:** TC-CVP-04
**Title:** Check Offers lead form rejects mobile that is not 10 digits on CV Permit
**Language:** en

**Description:**
Open the CV Permit page, open Check Offers, fill a valid name, an invalid (5-digit) mobile number, and leave city empty, then submit.

**Expected Result:**
The real, page-shown mobile-format and location-required validation messages are displayed, and no lead is submitted.

**Steps:**
1. Open the CV Permit page
2. Open the Check Offers lead form
3. Fill a valid name and an invalid mobile number
4. Submit with city left empty
5. Verify the mobile-format and location validation messages are shown","2606","TC-CVP-04: Check Offers lead form rejects mobile that is not 10 digits on CV Permit","UsedTruck - CvPermit [en] — CV Permit","2026-08-27","passed","2026-08-27","","","",""
"","5173","TC-BUSPDP-00: page links resolve 200/30x; broken links are logged, not failed","Buses - BusPdp [starbusUltraCityElectric] [en] — Tata Starbus Ultra City Electric","2026-08-27","passed","2026-08-27","","","",""
"**Test Case ID:** TC-NLP-11
**Title:** FAQ question expands on Latest Trucks
**Language:** en

**Description:**
Open a Frequently Asked Question on Latest Trucks and confirm the answer is shown.

**Expected Result:**
The selected question’s answer is visible.

**Steps:**
1. Open the Latest Trucks listing page
2. Scroll to Frequently Asked Questions
3. Open a question
4. Verify the answer is shown","2314","TC-NLP-11: FAQ question expands on Latest Trucks","ListingPages - NewListingPages [latestTrucks] [en] — Latest Trucks","2026-08-27","passed","2026-08-27","","","",""
"","9003","TC-CL-00: page links resolve 200/30x; broken links are logged, not failed","CategoryPages - CategoryListing [sixteenWheeler] [en] — 16 Wheeler","2026-08-27","passed","2026-08-27","","","",""
"**Test Case ID:** TC-TSR-04
**Title:** listing heading, filters and cards on Mahindra Blazo
**Language:** en

**Description:**
Open Mahindra Blazo and confirm the page heading and at least one listing card CTA. Filter By is checked when that row is present.

**Expected Result:**
Page heading is visible and at least one listing card button is shown.

**Steps:**
1. Open the Mahindra Blazo page
2. Verify the page heading
3. Verify listing cards (and Filter By when present)","2247","TC-TSR-04: listing heading, filters and cards on Mahindra Blazo","CategoryPages - CategoryListingTruckSeries [mahindraBlazo] [en] — Mahindra Blazo","2026-08-27","passed","2026-08-27","","","",""
"**Test Case ID:** TC-CL-04
**Title:** Call Now assistance lead submits successfully on SCV
**Language:** en

**Description:**
Open the SCV page, click the ""Still confused?"" widget's Call Now button to open the assistance lead form, fill model, name, mobile and city, and submit.

**Expected Result:**
The assistance form closes after a successful submission.

**Steps:**
1. Open the SCV page
2. Click Call Now to open the assistance lead form
3. Fill model, name, mobile and city
4. Submit and verify the assistance form closes","5399","TC-CL-04: Call Now assistance lead submits successfully on SCV","CategoryPages - CategoryListing [scv] [en] — SCV","2026-08-27","passed","2026-08-27","","","",""
"**Test Case ID:** TC-PL-01
**Title:** Check Truck Price lead submits successfully on 5 ton - 10 ton Trucks
**Language:** en

**Description:**
Open the 5 ton - 10 ton Trucks page, click a truck card's ""Check Truck Price"" button to open its lead form, fill name, mobile and city, and submit.

**Expected Result:**
A Thank You confirmation is shown after a successful lead submission.

**Steps:**
1. Open the 5 ton - 10 ton Trucks page
2. Click a truck card's ""Check Truck Price"" button to open its lead form
3. Fill name, mobile and city
4. Submit and verify Thank You confirmation","5921","TC-PL-01: Check Truck Price lead submits successfully on 5 ton - 10 ton Trucks","CategoryPages - PayloadListing [ton5to10] [en] — 5 ton - 10 ton Trucks","2026-08-27","passed","2026-08-27","","","",""
"**Test Case ID:** TC-NTPDP-07
**Title:** Key Specs block for Eka 3W Cargo
**Language:** en

**Description:**
Scroll to Key Specs and verify expected spec labels for Eka 3W Cargo.

**Expected Result:**
Key Specs heading and each expected label (GVW, Payload, …) are visible.

**Steps:**
1. Open PDP
2. Scroll to Key Specs
3. Verify heading and spec labels","540","TC-NTPDP-07: Key Specs block for Eka 3W Cargo","PDP - NewTruckPdp [leastPopular] [en] — Eka 3W Cargo","2026-08-27","passed","2026-08-27","","Page blocks (same session)","",""
"**Test Case ID:** TC-TYRL-03
**Title:** A second Load More still adds tyre cards on Latest Truck Tyres
**Language:** en

**Description:**
Click Load More once on Latest Truck Tyres, then again if it is still shown, and confirm the card list keeps growing.

**Expected Result:**
The first Load More adds cards. If Load More remains, a second click adds still more cards.

**Steps:**
1. Open Latest Truck Tyres
2. Click Load More and verify more cards
3. Click Load More again if it is still shown","1223","TC-TYRL-03: a second Load More still adds tyre cards on Latest Truck Tyres","UtilityPages - TyresListing [latestTruckTyres] [en] [desktop] — Latest Truck Tyres","2026-08-27","passed","2026-08-27","","","",""
"**Test Case ID:** TC-TYRL-02
**Title:** Load More is not shown on Tyres
**Language:** en

**Description:**
Confirm Tyres does not show a Load More button (this listing is fully shown on first load).

**Expected Result:**
No Load More button is present.

**Steps:**
1. Open Tyres
2. Verify Load More is not shown","904","TC-TYRL-02: Load More is not shown on Tyres","UtilityPages - TyresListing [tyres] [en] [desktop] — Tyres","2026-08-27","passed","2026-08-27","","","",""
"**Test Case ID:** TC-LMC-02
**Title:** First product name on default tab navigates to truck PDP
**Language:** en

**Description:**
On the default category tab, click the first visible truck product name and confirm the truck product detail page opens.

**Expected Result:**
The browser URL matches that product’s truck PDP path for the selected language.

**Steps:**
1. Open Latest Models by Category
2. Click the first visible product name on the active tab
3. Verify the URL is the matching truck PDP","3455","TC-LMC-02: first product name on default tab navigates to truck PDP","Homepage - LatestModelsByCategory [en]","2026-08-27","passed","2026-08-27","","","",""
"**Test Case ID:** TC-BR-04
**Title:** Download Brochure lead submits successfully from the ""Latest"" tab on Brochure
**Language:** en

**Description:**
Open the Brochure page, switch the ""Best Selling Trucks"" carousel to the ""Latest"" tab, click a card's Download Brochure button to open its lead form (the same shared Check Offers modal used elsewhere on the page), fill name, mobile and city, and submit. Every tab is its own entry point even though all tabs open the same underlying form.

**Expected Result:**
A Thank You confirmation is shown after a successful lead submission.

**Steps:**
1. Open the Brochure page
2. Switch the Best Selling Trucks carousel to the ""Latest"" tab
3. Click a card's Download Brochure button to open its lead form
4. Fill name, mobile and city
5. Submit and verify Thank You confirmation","4473","TC-BR-04: Download Brochure lead submits successfully from the ""Latest"" tab on Brochure","Brochure - Brochure [en] — Brochure","2026-08-27","passed","2026-08-27","","","",""
"**Test Case ID:** TC-PSH-02
**Title:** First used-truck product name navigates to used PDP
**Language:** hi

**Description:**
Click the first visible used-truck product name in Popular Second Hand Truck and confirm the used-truck detail page opens.

**Expected Result:**
The browser URL matches that listing’s used-truck PDP path for the selected language.

**Steps:**
1. Open Popular Second Hand Truck
2. Click the first visible product name
3. Verify the URL is the matching used-truck PDP","2030","TC-PSH-02: first used-truck product name navigates to used PDP","Homepage - PopularSecondHandTruck [hi]","2026-08-27","passed","2026-08-27","","","",""
"**Test Case ID:** TC-CL-01
**Title:** Check Truck Price lead submits successfully on Auto Rickshaw
**Language:** en

**Description:**
Open the Auto Rickshaw page, click a truck card's ""Check Truck Price"" button to open its lead form, fill name, mobile and city, and submit.

**Expected Result:**
A Thank You confirmation is shown after a successful lead submission.

**Steps:**
1. Open the Auto Rickshaw page
2. Click a truck card's ""Check Truck Price"" button to open its lead form
3. Fill name, mobile and city
4. Submit and verify Thank You confirmation","4006","TC-CL-01: Check Truck Price lead submits successfully on Auto Rickshaw","CategoryPages - CategoryListing [autoRickshaw] [en] — Auto Rickshaw","2026-08-27","passed","2026-08-27","","","",""
"","46","TC-NTPDP-26: SecondaryNavbar Calculate EMI jumps to the EMI calculator for Eka 3W Cargo","PDP - NewTruckPdp [leastPopular] [en] — Eka 3W Cargo","2026-08-27","skipped","2026-08-27","","Page blocks (same session)","",""
"","7300","TC-CDT-00: page links resolve 200/30x; broken links are logged, not failed","UtilityPages - ContentDetailPage [blogDetail] [en] — Blog Article Detail","2026-08-27","passed","2026-08-27","","","",""
"","7627","TC-CNT-00: page links resolve 200/30x; broken links are logged, not failed","UtilityPages - ContentPage [dealers] [en] — Dealers","2026-08-27","passed","2026-08-27","","","",""
"**Test Case ID:** TC-PSH-01
**Title:** Popular Second Hand Truck section is visible
**Language:** ta

**Description:**
Open the homepage and locate Popular Second Hand Truck. Confirm the section and heading are shown.

**Expected Result:**
The Popular Second Hand Truck section is visible with the correct localized heading.

**Steps:**
1. Open the homepage for the selected language
2. Scroll to Popular Second Hand Truck
3. Verify the section and heading are visible","1626","TC-PSH-01: Popular Second Hand Truck section is visible","Homepage - PopularSecondHandTruck [ta]","2026-08-27","passed","2026-08-27","","","",""
"","14588","TC-CT-00: page links resolve 200/30x; broken links are logged, not failed","Compare - CompareTrucks [en] — Compare Trucks","2026-08-27","passed","2026-08-27","","","",""
"**Test Case ID:** TC-PDPI-01
**Title:** Check Offers lead submits successfully on Eka 3W Cargo Price in Mumbai
**Language:** en

**Description:**
Open Eka 3W Cargo Price in Mumbai, click “Check Offers”, fill name, mobile and city, and submit.

**Expected Result:**
A Thank You confirmation is shown after a successful lead submission. The submitted name is testqa.

**Steps:**
1. Open Eka 3W Cargo Price in Mumbai
2. Click Check Offers
3. Fill name, mobile and city
4. Submit and verify Thank You","5620","TC-PDPI-01: Check Offers lead submits successfully on Eka 3W Cargo Price in Mumbai","PDP - NewTruckInternalPages [ekaPriceMumbai] [en] — Eka 3W Cargo Price in Mumbai","2026-08-27","passed","2026-08-27","","","",""
"","14811","TC-TSR-00: page links resolve 200/30x; broken links are logged, not failed","CategoryPages - CategoryListingTruckSeries [tataAce] [en] — Tata Ace","2026-08-27","passed","2026-08-27","","","",""
"**Test Case ID:** TC-PDPI-02
**Title:** Check Offers lead form shows required validation when submitted empty on Tata Yodha 2.0 Videos
**Language:** en

**Description:**
Open Tata Yodha 2.0 Videos, click “Check Offers”, and submit with name, mobile and city all left empty.

**Expected Result:**
The real required-field validation messages for name, mobile and location are shown, and no lead is submitted.

**Steps:**
1. Open Tata Yodha 2.0 Videos
2. Click Check Offers
3. Leave name, mobile and city empty and submit
4. Verify the three required-field messages","2076","TC-PDPI-02: Check Offers lead form shows required validation when submitted empty on Tata Yodha 2.0 Videos","PDP - NewTruckInternalPages [yodhaVideos] [en] — Tata Yodha 2.0 Videos","2026-08-27","passed","2026-08-27","","","",""
"**Test Case ID:** TC-TBB-01
**Title:** The Buzz Board section is visible with news articles
**Language:** en

**Description:**
Open the homepage and locate The Buzz Board. Confirm the section heading and at least one news article title are shown.

**Expected Result:**
The Buzz Board is visible with the correct localized heading and one or more news article titles.

**Steps:**
1. Open the homepage for the selected language
2. Scroll to The Buzz Board
3. Verify heading and article titles are visible","2388","TC-TBB-01: The Buzz Board section is visible with news articles","Homepage - TheBuzzBoard [en]","2026-08-27","passed","2026-08-27","","","",""
"","5735","TC-BUS-00: page links resolve 200/30x; broken links are logged, not failed","Buses - BusListing [smlIsuzuBuses] [en] — SML ISUZU Buses","2026-08-27","passed","2026-08-27","","","",""
"**Test Case ID:** TC-NLP-06
**Title:** Check Offers lead form shows required validation when submitted empty on Find New Trucks
**Language:** en

**Description:**
Open the Find New Trucks listing page, open Check Offers, and submit with name, mobile and city all left empty.

**Expected Result:**
The real, page-shown validation messages for name, mobile and location are displayed, and no lead is submitted.

**Steps:**
1. Open the Find New Trucks listing page
2. Click Check Offers to open its lead form
3. Leave name, mobile and city empty and submit
4. Verify all three required-field validation messages are shown","3135","TC-NLP-06: Check Offers lead form shows required validation when submitted empty on Find New Trucks","ListingPages - NewListingPages [newTrucks] [en] — Find New Trucks","2026-08-27","passed","2026-08-27","","","",""
"**Test Case ID:** TC-CL-02
**Title:** Check Truck Price lead form shows required validation when submitted empty on Petrol Trucks
**Language:** en

**Description:**
Open the Petrol Trucks page, open Check Truck Price, and submit with name, mobile and city all left empty.

**Expected Result:**
The real, page-shown validation messages for name, mobile and location are displayed, and no lead is submitted.

**Steps:**
1. Open the Petrol Trucks page
2. Click a truck card's ""Check Truck Price"" button to open its lead form
3. Leave name, mobile and city empty and submit
4. Verify all three required-field validation messages are shown","2656","TC-CL-02: Check Truck Price lead form shows required validation when submitted empty on Petrol Trucks","CategoryPages - CategoryListing [petrol] [en] — Petrol Trucks","2026-08-27","passed","2026-08-27","","","",""
"","707","TC-TYRL-02: Load More is not shown on Goodyear Tyres","UtilityPages - TyresListing [goodyearTyres] [en] [desktop] — Goodyear Tyres","2026-08-27","skipped","2026-08-27","","","",""
"**Test Case ID:** TC-BUS-01
**Title:** Lead submits successfully on Popular Buses
**Language:** en

**Description:**
Open the Popular Buses page, click ""Check Bus Price"" to open its lead form, fill name, mobile and city, and submit.

**Expected Result:**
A Thank You confirmation is shown after a successful lead submission.

**Steps:**
1. Open the Popular Buses page
2. Click ""Check Bus Price"" to open its lead form
3. Fill name, mobile and city
4. Submit and verify Thank You confirmation","4371","TC-BUS-01: lead submits successfully on Popular Buses","Buses - BusListing [popularBuses] [en] — Popular Buses","2026-08-27","passed","2026-08-27","","","",""
"**Test Case ID:** TC-PDPI-03
**Title:** Check Offers lead form rejects mobile that is not 10 digits on Tata Yodha 2.0 Images
**Language:** en

**Description:**
Open Tata Yodha 2.0 Images, click “Check Offers”, fill a valid name, an invalid 5-digit mobile number, leave city empty, then submit.

**Expected Result:**
The mobile-format and location-required validation messages are shown, and no lead is submitted.

**Steps:**
1. Open Tata Yodha 2.0 Images
2. Click Check Offers
3. Fill a valid name and an invalid mobile number
4. Submit with city empty
5. Verify mobile-format and location messages","5096","TC-PDPI-03: Check Offers lead form rejects mobile that is not 10 digits on Tata Yodha 2.0 Images","PDP - NewTruckInternalPages [yodhaImages] [en] — Tata Yodha 2.0 Images","2026-08-27","passed","2026-08-27","","","",""
"**Test Case ID:** TC-NLP-10
**Title:** truck listing, filters and cards on Best Trucks
**Language:** en

**Description:**
Confirm the truck listing block on Best Trucks shows a count heading, the Filter By row, and at least one truck card CTA.

**Expected Result:**
Listing heading with a count, Filter By / Reset All / Apply Filter, and at least one card button are visible.

**Steps:**
1. Open the Best Trucks listing page
2. Verify the listing heading
3. Verify Filter By controls
4. Verify at least one “Check Truck Price” card button","1535","TC-NLP-10: truck listing, filters and cards on Best Trucks","ListingPages - NewListingPages [bestTrucks] [en] — Best Trucks","2026-08-27","passed","2026-08-27","","","",""
"**Test Case ID:** TC-NTPDP-20
**Title:** News block for Tata Yodha 2.0
**Language:** en

**Description:**
Verify News section when present on Tata Yodha 2.0.

**Expected Result:**
News heading is visible, or skipped.

**Steps:**
1. Open PDP
2. Locate News if present","203","TC-NTPDP-20: News block for Tata Yodha 2.0","PDP - NewTruckPdp [mostPopular] [en] — Tata Yodha 2.0","2026-08-27","passed","2026-08-27","","Page blocks (same session)","",""
"**Test Case ID:** TC-NTPDP-13
**Title:** Images block for Tata Yodha 2.0
**Language:** en

**Description:**
Verify Images section when present on Tata Yodha 2.0.

**Expected Result:**
Images heading is visible, or skipped if not on this PDP.

**Steps:**
1. Open PDP
2. Locate Images heading if present","262","TC-NTPDP-13: Images block for Tata Yodha 2.0","PDP - NewTruckPdp [mostPopular] [en] — Tata Yodha 2.0","2026-08-27","passed","2026-08-27","","Page blocks (same session)","",""
"","2857","TC-SRT-15: clears brand selection after switching away and back to Brand tab","Homepage - SearchRightTruck [hi]","2026-08-27","passed","2026-08-27","","","",""
"**Test Case ID:** TC-NTPDP-02
**Title:** Get Offers lead closes via Cross for Eka 3W Cargo
**Language:** en

**Description:**
Close the thank-you / lead overlay on Eka 3W Cargo PDP using the Cross (Close) control.

**Expected Result:**
The overlay disappears and the product page content is usable.

**Steps:**
1. After thank-you from lead submit
2. Click Close (×)
3. Verify the page hero is usable","1231","TC-NTPDP-02: Get Offers lead closes via Cross for Eka 3W Cargo","PDP - NewTruckPdp [leastPopular] [en] — Eka 3W Cargo","2026-08-27","passed","2026-08-27","","","",""
"**Test Case ID:** TC-NTPDP-01
**Title:** Get Offers lead opens on launch for Eka 3W Cargo
**Language:** en

**Description:**
Open the New Truck PDP for Eka 3W Cargo. Confirm the Get Offers lead popup appears on page load with the correct offers title.

**Expected Result:**
User sees “Check Latest Offers on Eka 3W Cargo” with name, mobile, city fields and a Get Offers button.

**Steps:**
1. Open Eka 3W Cargo PDP without dismissing the launch popup
2. Verify Get Offers lead title and fields are visible","243","TC-NTPDP-01: Get Offers lead opens on launch for Eka 3W Cargo","PDP - NewTruckPdp [leastPopular] [en] — Eka 3W Cargo","2026-08-27","passed","2026-08-27","","","",""
"**Test Case ID:** TC-ECV-05
**Title:** Check Offers lead form shows required validation when submitted empty
**Language:** en

**Description:**
Open Check Offers in Electric Commercial Vehicles and submit with name, mobile and city all left empty.

**Expected Result:**
The real, page-shown validation messages for name, mobile and location are displayed, and no lead is submitted.

**Steps:**
1. Open Check Offers on one visible card
2. Leave name, mobile and city empty and submit
3. Verify all three required-field validation messages are shown","4255","TC-ECV-05: Check Offers lead form shows required validation when submitted empty","Homepage - ElectricCommercialVehicles [en]","2026-08-27","passed","2026-08-27","","","",""
"**Test Case ID:** TC-TBR-02
**Title:** Check Truck Price lead form shows required validation when submitted empty on Mahindra Trucks
**Language:** en

**Description:**
Open the Mahindra Trucks page, open Check Truck Price, and submit with name, mobile and city all left empty.

**Expected Result:**
The real, page-shown validation messages for name, mobile and location are displayed, and no lead is submitted.

**Steps:**
1. Open the Mahindra Trucks page
2. Click a truck card's ""Check Truck Price"" button to open its lead form
3. Leave name, mobile and city empty and submit
4. Verify all three required-field validation messages are shown","4831","TC-TBR-02: Check Truck Price lead form shows required validation when submitted empty on Mahindra Trucks","CategoryPages - CategoryListingBrands [mahindraBrand] [en] — Mahindra Trucks","2026-08-27","passed","2026-08-27","","","",""
"**Test Case ID:** TC-CL-03
**Title:** Check Truck Price lead form rejects mobile that is not 10 digits on 12 Wheeler
**Language:** en

**Description:**
Open the 12 Wheeler page, open Check Truck Price, fill a valid name, an invalid (5-digit) mobile number, and leave city empty, then submit.

**Expected Result:**
The real, page-shown mobile-format and location-required validation messages are displayed, and no lead is submitted.

**Steps:**
1. Open the 12 Wheeler page
2. Click a truck card's ""Check Truck Price"" button to open its lead form
3. Fill a valid name and an invalid mobile number
4. Submit with city left empty
5. Verify the mobile-format and location validation messages are shown","4891","TC-CL-03: Check Truck Price lead form rejects mobile that is not 10 digits on 12 Wheeler","CategoryPages - CategoryListing [twelveWheeler] [en] — 12 Wheeler","2026-08-27","passed","2026-08-27","","","",""
"**Test Case ID:** TC-PTC-03
**Title:** View All Comparison opens compare listing
**Language:** en

**Description:**
Click View All Comparison in Popular Truck Comparison and confirm the compare listing opens.

**Expected Result:**
The URL is the compare listing for the language (for example /en/compare).

**Steps:**
1. Open Popular Truck Comparison
2. Click View All Comparison
3. Verify the compare listing URL","2149","TC-PTC-03: View All Comparison opens compare listing","Homepage - PopularTruckComparison [en]","2026-08-27","passed","2026-08-27","","","",""
"**Test Case ID:** TC-LR-03
**Title:** Login shows required validation when submitted empty
**Language:** en

**Description:**
On the LOGIN form, click Login with Email / Mobile no left empty.

**Expected Result:**
“Please enter email/mobile no.” is shown and the user stays on login.

**Steps:**
1. Open /login
2. Leave Email / Mobile no empty
3. Click Login
4. Verify the validation message","2809","TC-LR-03: Login shows required validation when submitted empty","Login - LoginRegister [en]","2026-08-27","passed","2026-08-27","","","",""
"**Test Case ID:** TC-TSR-04
**Title:** listing heading, filters and cards on Mahindra Bolero
**Language:** en

**Description:**
Open Mahindra Bolero and confirm the page heading and at least one listing card CTA. Filter By is checked when that row is present.

**Expected Result:**
Page heading is visible and at least one listing card button is shown.

**Steps:**
1. Open the Mahindra Bolero page
2. Verify the page heading
3. Verify listing cards (and Filter By when present)","1813","TC-TSR-04: listing heading, filters and cards on Mahindra Bolero","CategoryPages - CategoryListingTruckSeries [mahindraBolero] [en] — Mahindra Bolero","2026-08-27","passed","2026-08-27","","","",""
"**Test Case ID:** TC-CL-02
**Title:** Check Truck Price lead form shows required validation when submitted empty on Diesel Trucks
**Language:** en

**Description:**
Open the Diesel Trucks page, open Check Truck Price, and submit with name, mobile and city all left empty.

**Expected Result:**
The real, page-shown validation messages for name, mobile and location are displayed, and no lead is submitted.

**Steps:**
1. Open the Diesel Trucks page
2. Click a truck card's ""Check Truck Price"" button to open its lead form
3. Leave name, mobile and city empty and submit
4. Verify all three required-field validation messages are shown","2824","TC-CL-02: Check Truck Price lead form shows required validation when submitted empty on Diesel Trucks","CategoryPages - CategoryListing [diesel] [en] — Diesel Trucks","2026-08-27","passed","2026-08-27","","","",""
"","4136","TC-SRT-05: searches by budget and navigates away from the homepage form","Homepage - SearchRightTruck [hi]","2026-08-27","passed","2026-08-27","","","",""
"**Test Case ID:** TC-NLP-07
**Title:** Check Offers lead form rejects mobile that is not 10 digits on BS6 Trucks
**Language:** en

**Description:**
Open the BS6 Trucks listing page, open Check Offers, fill a valid name, an invalid (5-digit) mobile number, and leave city empty, then submit.

**Expected Result:**
The real, page-shown mobile-format and location-required validation messages are displayed, and no lead is submitted.

**Steps:**
1. Open the BS6 Trucks listing page
2. Click Check Offers to open its lead form
3. Fill a valid name and an invalid mobile number
4. Submit with city left empty
5. Verify the mobile-format and location validation messages are shown","3107","TC-NLP-07: Check Offers lead form rejects mobile that is not 10 digits on BS6 Trucks","ListingPages - NewListingPages [bs6Trucks] [en] — BS6 Trucks","2026-08-27","passed","2026-08-27","","","",""
"**Test Case ID:** TC-TYRL-03
**Title:** A second Load More still adds tyre cards on JK Tyres
**Language:** en

**Description:**
Click Load More once on JK Tyres, then again if it is still shown, and confirm the card list keeps growing.

**Expected Result:**
The first Load More adds cards. If Load More remains, a second click adds still more cards.

**Steps:**
1. Open JK Tyres
2. Click Load More and verify more cards
3. Click Load More again if it is still shown","1371","TC-TYRL-03: a second Load More still adds tyre cards on JK Tyres","UtilityPages - TyresListing [jkTyres] [en] [desktop] — JK Tyres","2026-08-27","passed","2026-08-27","","","",""
"**Test Case ID:** TC-BUT-01
**Title:** Contact Seller lead submits successfully on Buy Used Trucks
**Language:** en

**Description:**
Open the Buy Used Trucks page, open the per-listing ""Get Seller Details"" lead form via Contact Seller on a visible truck card, fill name, mobile and city, and submit.

**Expected Result:**
A Thank You confirmation is shown after a successful lead submission. The submitted name is tagged with a page/CTA identifier for CRM traceability.

**Steps:**
1. Open the Buy Used Trucks page
2. Open the Contact Seller lead form from a visible card
3. Fill name, mobile and city
4. Submit and verify Thank You confirmation","8561","TC-BUT-01: Contact Seller lead submits successfully on Buy Used Trucks","UsedTruck - BuyUsedTrucks [en] — Buy Used Trucks","2026-08-27","passed","2026-08-27","","","",""
"","5064","TC-SRT-04: searches by body type and lands on a body-type result URL","Homepage - SearchRightTruck [en]","2026-08-27","passed","2026-08-27","","","",""
"","1212","TC-NLP-07: Check Offers lead form rejects mobile that is not 10 digits on Popular Truck","ListingPages - NewListingPages [popularTrucks] [en] — Popular Truck","2026-08-27","skipped","2026-08-27","","","",""
"","1293","TC-TIY-11: heading year is present and is a four-digit year (not missing or static placeholder)","Homepage - TruckInIndia [en]","2026-08-27","passed","2026-08-27","","","",""
"**Test Case ID:** TC-NTPDP-04
**Title:** Get Offers lead shows validation when empty for Eka 3W Cargo
**Language:** en

**Description:**
Submit the launch Get Offers lead with empty name, mobile and city and confirm required-field messages.

**Expected Result:**
Validation messages appear for name, mobile and location; thank-you is not shown.

**Steps:**
1. With launch Get Offers lead still open from prior step
2. Click Get Offers without filling fields
3. Verify required validation messages","1139","TC-NTPDP-04: Get Offers lead shows validation when empty for Eka 3W Cargo","PDP - NewTruckPdp [leastPopular] [en] — Eka 3W Cargo","2026-08-27","passed","2026-08-27","","","",""
"**Test Case ID:** TC-ECV-03
**Title:** One Check Offers lead submits successfully
**Language:** ta

**Description:**
Open Check Offers once from a card in Electric Commercial Vehicles, fill name, mobile and city, and submit. Only one lead form is exercised for this section.

**Expected Result:**
A Thank You confirmation is shown after a successful lead submission (same outcome users see after Check Offers elsewhere on the homepage).

**Steps:**
1. Open Electric Commercial Vehicles
2. Click Check Offers on one visible card
3. Fill name, mobile and city
4. Submit and verify Thank You confirmation","11678","TC-ECV-03: one Check Offers lead submits successfully","Homepage - ElectricCommercialVehicles [ta]","2026-08-27","passed","2026-08-27","","","",""
"","9753","TC-TMO-00: page links resolve 200/30x; broken links are logged, not failed","UtilityPages - TabbedModelOffers [selectYourTruck] [en] — Select Your Truck","2026-08-27","passed","2026-08-27","","","",""
"","11560","TC-LMC-00: page links resolve 200/30x; broken links are logged, not failed","Homepage - LatestModelsByCategory [hi]","2026-08-27","passed","2026-08-27","","","",""
"","6919","TC-CL-00: page links resolve 200/30x; broken links are logged, not failed","CategoryPages - CategoryListing [biFuel] [en] — Bi Fuel Trucks","2026-08-27","passed","2026-08-27","","","",""
"**Test Case ID:** TC-NLP-11
**Title:** FAQ question expands on Upcoming Trucks
**Language:** en

**Description:**
Open a Frequently Asked Question on Upcoming Trucks and confirm the answer is shown.

**Expected Result:**
The selected question’s answer is visible.

**Steps:**
1. Open the Upcoming Trucks listing page
2. Scroll to Frequently Asked Questions
3. Open a question
4. Verify the answer is shown","838","TC-NLP-11: FAQ question expands on Upcoming Trucks","ListingPages - NewListingPages [upcomingTrucks] [en] — Upcoming Trucks","2026-08-27","passed","2026-08-27","","","",""
"**Test Case ID:** TC-CL-05
**Title:** listing heading, filters and cards on 18 Wheeler
**Language:** en

**Description:**
Open 18 Wheeler and confirm the page heading and at least one listing card CTA. Filter By is checked when that row is present.

**Expected Result:**
Page heading is visible and at least one listing card button is shown.

**Steps:**
1. Open the 18 Wheeler page
2. Verify the page heading
3. Verify listing cards (and Filter By when present)","1101","TC-CL-05: listing heading, filters and cards on 18 Wheeler","CategoryPages - CategoryListing [eighteenWheeler] [en] — 18 Wheeler","2026-08-27","passed","2026-08-27","","","",""
"**Test Case ID:** TC-NTPDP-11
**Title:** Pros & Cons block for Tata Yodha 2.0
**Language:** en

**Description:**
Verify Pros & Cons when present on Tata Yodha 2.0.

**Expected Result:**
Pros & Cons heading is visible, or skipped if not on this PDP.

**Steps:**
1. Open PDP
2. Locate Pros & Cons if present","202","TC-NTPDP-11: Pros & Cons block for Tata Yodha 2.0","PDP - NewTruckPdp [mostPopular] [en] — Tata Yodha 2.0","2026-08-27","passed","2026-08-27","","Page blocks (same session)","",""
"","12516","TC-LTU-00: page links resolve 200/30x; broken links are logged, not failed","Homepage - LatestTruckUpdates [en]","2026-08-27","passed","2026-08-27","","","",""
"**Test Case ID:** TC-NLP-03
**Title:** Contact Seller lead submits successfully on Best Trucks
**Language:** en

**Description:**
Open the Best Trucks listing page, click Contact Seller to open its lead form, fill name, mobile and city, and submit.

**Expected Result:**
A “Thank You For Contact” confirmation is shown after a successful Contact Seller submission.

**Steps:**
1. Open the Best Trucks listing page
2. Click Contact Seller to open its lead form
3. Fill name, mobile and city
4. Submit and verify the confirmation","4231","TC-NLP-03: Contact Seller lead submits successfully on Best Trucks","ListingPages - NewListingPages [bestTrucks] [en] — Best Trucks","2026-08-27","passed","2026-08-27","","","",""
"**Test Case ID:** TC-CDT-01
**Title:** Page heading is visible on Blog Article Detail
**Language:** en

**Description:**
Open the Blog Article Detail page and verify its main heading is shown.

**Expected Result:**
The user sees the ""ACE Pro EV vs Treo Zor vs Reep 3 Wheeler: Best Electric Cargo EV for Your Business"" heading at the top of the page.

**Steps:**
1. Open the Blog Article Detail page
2. Verify the main page heading is visible","970","TC-CDT-01: page heading is visible on Blog Article Detail","UtilityPages - ContentDetailPage [blogDetail] [en] — Blog Article Detail","2026-08-27","passed","2026-08-27","","","",""
"","46","TC-NTPDP-27: EMI loan period change updates Monthly EMI for Eka 3W Cargo","PDP - NewTruckPdp [leastPopular] [en] — Eka 3W Cargo","2026-08-27","skipped","2026-08-27","","Page blocks (same session)","",""
"","1136","TC-CL-04: Call Now assistance lead submits successfully on 10 Wheeler","CategoryPages - CategoryListing [tenWheeler] [en] — 10 Wheeler","2026-08-27","skipped","2026-08-27","","","",""
"**Test Case ID:** TC-PL-01
**Title:** Check Truck Price lead submits successfully on Under 1 Ton Trucks
**Language:** en

**Description:**
Open the Under 1 Ton Trucks page, click a truck card's ""Check Truck Price"" button to open its lead form, fill name, mobile and city, and submit.

**Expected Result:**
A Thank You confirmation is shown after a successful lead submission.

**Steps:**
1. Open the Under 1 Ton Trucks page
2. Click a truck card's ""Check Truck Price"" button to open its lead form
3. Fill name, mobile and city
4. Submit and verify Thank You confirmation","5727","TC-PL-01: Check Truck Price lead submits successfully on Under 1 Ton Trucks","CategoryPages - PayloadListing [under1Ton] [en] — Under 1 Ton Trucks","2026-08-27","passed","2026-08-27","","","",""
"","2799","TC-SRT-07: shows brand/model error when Search is clicked with no brand selection","Homepage - SearchRightTruck [hi]","2026-08-27","passed","2026-08-27","","","",""
"**Test Case ID:** TC-CL-03
**Title:** Check Truck Price lead form rejects mobile that is not 10 digits on 10 Wheeler
**Language:** en

**Description:**
Open the 10 Wheeler page, open Check Truck Price, fill a valid name, an invalid (5-digit) mobile number, and leave city empty, then submit.

**Expected Result:**
The real, page-shown mobile-format and location-required validation messages are displayed, and no lead is submitted.

**Steps:**
1. Open the 10 Wheeler page
2. Click a truck card's ""Check Truck Price"" button to open its lead form
3. Fill a valid name and an invalid mobile number
4. Submit with city left empty
5. Verify the mobile-format and location validation messages are shown","3664","TC-CL-03: Check Truck Price lead form rejects mobile that is not 10 digits on 10 Wheeler","CategoryPages - CategoryListing [tenWheeler] [en] — 10 Wheeler","2026-08-27","passed","2026-08-27","","","",""
"**Test Case ID:** TC-BDM-03
**Title:** Lead form rejects mobile that is not 10 digits on Body Makers
**Language:** en

**Description:**
Open the Body Makers page, open the lead form via ""Talk To Dealer"", fill a valid name, an invalid (5-digit) mobile number, and leave city/brand/model empty, then submit.

**Expected Result:**
The real, page-shown mobile-format and other required validation messages are displayed, and no lead is submitted.

**Steps:**
1. Open the Body Makers page
2. Click a dealer card's ""Talk To Dealer"" button to open its lead form
3. Fill a valid name and an invalid mobile number
4. Submit with city, brand and model left empty
5. Verify the mobile-format and other validation messages are shown","2509","TC-BDM-03: lead form rejects mobile that is not 10 digits on Body Makers","UtilityPages - BodyMakers [en] — Body Makers","2026-08-27","passed","2026-08-27","","","",""
"","53","TC-NTPDP-21: Videos block for Eka 3W Cargo","PDP - NewTruckPdp [leastPopular] [en] — Eka 3W Cargo","2026-08-27","skipped","2026-08-27","","Page blocks (same session)","",""
"**Test Case ID:** TC-PDPI-01
**Title:** Check Offers lead submits successfully on Tata Yodha 2.0 Mileage
**Language:** en

**Description:**
Open Tata Yodha 2.0 Mileage, click “Check Offers”, fill name, mobile and city, and submit.

**Expected Result:**
A Thank You confirmation is shown after a successful lead submission. The submitted name is testqa.

**Steps:**
1. Open Tata Yodha 2.0 Mileage
2. Click Check Offers
3. Fill name, mobile and city
4. Submit and verify Thank You","5802","TC-PDPI-01: Check Offers lead submits successfully on Tata Yodha 2.0 Mileage","PDP - NewTruckInternalPages [yodhaMileage] [en] — Tata Yodha 2.0 Mileage","2026-08-27","passed","2026-08-27","","","",""
"**Test Case ID:** TC-NLP-01
**Title:** Check Offers lead submits successfully on BS6 Trucks
**Language:** en

**Description:**
Open the BS6 Trucks listing page, click Check Offers to open its lead form, fill name, mobile and city, and submit.

**Expected Result:**
A Thank You confirmation is shown after a successful lead submission. The submitted name is tagged with a page/CTA identifier for CRM traceability.

**Steps:**
1. Open the BS6 Trucks listing page
2. Click Check Offers to open its lead form
3. Fill name, mobile and city
4. Submit and verify the confirmation","5452","TC-NLP-01: Check Offers lead submits successfully on BS6 Trucks","ListingPages - NewListingPages [bs6Trucks] [en] — BS6 Trucks","2026-08-27","passed","2026-08-27","","","",""
"**Test Case ID:** TC-NTPDP-14
**Title:** Features block for Tata Yodha 2.0
**Language:** en

**Description:**
Verify Features section for Tata Yodha 2.0.

**Expected Result:**
Features heading is visible.

**Steps:**
1. Open PDP
2. Scroll to Features
3. Verify heading","305","TC-NTPDP-14: Features block for Tata Yodha 2.0","PDP - NewTruckPdp [mostPopular] [en] — Tata Yodha 2.0","2026-08-27","passed","2026-08-27","","Page blocks (same session)","",""
"**Test Case ID:** TC-BDM-02
**Title:** Lead form shows required validation when submitted empty on Body Makers
**Language:** en

**Description:**
Open the Body Makers page, open the lead form via ""Talk To Dealer"", and submit with every field left empty.

**Expected Result:**
The real, page-shown validation messages for name, mobile, location, brand and model are displayed, and no lead is submitted.

**Steps:**
1. Open the Body Makers page
2. Click a dealer card's ""Talk To Dealer"" button to open its lead form
3. Leave every field empty and submit
4. Verify all five required-field validation messages are shown","3686","TC-BDM-02: lead form shows required validation when submitted empty on Body Makers","UtilityPages - BodyMakers [en] — Body Makers","2026-08-27","passed","2026-08-27","","","",""
"**Test Case ID:** TC-CL-03
**Title:** Check Truck Price lead form rejects mobile that is not 10 digits on Pickups
**Language:** en

**Description:**
Open the Pickups page, open Check Truck Price, fill a valid name, an invalid (5-digit) mobile number, and leave city empty, then submit.

**Expected Result:**
The real, page-shown mobile-format and location-required validation messages are displayed, and no lead is submitted.

**Steps:**
1. Open the Pickups page
2. Click a truck card's ""Check Truck Price"" button to open its lead form
3. Fill a valid name and an invalid mobile number
4. Submit with city left empty
5. Verify the mobile-format and location validation messages are shown","3159","TC-CL-03: Check Truck Price lead form rejects mobile that is not 10 digits on Pickups","CategoryPages - CategoryListing [pickups] [en] — Pickups","2026-08-27","passed","2026-08-27","","","",""
"**Test Case ID:** TC-BUS-04
**Title:** listing heading, filters and cards on Ashok Leyland Buses
**Language:** en

**Description:**
Open Ashok Leyland Buses and confirm the page heading and at least one listing card CTA. Filter By is checked when that row is present.

**Expected Result:**
Page heading is visible and at least one listing card button is shown.

**Steps:**
1. Open the Ashok Leyland Buses page
2. Verify the page heading
3. Verify listing cards (and Filter By when present)","1005","TC-BUS-04: listing heading, filters and cards on Ashok Leyland Buses","Buses - BusListing [ashokLeylandBuses] [en] — Ashok Leyland Buses","2026-08-27","passed","2026-08-27","","","",""
"**Test Case ID:** TC-BR-03
**Title:** Download Brochure lead submits successfully from the ""Upcoming"" tab on Brochure
**Language:** en

**Description:**
Open the Brochure page, switch the ""Best Selling Trucks"" carousel to the ""Upcoming"" tab, click a card's Download Brochure button to open its lead form (the same shared Check Offers modal used elsewhere on the page), fill name, mobile and city, and submit. Every tab is its own entry point even though all tabs open the same underlying form.

**Expected Result:**
A Thank You confirmation is shown after a successful lead submission.

**Steps:**
1. Open the Brochure page
2. Switch the Best Selling Trucks carousel to the ""Upcoming"" tab
3. Click a card's Download Brochure button to open its lead form
4. Fill name, mobile and city
5. Submit and verify Thank You confirmation","4515","TC-BR-03: Download Brochure lead submits successfully from the ""Upcoming"" tab on Brochure","Brochure - Brochure [en] — Brochure","2026-08-27","passed","2026-08-27","","","",""
"**Test Case ID:** TC-CL-05
**Title:** listing heading, filters and cards on HCV
**Language:** en

**Description:**
Open HCV and confirm the page heading and at least one listing card CTA. Filter By is checked when that row is present.

**Expected Result:**
Page heading is visible and at least one listing card button is shown.

**Steps:**
1. Open the HCV page
2. Verify the page heading
3. Verify listing cards (and Filter By when present)","1321","TC-CL-05: listing heading, filters and cards on HCV","CategoryPages - CategoryListing [hcv] [en] — HCV","2026-08-27","passed","2026-08-27","","","",""
"**Test Case ID:** TC-NLP-06
**Title:** Check Offers lead form shows required validation when submitted empty on Upcoming Trucks
**Language:** en

**Description:**
Open the Upcoming Trucks listing page, open Check Offers, and submit with name, mobile and city all left empty.

**Expected Result:**
The real, page-shown validation messages for name, mobile and location are displayed, and no lead is submitted.

**Steps:**
1. Open the Upcoming Trucks listing page
2. Click Check Offers to open its lead form
3. Leave name, mobile and city empty and submit
4. Verify all three required-field validation messages are shown","1987","TC-NLP-06: Check Offers lead form shows required validation when submitted empty on Upcoming Trucks","ListingPages - NewListingPages [upcomingTrucks] [en] — Upcoming Trucks","2026-08-27","passed","2026-08-27","","","",""
"**Test Case ID:** TC-NTPDP-21
**Title:** Videos block for Tata Yodha 2.0
**Language:** en

**Description:**
Verify product Videos section when present on Tata Yodha 2.0.

**Expected Result:**
Videos heading is visible, or skipped.

**Steps:**
1. Open PDP
2. Locate Videos if present","242","TC-NTPDP-21: Videos block for Tata Yodha 2.0","PDP - NewTruckPdp [mostPopular] [en] — Tata Yodha 2.0","2026-08-27","passed","2026-08-27","","Page blocks (same session)","",""
"","1410","TC-TIY-01: section is visible with dynamic year heading Truck in India {year}","Homepage - TruckInIndia [en]","2026-08-27","passed","2026-08-27","","","",""
"**Test Case ID:** TC-PTB-06
**Title:** View All Brands link navigates to the brands listing page
**Language:** ta

**Description:**
Locate the View All Brands link near the Popular Truck Brands section and open it to confirm it leads to the full brands listing page.

**Expected Result:**
The View All Brands link is visible with the correct label and href, and clicking it navigates to /{language}/brands.

**Steps:**
1. Open the Popular Truck Brands section
2. Verify the View All Brands link label and URL
3. Click View All Brands
4. Verify the brands listing page opens","3378","TC-PTB-06: View All Brands link navigates to the brands listing page","Homepage - PopularTruckBrands [ta]","2026-08-27","passed","2026-08-27","","","",""
"","666","TC-TYRL-01: Load More shows more tyre cards on Dunlop Tyres","UtilityPages - TyresListing [dunlopTyres] [en] [desktop] — Dunlop Tyres","2026-08-27","skipped","2026-08-27","","","",""
"**Test Case ID:** TC-CL-02
**Title:** Check Truck Price lead form shows required validation when submitted empty on Auto Rickshaw
**Language:** en

**Description:**
Open the Auto Rickshaw page, open Check Truck Price, and submit with name, mobile and city all left empty.

**Expected Result:**
The real, page-shown validation messages for name, mobile and location are displayed, and no lead is submitted.

**Steps:**
1. Open the Auto Rickshaw page
2. Click a truck card's ""Check Truck Price"" button to open its lead form
3. Leave name, mobile and city empty and submit
4. Verify all three required-field validation messages are shown","2002","TC-CL-02: Check Truck Price lead form shows required validation when submitted empty on Auto Rickshaw","CategoryPages - CategoryListing [autoRickshaw] [en] — Auto Rickshaw","2026-08-27","passed","2026-08-27","","","",""
"**Test Case ID:** TC-TBR-03
**Title:** Check Truck Price lead form rejects mobile that is not 10 digits on Tata Trucks
**Language:** en

**Description:**
Open the Tata Trucks page, open Check Truck Price, fill a valid name, an invalid (5-digit) mobile number, and leave city empty, then submit.

**Expected Result:**
The real, page-shown mobile-format and location-required validation messages are displayed, and no lead is submitted.

**Steps:**
1. Open the Tata Trucks page
2. Click a truck card's ""Check Truck Price"" button to open its lead form
3. Fill a valid name and an invalid mobile number
4. Submit with city left empty
5. Verify the mobile-format and location validation messages are shown","6255","TC-TBR-03: Check Truck Price lead form rejects mobile that is not 10 digits on Tata Trucks","CategoryPages - CategoryListingBrands [tataBrand] [en] — Tata Trucks","2026-08-27","passed","2026-08-27","","","",""
"","13199","TC-CL-00: page links resolve 200/30x; broken links are logged, not failed","CategoryPages - CategoryListing [scv] [en] — SCV","2026-08-27","passed","2026-08-27","","","",""
"**Test Case ID:** TC-CL-02
**Title:** Check Truck Price lead form shows required validation when submitted empty on 10 Wheeler
**Language:** en

**Description:**
Open the 10 Wheeler page, open Check Truck Price, and submit with name, mobile and city all left empty.

**Expected Result:**
The real, page-shown validation messages for name, mobile and location are displayed, and no lead is submitted.

**Steps:**
1. Open the 10 Wheeler page
2. Click a truck card's ""Check Truck Price"" button to open its lead form
3. Leave name, mobile and city empty and submit
4. Verify all three required-field validation messages are shown","4266","TC-CL-02: Check Truck Price lead form shows required validation when submitted empty on 10 Wheeler","CategoryPages - CategoryListing [tenWheeler] [en] — 10 Wheeler","2026-08-27","passed","2026-08-27","","","",""
"","10768","TC-ECV-00: page links resolve 200/30x; broken links are logged, not failed","Homepage - ElectricCommercialVehicles [hi]","2026-08-27","passed","2026-08-27","","","",""
"**Test Case ID:** TC-CL-02
**Title:** Check Truck Price lead form shows required validation when submitted empty on Mini Trucks
**Language:** en

**Description:**
Open the Mini Trucks page, open Check Truck Price, and submit with name, mobile and city all left empty.

**Expected Result:**
The real, page-shown validation messages for name, mobile and location are displayed, and no lead is submitted.

**Steps:**
1. Open the Mini Trucks page
2. Click a truck card's ""Check Truck Price"" button to open its lead form
3. Leave name, mobile and city empty and submit
4. Verify all three required-field validation messages are shown","3675","TC-CL-02: Check Truck Price lead form shows required validation when submitted empty on Mini Trucks","CategoryPages - CategoryListing [miniTrucks] [en] — Mini Trucks","2026-08-27","passed","2026-08-27","","","",""
"**Test Case ID:** TC-CL-03
**Title:** Check Truck Price lead form rejects mobile that is not 10 digits on Tempo Traveller
**Language:** en

**Description:**
Open the Tempo Traveller page, open Check Truck Price, fill a valid name, an invalid (5-digit) mobile number, and leave city empty, then submit.

**Expected Result:**
The real, page-shown mobile-format and location-required validation messages are displayed, and no lead is submitted.

**Steps:**
1. Open the Tempo Traveller page
2. Click a truck card's ""Check Truck Price"" button to open its lead form
3. Fill a valid name and an invalid mobile number
4. Submit with city left empty
5. Verify the mobile-format and location validation messages are shown","2335","TC-CL-03: Check Truck Price lead form rejects mobile that is not 10 digits on Tempo Traveller","CategoryPages - CategoryListing [tempoTraveller] [en] — Tempo Traveller","2026-08-27","passed","2026-08-27","","","",""
"**Test Case ID:** TC-TBB-04
**Title:** Last news article title navigates to news page
**Language:** en

**Description:**
Click the last (not first) visible news article title in The Buzz Board and confirm the news article page opens.

**Expected Result:**
The browser URL matches that article’s news path for the selected language.

**Steps:**
1. Open The Buzz Board
2. Click the last visible article title
3. Verify the URL is the matching news page","2235","TC-TBB-04: last news article title navigates to news page","Homepage - TheBuzzBoard [en]","2026-08-27","passed","2026-08-27","","","",""
"**Test Case ID:** TC-NLP-04
**Title:** Notify Me lead submits successfully on Upcoming Trucks
**Language:** en

**Description:**
Open the Upcoming Trucks listing page, click Notify Me to open its lead form, fill name, mobile and city, and submit.

**Expected Result:**
A Thank You confirmation is shown after a successful lead submission. The submitted name is tagged with a page/CTA identifier for CRM traceability.

**Steps:**
1. Open the Upcoming Trucks listing page
2. Click Notify Me to open its lead form
3. Fill name, mobile and city
4. Submit and verify the confirmation","3916","TC-NLP-04: Notify Me lead submits successfully on Upcoming Trucks","ListingPages - NewListingPages [upcomingTrucks] [en] — Upcoming Trucks","2026-08-27","passed","2026-08-27","","","",""
"**Test Case ID:** TC-CL-02
**Title:** Check Truck Price lead form shows required validation when submitted empty on LNG Trucks
**Language:** en

**Description:**
Open the LNG Trucks page, open Check Truck Price, and submit with name, mobile and city all left empty.

**Expected Result:**
The real, page-shown validation messages for name, mobile and location are displayed, and no lead is submitted.

**Steps:**
1. Open the LNG Trucks page
2. Click a truck card's ""Check Truck Price"" button to open its lead form
3. Leave name, mobile and city empty and submit
4. Verify all three required-field validation messages are shown","2478","TC-CL-02: Check Truck Price lead form shows required validation when submitted empty on LNG Trucks","CategoryPages - CategoryListing [lng] [en] — LNG Trucks","2026-08-27","passed","2026-08-27","","","",""
"**Test Case ID:** TC-BUS-01
**Title:** Lead submits successfully on New Buses
**Language:** en

**Description:**
Open the New Buses page, click ""Check Bus Price"" to open its lead form, fill name, mobile and city, and submit.

**Expected Result:**
A Thank You confirmation is shown after a successful lead submission.

**Steps:**
1. Open the New Buses page
2. Click ""Check Bus Price"" to open its lead form
3. Fill name, mobile and city
4. Submit and verify Thank You confirmation","5745","TC-BUS-01: lead submits successfully on New Buses","Buses - BusListing [newBuses] [en] — New Buses","2026-08-27","passed","2026-08-27","","","",""
"","6586","TC-TYR-00: page links resolve 200/30x; broken links are logged, not failed","UtilityPages - Tyres [en] — Tyres","2026-08-27","passed","2026-08-27","","","",""
"","2298","TC-SRT-08: shows body-type/brand error when Search is clicked with no body type selected","Homepage - SearchRightTruck [en]","2026-08-27","passed","2026-08-27","","","",""
"","6482","TC-BUS-00: page links resolve 200/30x; broken links are logged, not failed","Buses - BusListing [latestBuses] [en] — Latest Buses","2026-08-27","passed","2026-08-27","","","",""
"**Test Case ID:** TC-CL-03
**Title:** Check Truck Price lead form rejects mobile that is not 10 digits on 6 Wheeler
**Language:** en

**Description:**
Open the 6 Wheeler page, open Check Truck Price, fill a valid name, an invalid (5-digit) mobile number, and leave city empty, then submit.

**Expected Result:**
The real, page-shown mobile-format and location-required validation messages are displayed, and no lead is submitted.

**Steps:**
1. Open the 6 Wheeler page
2. Click a truck card's ""Check Truck Price"" button to open its lead form
3. Fill a valid name and an invalid mobile number
4. Submit with city left empty
5. Verify the mobile-format and location validation messages are shown","5020","TC-CL-03: Check Truck Price lead form rejects mobile that is not 10 digits on 6 Wheeler","CategoryPages - CategoryListing [sixWheeler] [en] — 6 Wheeler","2026-08-27","passed","2026-08-27","","","",""
"**Test Case ID:** TC-NLP-02
**Title:** Check Truck Price lead submits successfully on Popular Truck
**Language:** en

**Description:**
Open the Popular Truck listing page, click Check Truck Price to open its lead form, fill name, mobile and city, and submit.

**Expected Result:**
A Thank You confirmation is shown after a successful lead submission. The submitted name is tagged with a page/CTA identifier for CRM traceability.

**Steps:**
1. Open the Popular Truck listing page
2. Click Check Truck Price to open its lead form
3. Fill name, mobile and city
4. Submit and verify the confirmation","5028","TC-NLP-02: Check Truck Price lead submits successfully on Popular Truck","ListingPages - NewListingPages [popularTrucks] [en] — Popular Truck","2026-08-27","passed","2026-08-27","","","",""
"","852","TC-CL-04: Call Now assistance lead submits successfully on Tempo Traveller","CategoryPages - CategoryListing [tempoTraveller] [en] — Tempo Traveller","2026-08-27","skipped","2026-08-27","","","",""
"**Test Case ID:** TC-PL-01
**Title:** Check Truck Price lead submits successfully on 40 ton - 300 ton Trucks
**Language:** en

**Description:**
Open the 40 ton - 300 ton Trucks page, click a truck card's ""Check Truck Price"" button to open its lead form, fill name, mobile and city, and submit.

**Expected Result:**
A Thank You confirmation is shown after a successful lead submission.

**Steps:**
1. Open the 40 ton - 300 ton Trucks page
2. Click a truck card's ""Check Truck Price"" button to open its lead form
3. Fill name, mobile and city
4. Submit and verify Thank You confirmation","5548","TC-PL-01: Check Truck Price lead submits successfully on 40 ton - 300 ton Trucks","CategoryPages - PayloadListing [ton40to300] [en] — 40 ton - 300 ton Trucks","2026-08-27","passed","2026-08-27","","","",""
"","9984","TC-TBR-00: page links resolve 200/30x; broken links are logged, not failed","CategoryPages - CategoryListingBrands [eicherBrand] [en] — Eicher Trucks","2026-08-27","passed","2026-08-27","","","",""
"","5823","TC-CL-00: page links resolve 200/30x; broken links are logged, not failed","CategoryPages - CategoryListing [lng] [en] — LNG Trucks","2026-08-27","passed","2026-08-27","","","",""
"","8985","TC-CDT-00: page links resolve 200/30x; broken links are logged, not failed","UtilityPages - ContentDetailPage [termsAndCondition] [en] — Terms and Conditions","2026-08-27","passed","2026-08-27","","","",""
"**Test Case ID:** TC-PSH-04
**Title:** View All Used Trucks link does not reuse a product card's URL
**Language:** hi

**Description:**
Confirm the View All Used Trucks link does not accidentally point at the first product card's PDP URL.

**Expected Result:**
View All Used Trucks and the first product card link to different URLs.

**Steps:**
1. Open Popular Second Hand Truck
2. Verify View All's href differs from the first product's href","1619","TC-PSH-04: View All Used Trucks link does not reuse a product card's URL","Homepage - PopularSecondHandTruck [hi]","2026-08-27","passed","2026-08-27","","","",""
"**Test Case ID:** TC-CL-05
**Title:** listing heading, filters and cards on 3 Wheeler
**Language:** en

**Description:**
Open 3 Wheeler and confirm the page heading and at least one listing card CTA. Filter By is checked when that row is present.

**Expected Result:**
Page heading is visible and at least one listing card button is shown.

**Steps:**
1. Open the 3 Wheeler page
2. Verify the page heading
3. Verify listing cards (and Filter By when present)","1579","TC-CL-05: listing heading, filters and cards on 3 Wheeler","CategoryPages - CategoryListing [threeWheeler] [en] — 3 Wheeler","2026-08-27","passed","2026-08-27","","","",""
"**Test Case ID:** TC-BUT-06
**Title:** FAQ question expands on Buy Used Trucks
**Language:** en

**Description:**
Open a Frequently Asked Question on Buy Used Trucks and confirm the answer is shown.

**Expected Result:**
The selected question’s answer is visible.

**Steps:**
1. Open the Buy Used Trucks page
2. Open an FAQ question
3. Verify the answer is shown","2173","TC-BUT-06: FAQ question expands on Buy Used Trucks","UsedTruck - BuyUsedTrucks [en] — Buy Used Trucks","2026-08-27","passed","2026-08-27","","","",""
"**Test Case ID:** TC-SUT-02
**Title:** Wizard does not advance past Step 1 without a brand selected on Sell Used Trucks
**Language:** en

**Description:**
Click Next on Step 1 without picking a truck brand.

**Expected Result:**
The wizard stays on Step 1 — the Brands field is still shown and Model (Step 2) never appears.

**Steps:**
1. Open the Sell Used Trucks page
2. Click Next without selecting a brand
3. Verify the wizard remains on Step 1","1547","TC-SUT-02: wizard does not advance past Step 1 without a brand selected on Sell Used Trucks","UsedTruck - SellUsedTrucks [en] — Sell Used Trucks","2026-08-27","passed","2026-08-27","","","",""
"","17931","TC-PTC-00: page links resolve 200/30x; broken links are logged, not failed","Homepage - PopularTruckComparison [ta]","2026-08-27","passed","2026-08-27","","","",""
"","45","TC-NTPDP-08: EMI block for Eka 3W Cargo","PDP - NewTruckPdp [leastPopular] [en] — Eka 3W Cargo","2026-08-27","skipped","2026-08-27","","Page blocks (same session)","",""
"**Test Case ID:** TC-BUS-02
**Title:** Lead form shows required validation when submitted empty on SML ISUZU Buses
**Language:** en

**Description:**
Open the SML ISUZU Buses page, open the lead form via ""Check Bus Price"", and submit with name, mobile and city all left empty.

**Expected Result:**
The real, page-shown validation messages for name, mobile and location are displayed, and no lead is submitted.

**Steps:**
1. Open the SML ISUZU Buses page
2. Click ""Check Bus Price"" to open its lead form
3. Leave name, mobile and city empty and submit
4. Verify all three required-field validation messages are shown","2419","TC-BUS-02: lead form shows required validation when submitted empty on SML ISUZU Buses","Buses - BusListing [smlIsuzuBuses] [en] — SML ISUZU Buses","2026-08-27","passed","2026-08-27","","","",""
"**Test Case ID:** TC-CL-05
**Title:** listing heading, filters and cards on SCV
**Language:** en

**Description:**
Open SCV and confirm the page heading and at least one listing card CTA. Filter By is checked when that row is present.

**Expected Result:**
Page heading is visible and at least one listing card button is shown.

**Steps:**
1. Open the SCV page
2. Verify the page heading
3. Verify listing cards (and Filter By when present)","1204","TC-CL-05: listing heading, filters and cards on SCV","CategoryPages - CategoryListing [scv] [en] — SCV","2026-08-27","passed","2026-08-27","","","",""
"**Test Case ID:** TC-PTB-07
**Title:** Popular Truck Brands shows no card for a nonexistent brand
**Language:** en

**Description:**
Confirm no brand card links to a made-up, nonexistent brand slug.

**Expected Result:**
Zero brand cards match a nonexistent brand slug.

**Steps:**
1. Open the Popular Truck Brands section
2. Look for a card linking to a nonexistent brand slug
3. Verify none exists","1400","TC-PTB-07: Popular Truck Brands shows no card for a nonexistent brand","Homepage - PopularTruckBrands [en]","2026-08-27","passed","2026-08-27","","","",""
"**Test Case ID:** TC-TBR-03
**Title:** Check Truck Price lead form rejects mobile that is not 10 digits on Ashok Leyland Trucks
**Language:** en

**Description:**
Open the Ashok Leyland Trucks page, open Check Truck Price, fill a valid name, an invalid (5-digit) mobile number, and leave city empty, then submit.

**Expected Result:**
The real, page-shown mobile-format and location-required validation messages are displayed, and no lead is submitted.

**Steps:**
1. Open the Ashok Leyland Trucks page
2. Click a truck card's ""Check Truck Price"" button to open its lead form
3. Fill a valid name and an invalid mobile number
4. Submit with city left empty
5. Verify the mobile-format and location validation messages are shown","6094","TC-TBR-03: Check Truck Price lead form rejects mobile that is not 10 digits on Ashok Leyland Trucks","CategoryPages - CategoryListingBrands [ashokLeylandBrand] [en] — Ashok Leyland Trucks","2026-08-27","passed","2026-08-27","","","",""
"**Test Case ID:** TC-PDPI-01
**Title:** Get On Road Price lead submits successfully on Tata Yodha 2.0 Price in Gurgaon
**Language:** en

**Description:**
Open Tata Yodha 2.0 Price in Gurgaon, click “Get On Road Price”, fill name, mobile and city, and submit.

**Expected Result:**
A Thank You confirmation is shown after a successful lead submission. The submitted name is testqa.

**Steps:**
1. Open Tata Yodha 2.0 Price in Gurgaon
2. Click Get On Road Price
3. Fill name, mobile and city
4. Submit and verify Thank You","3092","TC-PDPI-01: Get On Road Price lead submits successfully on Tata Yodha 2.0 Price in Gurgaon","PDP - NewTruckInternalPages [yodhaPriceGurgaon] [en] — Tata Yodha 2.0 Price in Gurgaon","2026-08-27","passed","2026-08-27","","","",""
"**Test Case ID:** TC-TYRL-01
**Title:** Load More shows more tyre cards on Goodyear Tyres
**Language:** en

**Description:**
Click Load More on Goodyear Tyres and confirm more tyre cards appear.

**Expected Result:**
The number of visible “View August Offer” cards increases after Load More.

**Steps:**
1. Open Goodyear Tyres
2. Note how many tyre cards are shown
3. Click Load More
4. Verify more cards are shown","1113","TC-TYRL-01: Load More shows more tyre cards on Goodyear Tyres","UtilityPages - TyresListing [goodyearTyres] [en] [desktop] — Goodyear Tyres","2026-08-27","passed","2026-08-27","","","",""
"**Test Case ID:** TC-TSR-02
**Title:** Check Truck Price lead form shows required validation when submitted empty on Mahindra Bolero
**Language:** en

**Description:**
Open the Mahindra Bolero page, open Check Truck Price, and submit with name, mobile and city all left empty.

**Expected Result:**
The real, page-shown validation messages for name, mobile and location are displayed, and no lead is submitted.

**Steps:**
1. Open the Mahindra Bolero page
2. Click a truck card's ""Check Truck Price"" button to open its lead form
3. Leave name, mobile and city empty and submit
4. Verify all three required-field validation messages are shown","6114","TC-TSR-02: Check Truck Price lead form shows required validation when submitted empty on Mahindra Bolero","CategoryPages - CategoryListingTruckSeries [mahindraBolero] [en] — Mahindra Bolero","2026-08-27","passed","2026-08-27","","","",""
"","12320","TC-TBR-00: page links resolve 200/30x; broken links are logged, not failed","CategoryPages - CategoryListingBrands [mahindraBrand] [en] — Mahindra Trucks","2026-08-27","passed","2026-08-27","","","",""
"**Test Case ID:** TC-ECV-06
**Title:** Check Offers lead form rejects mobile that is not 10 digits
**Language:** en

**Description:**
Open Check Offers in Electric Commercial Vehicles, fill a valid name, an invalid (5-digit) mobile number, and leave city empty, then submit.

**Expected Result:**
The real, page-shown mobile-format and location-required validation messages are displayed, and no lead is submitted.

**Steps:**
1. Open Check Offers on one visible card
2. Fill a valid name and an invalid mobile number
3. Submit with city left empty
4. Verify the mobile-format and location validation messages are shown","5273","TC-ECV-06: Check Offers lead form rejects mobile that is not 10 digits","Homepage - ElectricCommercialVehicles [en]","2026-08-27","passed","2026-08-27","","","",""
"**Test Case ID:** TC-EV-04
**Title:** Check Truck Price lead form rejects mobile that is not 10 digits on Electric Commercial Vehicles
**Language:** en

**Description:**
Open the Electric Commercial Vehicles page, open Check Truck Price, fill a valid name, an invalid (5-digit) mobile number, and leave city empty, then submit.

**Expected Result:**
The real, page-shown mobile-format and location-required validation messages are displayed, and no lead is submitted.

**Steps:**
1. Open the Electric Commercial Vehicles page
2. Click a truck card's ""Check Truck Price"" button to open its lead form
3. Fill a valid name and an invalid mobile number
4. Submit with city left empty
5. Verify the mobile-format and location validation messages are shown","5946","TC-EV-04: Check Truck Price lead form rejects mobile that is not 10 digits on Electric Commercial Vehicles","CategoryPages - ElectricVehicle [en] — Electric Commercial Vehicles","2026-08-27","passed","2026-08-27","","","",""
"**Test Case ID:** TC-TSR-03
**Title:** Check Truck Price lead form rejects mobile that is not 10 digits on Mahindra Blazo
**Language:** en

**Description:**
Open the Mahindra Blazo page, open Check Truck Price, fill a valid name, an invalid (5-digit) mobile number, and leave city empty, then submit.

**Expected Result:**
The real, page-shown mobile-format and location-required validation messages are displayed, and no lead is submitted.

**Steps:**
1. Open the Mahindra Blazo page
2. Click a truck card's ""Check Truck Price"" button to open its lead form
3. Fill a valid name and an invalid mobile number
4. Submit with city left empty
5. Verify the mobile-format and location validation messages are shown","5471","TC-TSR-03: Check Truck Price lead form rejects mobile that is not 10 digits on Mahindra Blazo","CategoryPages - CategoryListingTruckSeries [mahindraBlazo] [en] — Mahindra Blazo","2026-08-27","passed","2026-08-27","","","",""
"**Test Case ID:** TC-NLP-06
**Title:** Check Offers lead form shows required validation when submitted empty on Best Trucks
**Language:** en

**Description:**
Open the Best Trucks listing page, open Check Offers, and submit with name, mobile and city all left empty.

**Expected Result:**
The real, page-shown validation messages for name, mobile and location are displayed, and no lead is submitted.

**Steps:**
1. Open the Best Trucks listing page
2. Click Check Offers to open its lead form
3. Leave name, mobile and city empty and submit
4. Verify all three required-field validation messages are shown","3305","TC-NLP-06: Check Offers lead form shows required validation when submitted empty on Best Trucks","ListingPages - NewListingPages [bestTrucks] [en] — Best Trucks","2026-08-27","passed","2026-08-27","","","",""
"","1763","TC-SRT-16: does not navigate when Search is double-clicked with empty Brand tab","Homepage - SearchRightTruck [en]","2026-08-27","passed","2026-08-27","","","",""
"**Test Case ID:** TC-NLP-10
**Title:** truck listing, filters and cards on Popular Truck
**Language:** en

**Description:**
Confirm the truck listing block on Popular Truck shows a count heading, the Filter By row, and at least one truck card CTA.

**Expected Result:**
Listing heading with a count, Filter By / Reset All / Apply Filter, and at least one card button are visible.

**Steps:**
1. Open the Popular Truck listing page
2. Verify the listing heading
3. Verify Filter By controls
4. Verify at least one “Check Truck Price” card button","1403","TC-NLP-10: truck listing, filters and cards on Popular Truck","ListingPages - NewListingPages [popularTrucks] [en] — Popular Truck","2026-08-27","passed","2026-08-27","","","",""
"**Test Case ID:** TC-LMC-09
**Title:** Switching tabs updates View All destination URL
**Language:** en

**Description:**
Switch through each category tab and confirm View All points to the correct listing URL for that tab.

**Expected Result:**
For every tab, View All href matches the expected category listing path from test data.

**Steps:**
1. Open Latest Models by Category
2. Open each category tab
3. Verify View All href for that tab","3655","TC-LMC-09: switching tabs updates View All destination URL","Homepage - LatestModelsByCategory [en]","2026-08-27","passed","2026-08-27","","","",""
"**Test Case ID:** TC-NTPDP-15
**Title:** Explore brand series block for Tata Yodha 2.0
**Language:** en

**Description:**
Verify Explore … Series when present on Tata Yodha 2.0.

**Expected Result:**
Explore brand series heading is visible, or skipped.

**Steps:**
1. Open PDP
2. Locate Explore series if present","243","TC-NTPDP-15: Explore brand series block for Tata Yodha 2.0","PDP - NewTruckPdp [mostPopular] [en] — Tata Yodha 2.0","2026-08-27","passed","2026-08-27","","Page blocks (same session)","",""
"**Test Case ID:** TC-PL-05
**Title:** listing heading, filters and cards on 40 ton - 300 ton Trucks
**Language:** en

**Description:**
Open 40 ton - 300 ton Trucks and confirm the page heading and at least one listing card CTA. Filter By is checked when that row is present.

**Expected Result:**
Page heading is visible and at least one listing card button is shown.

**Steps:**
1. Open the 40 ton - 300 ton Trucks page
2. Verify the page heading
3. Verify listing cards (and Filter By when present)","1853","TC-PL-05: listing heading, filters and cards on 40 ton - 300 ton Trucks","CategoryPages - PayloadListing [ton40to300] [en] — 40 ton - 300 ton Trucks","2026-08-27","passed","2026-08-27","","","",""
"**Test Case ID:** TC-TSR-03
**Title:** Check Truck Price lead form rejects mobile that is not 10 digits on Ashok Leyland Boss
**Language:** en

**Description:**
Open the Ashok Leyland Boss page, open Check Truck Price, fill a valid name, an invalid (5-digit) mobile number, and leave city empty, then submit.

**Expected Result:**
The real, page-shown mobile-format and location-required validation messages are displayed, and no lead is submitted.

**Steps:**
1. Open the Ashok Leyland Boss page
2. Click a truck card's ""Check Truck Price"" button to open its lead form
3. Fill a valid name and an invalid mobile number
4. Submit with city left empty
5. Verify the mobile-format and location validation messages are shown","4373","TC-TSR-03: Check Truck Price lead form rejects mobile that is not 10 digits on Ashok Leyland Boss","CategoryPages - CategoryListingTruckSeries [ashokLeylandBoss] [en] — Ashok Leyland Boss","2026-08-27","passed","2026-08-27","","","",""
"","711","TC-NLP-09: SecondaryNavbar jump links on Find New Trucks","ListingPages - NewListingPages [newTrucks] [en] — Find New Trucks","2026-08-27","skipped","2026-08-27","","","",""
"**Test Case ID:** TC-PTB-05
**Title:** Clicking each popular brand card navigates to that brand page
**Language:** hi

**Description:**
From the Popular Truck Brands section, click each brand card shown on this device and confirm the user is taken to the correct brand listing page for that brand and language. Mobile only shows the first 6 brands, so only those 6 are clicked.

**Expected Result:**
After each shown brand card click, the browser URL path is /{language}/{brand-slug} for that brand (real navigation to the brand page).

**Steps:**
1. Open the Popular Truck Brands section
2. Click each brand card in turn
3. Verify navigation to the matching brand page URL
4. Return to the homepage and continue with the next brand","39954","TC-PTB-05: clicking each popular brand card navigates to that brand page","Homepage - PopularTruckBrands [hi]","2026-08-27","passed","2026-08-27","","","",""
"**Test Case ID:** TC-CDT-01
**Title:** Page heading is visible on All Authors
**Language:** en

**Description:**
Open the All Authors page and verify its main heading is shown.

**Expected Result:**
The user sees the ""All Authors"" heading at the top of the page.

**Steps:**
1. Open the All Authors page
2. Verify the main page heading is visible","648","TC-CDT-01: page heading is visible on All Authors","UtilityPages - ContentDetailPage [authorsHub] [en] — All Authors","2026-08-27","passed","2026-08-27","","","",""
"","9447","TC-CNT-00: page links resolve 200/30x; broken links are logged, not failed","UtilityPages - ContentPage [videos] [en] — Videos","2026-08-27","passed","2026-08-27","","","",""
"","665","TC-TYRL-02: Load More is not shown on Continental Tyres","UtilityPages - TyresListing [continentalTyres] [en] [desktop] — Continental Tyres","2026-08-27","skipped","2026-08-27","","","",""
"","11567","TC-TSR-00: page links resolve 200/30x; broken links are logged, not failed","CategoryPages - CategoryListingTruckSeries [mahindraBolero] [en] — Mahindra Bolero","2026-08-27","passed","2026-08-27","","","",""
"**Test Case ID:** TC-FRU-04
**Title:** No city link shares another city's listing URL
**Language:** en

**Description:**
Confirm the first two city links do not point at each other's used-truck-in URL.

**Expected Result:**
Each city card links only to its own city listing URL.

**Steps:**
1. Open Find Reliable Used Trucks Near You
2. Verify the first city's link does not use the second city's URL, and vice versa","2200","TC-FRU-04: no city link shares another city's listing URL","Homepage - FindReliableUsedTrucksNearYou [en]","2026-08-27","passed","2026-08-27","","","",""
"","982","TC-NLP-04: Notify Me lead submits successfully on Best Trucks","ListingPages - NewListingPages [bestTrucks] [en] — Best Trucks","2026-08-27","skipped","2026-08-27","","","",""
"**Test Case ID:** TC-PTB-06
**Title:** View All Brands link navigates to the brands listing page
**Language:** en

**Description:**
Locate the View All Brands link near the Popular Truck Brands section and open it to confirm it leads to the full brands listing page.

**Expected Result:**
The View All Brands link is visible with the correct label and href, and clicking it navigates to /{language}/brands.

**Steps:**
1. Open the Popular Truck Brands section
2. Verify the View All Brands link label and URL
3. Click View All Brands
4. Verify the brands listing page opens","4292","TC-PTB-06: View All Brands link navigates to the brands listing page","Homepage - PopularTruckBrands [en]","2026-08-27","passed","2026-08-27","","","",""
"**Test Case ID:** TC-NLP-04
**Title:** Notify Me lead submits successfully on Latest Trucks
**Language:** en

**Description:**
Open the Latest Trucks listing page, click Notify Me to open its lead form, fill name, mobile and city, and submit.

**Expected Result:**
A Thank You confirmation is shown after a successful lead submission. The submitted name is tagged with a page/CTA identifier for CRM traceability.

**Steps:**
1. Open the Latest Trucks listing page
2. Click Notify Me to open its lead form
3. Fill name, mobile and city
4. Submit and verify the confirmation","4853","TC-NLP-04: Notify Me lead submits successfully on Latest Trucks","ListingPages - NewListingPages [latestTrucks] [en] — Latest Trucks","2026-08-27","passed","2026-08-27","","","",""
"**Test Case ID:** TC-VHR-03
**Title:** Check Vehicle Report lead requests OTP successfully on Vehicle Report
**Language:** en

**Description:**
Open the Vehicle Report page, enter a sample vehicle registration number, click Check Vehicle Report to open its Get Information lead form (a distinct form from Check Offers), fill name, mobile and truck brand, and submit. This form is OTP-gated — there is no configured test OTP in this repo, so completion is verified up to the OTP screen, not full end-to-end submission.

**Expected Result:**
An OTP verification screen (with an Enter OTP field) appears, confirming the lead request succeeded. The submitted name is tagged with a page/CTA identifier for CRM traceability.

**Steps:**
1. Open the Vehicle Report page
2. Enter a sample vehicle registration number
3. Click Check Vehicle Report to open its lead form
4. Fill name, mobile and truck brand
5. Submit and verify the OTP screen appears","4029","TC-VHR-03: Check Vehicle Report lead requests OTP successfully on Vehicle Report","UsedTruck - VehicleReport [en] — Vehicle Report","2026-08-27","passed","2026-08-27","","","",""
"","5100","TC-BUS-00: page links resolve 200/30x; broken links are logged, not failed","Buses - BusListing [mahindraBuses] [en] — Mahindra Buses","2026-08-27","passed","2026-08-27","","","",""
"**Test Case ID:** TC-CUS-01
**Title:** Submit Request enquiry submits successfully on Contact Us
**Language:** en

**Description:**
Open the Contact Us page, fill name, mobile, email and message, and click Submit Request.

**Expected Result:**
The user sees the thank-you message: ""Thank you for contacting us, Our executive will call you soon!!"".

**Steps:**
1. Open the Contact Us page
2. Fill name, mobile, email and message
3. Click Submit Request
4. Verify the thank-you confirmation message is shown","8588","TC-CUS-01: Submit Request enquiry submits successfully on Contact Us","UtilityPages - ContactUs [en] — Contact Us","2026-08-27","passed","2026-08-27","","","",""
"**Test Case ID:** TC-CL-01
**Title:** Check Truck Price lead submits successfully on Trailers
**Language:** en

**Description:**
Open the Trailers page, click a truck card's ""Check Truck Price"" button to open its lead form, fill name, mobile and city, and submit.

**Expected Result:**
A Thank You confirmation is shown after a successful lead submission.

**Steps:**
1. Open the Trailers page
2. Click a truck card's ""Check Truck Price"" button to open its lead form
3. Fill name, mobile and city
4. Submit and verify Thank You confirmation","5186","TC-CL-01: Check Truck Price lead submits successfully on Trailers","CategoryPages - CategoryListing [trailers] [en] — Trailers","2026-08-27","passed","2026-08-27","","","",""
"**Test Case ID:** TC-CL-03
**Title:** Check Truck Price lead form rejects mobile that is not 10 digits on Hydrogen Trucks
**Language:** en

**Description:**
Open the Hydrogen Trucks page, open Check Truck Price, fill a valid name, an invalid (5-digit) mobile number, and leave city empty, then submit.

**Expected Result:**
The real, page-shown mobile-format and location-required validation messages are displayed, and no lead is submitted.

**Steps:**
1. Open the Hydrogen Trucks page
2. Click a truck card's ""Check Truck Price"" button to open its lead form
3. Fill a valid name and an invalid mobile number
4. Submit with city left empty
5. Verify the mobile-format and location validation messages are shown","2666","TC-CL-03: Check Truck Price lead form rejects mobile that is not 10 digits on Hydrogen Trucks","CategoryPages - CategoryListing [hydrogen] [en] — Hydrogen Trucks","2026-08-27","passed","2026-08-27","","","",""
"**Test Case ID:** TC-CL-05
**Title:** listing heading, filters and cards on LCV
**Language:** en

**Description:**
Open LCV and confirm the page heading and at least one listing card CTA. Filter By is checked when that row is present.

**Expected Result:**
Page heading is visible and at least one listing card button is shown.

**Steps:**
1. Open the LCV page
2. Verify the page heading
3. Verify listing cards (and Filter By when present)","1585","TC-CL-05: listing heading, filters and cards on LCV","CategoryPages - CategoryListing [lcv] [en] — LCV","2026-08-27","passed","2026-08-27","","","",""
"**Test Case ID:** TC-LMC-09
**Title:** Switching tabs updates View All destination URL
**Language:** hi

**Description:**
Switch through each category tab and confirm View All points to the correct listing URL for that tab.

**Expected Result:**
For every tab, View All href matches the expected category listing path from test data.

**Steps:**
1. Open Latest Models by Category
2. Open each category tab
3. Verify View All href for that tab","2157","TC-LMC-09: switching tabs updates View All destination URL","Homepage - LatestModelsByCategory [hi]","2026-08-27","passed","2026-08-27","","","",""
"**Test Case ID:** TC-NTPDP-27
**Title:** EMI loan period change updates Monthly EMI for Tata Yodha 2.0
**Language:** en

**Description:**
Change the EMI loan period on Tata Yodha 2.0 from the default tenure to another listed option and confirm the Monthly EMI figure updates.

**Expected Result:**
Monthly EMI still shows a rupee amount and the figure is different after the tenure change.

**Steps:**
1. Open the EMI calculator
2. Click loan period 12 months
3. Verify Monthly EMI updates","444","TC-NTPDP-27: EMI loan period change updates Monthly EMI for Tata Yodha 2.0","PDP - NewTruckPdp [mostPopular] [en] — Tata Yodha 2.0","2026-08-27","passed","2026-08-27","","Page blocks (same session)","",""
"","11015","TC-NTPDP-00: page links resolve 200/30x; broken links are logged, not failed","PDP - NewTruckPdp [mostPopular] [en] — Tata Yodha 2.0","2026-08-27","passed","2026-08-27","","","",""
"**Test Case ID:** TC-TYRL-03
**Title:** A second Load More still adds tyre cards on Continental Tyres
**Language:** en

**Description:**
Click Load More once on Continental Tyres, then again if it is still shown, and confirm the card list keeps growing.

**Expected Result:**
The first Load More adds cards. If Load More remains, a second click adds still more cards.

**Steps:**
1. Open Continental Tyres
2. Click Load More and verify more cards
3. Click Load More again if it is still shown","1417","TC-TYRL-03: a second Load More still adds tyre cards on Continental Tyres","UtilityPages - TyresListing [continentalTyres] [en] [desktop] — Continental Tyres","2026-08-27","passed","2026-08-27","","","",""
"","1076","TC-CL-04: Call Now assistance lead submits successfully on 18 Wheeler","CategoryPages - CategoryListing [eighteenWheeler] [en] — 18 Wheeler","2026-08-27","skipped","2026-08-27","","","",""
"","7014","TC-TYRL-00: page links resolve 200/30x; broken links are logged, not failed","UtilityPages - TyresListing [dunlopTyres] [en] [desktop] — Dunlop Tyres","2026-08-27","passed","2026-08-27","","","",""
"**Test Case ID:** TC-LR-06
**Title:** LOGIN tab returns to the email/mobile field
**Language:** en

**Description:**
Switch to REGISTER, then back to LOGIN, and confirm the email/mobile login field is shown again.

**Expected Result:**
After LOGIN is selected, Email / Mobile no and Login are visible again.

**Steps:**
1. Open /login
2. Click REGISTER
3. Click LOGIN
4. Verify the login field is shown","2261","TC-LR-06: LOGIN tab returns to the email/mobile field","Login - LoginRegister [en]","2026-08-27","passed","2026-08-27","","","",""
"**Test Case ID:** TC-LTU-04
**Title:** Last video title navigates to videos page
**Language:** hi

**Description:**
Click the last (not first) visible video title in Latest Truck Updates and confirm the videos page opens.

**Expected Result:**
The browser URL matches that video’s path for the selected language.

**Steps:**
1. Open Latest Truck Updates
2. Click the last visible video title
3. Verify the URL is the matching videos page","1882","TC-LTU-04: last video title navigates to videos page","Homepage - LatestTruckUpdates [hi]","2026-08-27","passed","2026-08-27","","","",""
"**Test Case ID:** TC-PDPI-02
**Title:** Check Offers lead form shows required validation when submitted empty on Tata Yodha 2.0 Mileage
**Language:** en

**Description:**
Open Tata Yodha 2.0 Mileage, click “Check Offers”, and submit with name, mobile and city all left empty.

**Expected Result:**
The real required-field validation messages for name, mobile and location are shown, and no lead is submitted.

**Steps:**
1. Open Tata Yodha 2.0 Mileage
2. Click Check Offers
3. Leave name, mobile and city empty and submit
4. Verify the three required-field messages","3744","TC-PDPI-02: Check Offers lead form shows required validation when submitted empty on Tata Yodha 2.0 Mileage","PDP - NewTruckInternalPages [yodhaMileage] [en] — Tata Yodha 2.0 Mileage","2026-08-27","passed","2026-08-27","","","",""
"**Test Case ID:** TC-CL-05
**Title:** listing heading, filters and cards on 12 Wheeler
**Language:** en

**Description:**
Open 12 Wheeler and confirm the page heading and at least one listing card CTA. Filter By is checked when that row is present.

**Expected Result:**
Page heading is visible and at least one listing card button is shown.

**Steps:**
1. Open the 12 Wheeler page
2. Verify the page heading
3. Verify listing cards (and Filter By when present)","1547","TC-CL-05: listing heading, filters and cards on 12 Wheeler","CategoryPages - CategoryListing [twelveWheeler] [en] — 12 Wheeler","2026-08-27","passed","2026-08-27","","","",""
"**Test Case ID:** TC-PDPI-03
**Title:** Check Offers lead form rejects mobile that is not 10 digits on Eka 3W Cargo Price in Mumbai
**Language:** en

**Description:**
Open Eka 3W Cargo Price in Mumbai, click “Check Offers”, fill a valid name, an invalid 5-digit mobile number, leave city empty, then submit.

**Expected Result:**
The mobile-format and location-required validation messages are shown, and no lead is submitted.

**Steps:**
1. Open Eka 3W Cargo Price in Mumbai
2. Click Check Offers
3. Fill a valid name and an invalid mobile number
4. Submit with city empty
5. Verify mobile-format and location messages","4323","TC-PDPI-03: Check Offers lead form rejects mobile that is not 10 digits on Eka 3W Cargo Price in Mumbai","PDP - NewTruckInternalPages [ekaPriceMumbai] [en] — Eka 3W Cargo Price in Mumbai","2026-08-27","passed","2026-08-27","","","",""
"","1133","TC-SRT-07: shows brand/model error when Search is clicked with no brand selection","Homepage - SearchRightTruck [ta]","2026-08-27","passed","2026-08-27","","","",""
"**Test Case ID:** TC-FRU-03
**Title:** First city link navigates to used trucks in that city
**Language:** ta

**Description:**
Click the first city in Find Reliable Used Trucks Near You and confirm the used-trucks-in-city listing opens.

**Expected Result:**
The browser URL matches that city’s used-truck-in listing for the selected language.

**Steps:**
1. Open Find Reliable Used Trucks Near You
2. Click the first city link
3. Verify the city used-trucks listing URL","3298","TC-FRU-03: first city link navigates to used trucks in that city","Homepage - FindReliableUsedTrucksNearYou [ta]","2026-08-27","passed","2026-08-27","","","",""
"","9331","TC-NLP-00: page links resolve 200/30x; broken links are logged, not failed","ListingPages - NewListingPages [popularTrucks] [en] — Popular Truck","2026-08-27","passed","2026-08-27","","","",""
"**Test Case ID:** TC-NTPDP-14
**Title:** Features block for Eka 3W Cargo
**Language:** en

**Description:**
Verify Features section for Eka 3W Cargo.

**Expected Result:**
Features heading is visible.

**Steps:**
1. Open PDP
2. Scroll to Features
3. Verify heading","240","TC-NTPDP-14: Features block for Eka 3W Cargo","PDP - NewTruckPdp [leastPopular] [en] — Eka 3W Cargo","2026-08-27","passed","2026-08-27","","Page blocks (same session)","",""
"","11259","TC-PL-00: page links resolve 200/30x; broken links are logged, not failed","CategoryPages - PayloadListing [under1Ton] [en] — Under 1 Ton Trucks","2026-08-27","passed","2026-08-27","","","",""
"**Test Case ID:** TC-NLP-07
**Title:** Check Offers lead form rejects mobile that is not 10 digits on Best Trucks
**Language:** en

**Description:**
Open the Best Trucks listing page, open Check Offers, fill a valid name, an invalid (5-digit) mobile number, and leave city empty, then submit.

**Expected Result:**
The real, page-shown mobile-format and location-required validation messages are displayed, and no lead is submitted.

**Steps:**
1. Open the Best Trucks listing page
2. Click Check Offers to open its lead form
3. Fill a valid name and an invalid mobile number
4. Submit with city left empty
5. Verify the mobile-format and location validation messages are shown","3676","TC-NLP-07: Check Offers lead form rejects mobile that is not 10 digits on Best Trucks","ListingPages - NewListingPages [bestTrucks] [en] — Best Trucks","2026-08-27","passed","2026-08-27","","","",""
"**Test Case ID:** TC-PDPI-05
**Title:** Get On Road Price lead submits successfully on Eka 3W Cargo Price in Mumbai
**Language:** en

**Description:**
Open Eka 3W Cargo Price in Mumbai, click “Get On Road Price” (a second entry point), fill name, mobile and city, and submit.

**Expected Result:**
A Thank You confirmation is shown after a successful lead submission from this second CTA.

**Steps:**
1. Open Eka 3W Cargo Price in Mumbai
2. Click Get On Road Price
3. Fill name, mobile and city
4. Submit and verify Thank You","5055","TC-PDPI-05: Get On Road Price lead submits successfully on Eka 3W Cargo Price in Mumbai","PDP - NewTruckInternalPages [ekaPriceMumbai] [en] — Eka 3W Cargo Price in Mumbai","2026-08-27","passed","2026-08-27","","","",""
"**Test Case ID:** TC-NTPDP-03
**Title:** Get Offers lead submits successfully for Tata Yodha 2.0
**Language:** en

**Description:**
Fill name, mobile and city on the open Get Offers lead for Tata Yodha 2.0 and submit.

**Expected Result:**
User sees the thank-you confirmation after submitting Get Offers.

**Steps:**
1. On the same launch Get Offers lead after validation
2. Enter name, mobile and city
3. Click Get Offers
4. Verify thank-you message","2742","TC-NTPDP-03: Get Offers lead submits successfully for Tata Yodha 2.0","PDP - NewTruckPdp [mostPopular] [en] — Tata Yodha 2.0","2026-08-27","passed","2026-08-27","","","",""
"**Test Case ID:** TC-CL-03
**Title:** Check Truck Price lead form rejects mobile that is not 10 digits on SCV
**Language:** en

**Description:**
Open the SCV page, open Check Truck Price, fill a valid name, an invalid (5-digit) mobile number, and leave city empty, then submit.

**Expected Result:**
The real, page-shown mobile-format and location-required validation messages are displayed, and no lead is submitted.

**Steps:**
1. Open the SCV page
2. Click a truck card's ""Check Truck Price"" button to open its lead form
3. Fill a valid name and an invalid mobile number
4. Submit with city left empty
5. Verify the mobile-format and location validation messages are shown","2743","TC-CL-03: Check Truck Price lead form rejects mobile that is not 10 digits on SCV","CategoryPages - CategoryListing [scv] [en] — SCV","2026-08-27","passed","2026-08-27","","","",""
"","41","TC-NTPDP-18: Find Perfect Truck block for Eka 3W Cargo","PDP - NewTruckPdp [leastPopular] [en] — Eka 3W Cargo","2026-08-27","skipped","2026-08-27","","Page blocks (same session)","",""
"**Test Case ID:** TC-NTPDP-19
**Title:** Reviews block for Eka 3W Cargo
**Language:** en

**Description:**
Verify User Reviews / Reviews for Eka 3W Cargo.

**Expected Result:**
Reviews heading is visible.

**Steps:**
1. Open PDP
2. Scroll to Reviews
3. Verify heading","173","TC-NTPDP-19: Reviews block for Eka 3W Cargo","PDP - NewTruckPdp [leastPopular] [en] — Eka 3W Cargo","2026-08-27","passed","2026-08-27","","Page blocks (same session)","",""
"","23","TC-NTPDP-15: Explore brand series block for Eka 3W Cargo","PDP - NewTruckPdp [leastPopular] [en] — Eka 3W Cargo","2026-08-27","skipped","2026-08-27","","Page blocks (same session)","",""
"","6543","TC-CNT-00: page links resolve 200/30x; broken links are logged, not failed","UtilityPages - ContentPage [news] [en] — News","2026-08-27","passed","2026-08-27","","","",""
"**Test Case ID:** TC-BUSPDP-04
**Title:** Heading is visible on Tata Starbus Ultra City Electric
**Language:** en

**Description:**
Open Tata Starbus Ultra City Electric and confirm the bus name heading.

**Expected Result:**
The heading “Tata Starbus Ultra City Electric” is visible.

**Steps:**
1. Open Tata Starbus Ultra City Electric
2. Verify the heading","736","TC-BUSPDP-04: heading is visible on Tata Starbus Ultra City Electric","Buses - BusPdp [starbusUltraCityElectric] [en] — Tata Starbus Ultra City Electric","2026-08-27","passed","2026-08-27","","","",""
"**Test Case ID:** TC-ECV-04
**Title:** View All opens electric listing
**Language:** hi

**Description:**
In Electric Commercial Vehicles, click View All and confirm the user is taken to the electric vehicles listing page.

**Expected Result:**
The URL is the electric listing path for the language (for example /en/electric in English).

**Steps:**
1. Open Electric Commercial Vehicles
2. Click View All
3. Verify the URL is the electric listing page","5565","TC-ECV-04: View All opens electric listing","Homepage - ElectricCommercialVehicles [hi]","2026-08-27","passed","2026-08-27","","","",""
"**Test Case ID:** TC-CL-01
**Title:** Check Truck Price lead submits successfully on Pickups
**Language:** en

**Description:**
Open the Pickups page, click a truck card's ""Check Truck Price"" button to open its lead form, fill name, mobile and city, and submit.

**Expected Result:**
A Thank You confirmation is shown after a successful lead submission.

**Steps:**
1. Open the Pickups page
2. Click a truck card's ""Check Truck Price"" button to open its lead form
3. Fill name, mobile and city
4. Submit and verify Thank You confirmation","5066","TC-CL-01: Check Truck Price lead submits successfully on Pickups","CategoryPages - CategoryListing [pickups] [en] — Pickups","2026-08-27","passed","2026-08-27","","","",""
"**Test Case ID:** TC-CL-03
**Title:** Check Truck Price lead form rejects mobile that is not 10 digits on Auto Rickshaw
**Language:** en

**Description:**
Open the Auto Rickshaw page, open Check Truck Price, fill a valid name, an invalid (5-digit) mobile number, and leave city empty, then submit.

**Expected Result:**
The real, page-shown mobile-format and location-required validation messages are displayed, and no lead is submitted.

**Steps:**
1. Open the Auto Rickshaw page
2. Click a truck card's ""Check Truck Price"" button to open its lead form
3. Fill a valid name and an invalid mobile number
4. Submit with city left empty
5. Verify the mobile-format and location validation messages are shown","2931","TC-CL-03: Check Truck Price lead form rejects mobile that is not 10 digits on Auto Rickshaw","CategoryPages - CategoryListing [autoRickshaw] [en] — Auto Rickshaw","2026-08-27","passed","2026-08-27","","","",""
"","8745","TC-CL-00: page links resolve 200/30x; broken links are logged, not failed","CategoryPages - CategoryListing [twelveWheeler] [en] — 12 Wheeler","2026-08-27","passed","2026-08-27","","","",""
"**Test Case ID:** TC-LTU-02
**Title:** First video title navigates to videos page
**Language:** hi

**Description:**
Click the first visible video title in Latest Truck Updates and confirm the videos page opens.

**Expected Result:**
The browser URL matches that video’s path for the selected language.

**Steps:**
1. Open Latest Truck Updates
2. Click the first visible video title
3. Verify the URL is the matching videos page","2164","TC-LTU-02: first video title navigates to videos page","Homepage - LatestTruckUpdates [hi]","2026-08-27","passed","2026-08-27","","","",""
"**Test Case ID:** TC-BUS-04
**Title:** listing heading, filters and cards on Eicher Buses
**Language:** en

**Description:**
Open Eicher Buses and confirm the page heading and at least one listing card CTA. Filter By is checked when that row is present.

**Expected Result:**
Page heading is visible and at least one listing card button is shown.

**Steps:**
1. Open the Eicher Buses page
2. Verify the page heading
3. Verify listing cards (and Filter By when present)","746","TC-BUS-04: listing heading, filters and cards on Eicher Buses","Buses - BusListing [eicherBuses] [en] — Eicher Buses","2026-08-27","passed","2026-08-27","","","",""
"**Test Case ID:** TC-ECV-01
**Title:** Electric Commercial Vehicles section is visible
**Language:** en

**Description:**
Open the homepage and locate the Electric Commercial Vehicles section. Confirm the section is shown with the correct heading for the selected language.

**Expected Result:**
The Electric Commercial Vehicles section is visible and the heading matches the expected localized text (for example, “Electric Commercial Vehicles” in English).

**Steps:**
1. Open the homepage for the selected language
2. Scroll to the Electric Commercial Vehicles section
3. Verify the section and heading are visible","3984","TC-ECV-01: Electric Commercial Vehicles section is visible","Homepage - ElectricCommercialVehicles [en]","2026-08-27","passed","2026-08-27","","","",""
"**Test Case ID:** TC-BUS-02
**Title:** Lead form shows required validation when submitted empty on Popular Buses
**Language:** en

**Description:**
Open the Popular Buses page, open the lead form via ""Check Bus Price"", and submit with name, mobile and city all left empty.

**Expected Result:**
The real, page-shown validation messages for name, mobile and location are displayed, and no lead is submitted.

**Steps:**
1. Open the Popular Buses page
2. Click ""Check Bus Price"" to open its lead form
3. Leave name, mobile and city empty and submit
4. Verify all three required-field validation messages are shown","2314","TC-BUS-02: lead form shows required validation when submitted empty on Popular Buses","Buses - BusListing [popularBuses] [en] — Popular Buses","2026-08-27","passed","2026-08-27","","","",""
"**Test Case ID:** TC-CL-01
**Title:** Check Truck Price lead submits successfully on SCV
**Language:** en

**Description:**
Open the SCV page, click a truck card's ""Check Truck Price"" button to open its lead form, fill name, mobile and city, and submit.

**Expected Result:**
A Thank You confirmation is shown after a successful lead submission.

**Steps:**
1. Open the SCV page
2. Click a truck card's ""Check Truck Price"" button to open its lead form
3. Fill name, mobile and city
4. Submit and verify Thank You confirmation","5215","TC-CL-01: Check Truck Price lead submits successfully on SCV","CategoryPages - CategoryListing [scv] [en] — SCV","2026-08-27","passed","2026-08-27","","","",""
"","6527","TC-CNT-00: page links resolve 200/30x; broken links are logged, not failed","UtilityPages - ContentPage [brandAndTonnage] [en] — Brand And Tonnage","2026-08-27","passed","2026-08-27","","","",""
"**Test Case ID:** TC-TMO-01
**Title:** Check Offers lead submits successfully on every tab of Offers
**Language:** en

**Description:**
Open the Offers page, and for each tab in ""Popular Models by Category"", click a model card's ""Check Offers"" button, fill name, mobile and city, and submit.

**Expected Result:**
A Thank You confirmation is shown after each tab's lead submission.

**Steps:**
1. Open the Offers page
2. For each tab in ""Popular Models by Category"": select the tab, click a model card's ""Check Offers"" button
3. Fill name, mobile and city
4. Submit and verify Thank You confirmation, then close and move to the next tab","61991","TC-TMO-01: Check Offers lead submits successfully on every tab of Offers","UtilityPages - TabbedModelOffers [offers] [en] — Offers","2026-08-27","passed","2026-08-27","","","",""
"**Test Case ID:** TC-CL-05
**Title:** listing heading, filters and cards on Hydrogen Trucks
**Language:** en

**Description:**
Open Hydrogen Trucks and confirm the page heading and at least one listing card CTA. Filter By is checked when that row is present.

**Expected Result:**
Page heading is visible and at least one listing card button is shown.

**Steps:**
1. Open the Hydrogen Trucks page
2. Verify the page heading
3. Verify listing cards (and Filter By when present)","890","TC-CL-05: listing heading, filters and cards on Hydrogen Trucks","CategoryPages - CategoryListing [hydrogen] [en] — Hydrogen Trucks","2026-08-27","passed","2026-08-27","","","",""
"**Test Case ID:** TC-ECV-03
**Title:** One Check Offers lead submits successfully
**Language:** en

**Description:**
Open Check Offers once from a card in Electric Commercial Vehicles, fill name, mobile and city, and submit. Only one lead form is exercised for this section.

**Expected Result:**
A Thank You confirmation is shown after a successful lead submission (same outcome users see after Check Offers elsewhere on the homepage).

**Steps:**
1. Open Electric Commercial Vehicles
2. Click Check Offers on one visible card
3. Fill name, mobile and city
4. Submit and verify Thank You confirmation","10196","TC-ECV-03: one Check Offers lead submits successfully","Homepage - ElectricCommercialVehicles [en]","2026-08-27","passed","2026-08-27","","","",""
"**Test Case ID:** TC-TSR-01
**Title:** Check Truck Price lead submits successfully on Tata Ace
**Language:** en

**Description:**
Open the Tata Ace page, click a truck card's ""Check Truck Price"" button to open its lead form, fill name, mobile and city, and submit.

**Expected Result:**
A Thank You confirmation is shown after a successful lead submission.

**Steps:**
1. Open the Tata Ace page
2. Click a truck card's ""Check Truck Price"" button to open its lead form
3. Fill name, mobile and city
4. Submit and verify Thank You confirmation","8889","TC-TSR-01: Check Truck Price lead submits successfully on Tata Ace","CategoryPages - CategoryListingTruckSeries [tataAce] [en] — Tata Ace","2026-08-27","passed","2026-08-27","","","",""
"**Test Case ID:** TC-CL-03
**Title:** Check Truck Price lead form rejects mobile that is not 10 digits on LNG Trucks
**Language:** en

**Description:**
Open the LNG Trucks page, open Check Truck Price, fill a valid name, an invalid (5-digit) mobile number, and leave city empty, then submit.

**Expected Result:**
The real, page-shown mobile-format and location-required validation messages are displayed, and no lead is submitted.

**Steps:**
1. Open the LNG Trucks page
2. Click a truck card's ""Check Truck Price"" button to open its lead form
3. Fill a valid name and an invalid mobile number
4. Submit with city left empty
5. Verify the mobile-format and location validation messages are shown","2940","TC-CL-03: Check Truck Price lead form rejects mobile that is not 10 digits on LNG Trucks","CategoryPages - CategoryListing [lng] [en] — LNG Trucks","2026-08-27","passed","2026-08-27","","","",""
"","859","TC-NLP-03: Contact Seller lead submits successfully on Upcoming Trucks","ListingPages - NewListingPages [upcomingTrucks] [en] — Upcoming Trucks","2026-08-27","skipped","2026-08-27","","","",""
"","727","TC-TYRL-03: a second Load More still adds tyre cards on Apollo Tyres","UtilityPages - TyresListing [apolloTyres] [en] [desktop] — Apollo Tyres","2026-08-27","skipped","2026-08-27","","","",""
"**Test Case ID:** TC-CL-03
**Title:** Check Truck Price lead form rejects mobile that is not 10 digits on Tippers
**Language:** en

**Description:**
Open the Tippers page, open Check Truck Price, fill a valid name, an invalid (5-digit) mobile number, and leave city empty, then submit.

**Expected Result:**
The real, page-shown mobile-format and location-required validation messages are displayed, and no lead is submitted.

**Steps:**
1. Open the Tippers page
2. Click a truck card's ""Check Truck Price"" button to open its lead form
3. Fill a valid name and an invalid mobile number
4. Submit with city left empty
5. Verify the mobile-format and location validation messages are shown","3070","TC-CL-03: Check Truck Price lead form rejects mobile that is not 10 digits on Tippers","CategoryPages - CategoryListing [tippers] [en] — Tippers","2026-08-27","passed","2026-08-27","","","",""
"**Test Case ID:** TC-PL-02
**Title:** Check Truck Price lead form shows required validation when submitted empty on 1 ton - 2.5 ton Trucks
**Language:** en

**Description:**
Open the 1 ton - 2.5 ton Trucks page, open Check Truck Price, and submit with name, mobile and city all left empty.

**Expected Result:**
The real, page-shown validation messages for name, mobile and location are displayed, and no lead is submitted.

**Steps:**
1. Open the 1 ton - 2.5 ton Trucks page
2. Click a truck card's ""Check Truck Price"" button to open its lead form
3. Leave name, mobile and city empty and submit
4. Verify all three required-field validation messages are shown","2766","TC-PL-02: Check Truck Price lead form shows required validation when submitted empty on 1 ton - 2.5 ton Trucks","CategoryPages - PayloadListing [ton1to2_5] [en] — 1 ton - 2.5 ton Trucks","2026-08-27","passed","2026-08-27","","","",""
"**Test Case ID:** TC-NTPDP-12
**Title:** Compare Alternatives block for Tata Yodha 2.0
**Language:** en

**Description:**
Verify Compare with Alternative section for Tata Yodha 2.0.

**Expected Result:**
Compare Alternatives heading is visible.

**Steps:**
1. Open PDP
2. Scroll to Compare Alternatives
3. Verify heading","481","TC-NTPDP-12: Compare Alternatives block for Tata Yodha 2.0","PDP - NewTruckPdp [mostPopular] [en] — Tata Yodha 2.0","2026-08-27","passed","2026-08-27","","Page blocks (same session)","",""
"**Test Case ID:** TC-LMC-01
**Title:** Latest Models by Category section is visible with tabs
**Language:** en

**Description:**
Open the homepage and locate Latest Models by Category. Confirm the section heading and all category tabs are shown.

**Expected Result:**
The section is visible with the correct heading and tabs for 3 Wheelers, Auto Rickshaw, E Rickshaw, Mini Trucks, and SCV (localized for the language).

**Steps:**
1. Open the homepage for the selected language
2. Scroll to Latest Models by Category
3. Verify heading and all category tabs are visible","4704","TC-LMC-01: Latest Models by Category section is visible with tabs","Homepage - LatestModelsByCategory [en]","2026-08-27","passed","2026-08-27","","","",""
"**Test Case ID:** TC-PL-05
**Title:** listing heading, filters and cards on 1 ton - 2.5 ton Trucks
**Language:** en

**Description:**
Open 1 ton - 2.5 ton Trucks and confirm the page heading and at least one listing card CTA. Filter By is checked when that row is present.

**Expected Result:**
Page heading is visible and at least one listing card button is shown.

**Steps:**
1. Open the 1 ton - 2.5 ton Trucks page
2. Verify the page heading
3. Verify listing cards (and Filter By when present)","890","TC-PL-05: listing heading, filters and cards on 1 ton - 2.5 ton Trucks","CategoryPages - PayloadListing [ton1to2_5] [en] — 1 ton - 2.5 ton Trucks","2026-08-27","passed","2026-08-27","","","",""
"**Test Case ID:** TC-BUSPDP-01
**Title:** Check Offers lead submits successfully on Tata Starbus Ultra City Electric
**Language:** en

**Description:**
Open the Tata Starbus Ultra City Electric bus detail page, click Check Offers, fill name, mobile and city, and submit.

**Expected Result:**
A Thank You confirmation is shown after a successful lead submission. The submitted name is testqa.

**Steps:**
1. Open Tata Starbus Ultra City Electric
2. Click Check Offers
3. Fill name, mobile and city
4. Submit and verify Thank You","3740","TC-BUSPDP-01: Check Offers lead submits successfully on Tata Starbus Ultra City Electric","Buses - BusPdp [starbusUltraCityElectric] [en] — Tata Starbus Ultra City Electric","2026-08-27","passed","2026-08-27","","","",""
"","10108","TC-NLP-00: page links resolve 200/30x; broken links are logged, not failed","ListingPages - NewListingPages [latestTrucks] [en] — Latest Trucks","2026-08-27","passed","2026-08-27","","","",""
"**Test Case ID:** TC-CL-02
**Title:** Check Truck Price lead form shows required validation when submitted empty on Trailers
**Language:** en

**Description:**
Open the Trailers page, open Check Truck Price, and submit with name, mobile and city all left empty.

**Expected Result:**
The real, page-shown validation messages for name, mobile and location are displayed, and no lead is submitted.

**Steps:**
1. Open the Trailers page
2. Click a truck card's ""Check Truck Price"" button to open its lead form
3. Leave name, mobile and city empty and submit
4. Verify all three required-field validation messages are shown","5032","TC-CL-02: Check Truck Price lead form shows required validation when submitted empty on Trailers","CategoryPages - CategoryListing [trailers] [en] — Trailers","2026-08-27","passed","2026-08-27","","","",""
"**Test Case ID:** TC-BUT-02
**Title:** Contact Seller lead form shows required validation when submitted empty on Buy Used Trucks
**Language:** en

**Description:**
Open the Buy Used Trucks page, open Contact Seller on a visible card, and submit with name, mobile and city all left empty.

**Expected Result:**
The real, page-shown validation messages for name, mobile and location are displayed, and no lead is submitted.

**Steps:**
1. Open the Buy Used Trucks page
2. Open the Contact Seller lead form from a visible card
3. Leave name, mobile and city empty and submit
4. Verify all three required-field validation messages are shown","2837","TC-BUT-02: Contact Seller lead form shows required validation when submitted empty on Buy Used Trucks","UsedTruck - BuyUsedTrucks [en] — Buy Used Trucks","2026-08-27","passed","2026-08-27","","","",""
"","2665","TC-SRT-16: does not navigate when Search is double-clicked with empty Brand tab","Homepage - SearchRightTruck [hi]","2026-08-27","passed","2026-08-27","","","",""
"**Test Case ID:** TC-FRU-01
**Title:** Find Reliable Used Trucks Near You section is visible
**Language:** ta

**Description:**
Open the homepage and locate Find Reliable Used Trucks Near You. Confirm the section and heading are shown.

**Expected Result:**
The section is visible with the correct localized heading and at least one city link.

**Steps:**
1. Open the homepage for the selected language
2. Scroll to Find Reliable Used Trucks Near You
3. Verify the section and heading are visible","2295","TC-FRU-01: Find Reliable Used Trucks Near You section is visible","Homepage - FindReliableUsedTrucksNearYou [ta]","2026-08-27","passed","2026-08-27","","","",""
"**Test Case ID:** TC-NTPDP-25
**Title:** Book Free Test Drive CTA for Eka 3W Cargo
**Language:** en

**Description:**
Confirm Book Free Test Drive is shown on Eka 3W Cargo.

**Expected Result:**
Book Free Test Drive control is visible.

**Steps:**
1. Open PDP
2. Locate Book Free Test Drive
3. Verify visible","187","TC-NTPDP-25: Book Free Test Drive CTA for Eka 3W Cargo","PDP - NewTruckPdp [leastPopular] [en] — Eka 3W Cargo","2026-08-27","passed","2026-08-27","","Page blocks (same session)","",""
"**Test Case ID:** TC-NTPDP-28
**Title:** Dealers section switches to Service Center tab for Tata Yodha 2.0
**Language:** en

**Description:**
On the Dealers, Service Centers & Spare Parts block for Tata Yodha 2.0, switch from Dealers to Service Center.

**Expected Result:**
Service Center becomes the active tab.

**Steps:**
1. Scroll to Dealers, Service Centers & Spare Parts
2. Click the Service Center tab
3. Verify Service Center is active","1164","TC-NTPDP-28: Dealers section switches to Service Center tab for Tata Yodha 2.0","PDP - NewTruckPdp [mostPopular] [en] — Tata Yodha 2.0","2026-08-27","passed","2026-08-27","","Page blocks (same session)","",""
"**Test Case ID:** TC-PDPI-01
**Title:** Check Offers lead submits successfully on Tata Yodha 2.0 Specifications
**Language:** en

**Description:**
Open Tata Yodha 2.0 Specifications, click “Check Offers”, fill name, mobile and city, and submit.

**Expected Result:**
A Thank You confirmation is shown after a successful lead submission. The submitted name is testqa.

**Steps:**
1. Open Tata Yodha 2.0 Specifications
2. Click Check Offers
3. Fill name, mobile and city
4. Submit and verify Thank You","6619","TC-PDPI-01: Check Offers lead submits successfully on Tata Yodha 2.0 Specifications","PDP - NewTruckInternalPages [yodhaSpecifications] [en] — Tata Yodha 2.0 Specifications","2026-08-27","passed","2026-08-27","","","",""
"**Test Case ID:** TC-CL-02
**Title:** Check Truck Price lead form shows required validation when submitted empty on Hydrogen Trucks
**Language:** en

**Description:**
Open the Hydrogen Trucks page, open Check Truck Price, and submit with name, mobile and city all left empty.

**Expected Result:**
The real, page-shown validation messages for name, mobile and location are displayed, and no lead is submitted.

**Steps:**
1. Open the Hydrogen Trucks page
2. Click a truck card's ""Check Truck Price"" button to open its lead form
3. Leave name, mobile and city empty and submit
4. Verify all three required-field validation messages are shown","2150","TC-CL-02: Check Truck Price lead form shows required validation when submitted empty on Hydrogen Trucks","CategoryPages - CategoryListing [hydrogen] [en] — Hydrogen Trucks","2026-08-27","passed","2026-08-27","","","",""
"**Test Case ID:** TC-PDPI-01
**Title:** Check Offers lead submits successfully on Tata Yodha 2.0 Images
**Language:** en

**Description:**
Open Tata Yodha 2.0 Images, click “Check Offers”, fill name, mobile and city, and submit.

**Expected Result:**
A Thank You confirmation is shown after a successful lead submission. The submitted name is testqa.

**Steps:**
1. Open Tata Yodha 2.0 Images
2. Click Check Offers
3. Fill name, mobile and city
4. Submit and verify Thank You","10367","TC-PDPI-01: Check Offers lead submits successfully on Tata Yodha 2.0 Images","PDP - NewTruckInternalPages [yodhaImages] [en] — Tata Yodha 2.0 Images","2026-08-27","passed","2026-08-27","","","",""
"","5444","TC-PDPI-00: page links resolve 200/30x; broken links are logged, not failed","PDP - NewTruckInternalPages [ekaPriceMumbai] [en] — Eka 3W Cargo Price in Mumbai","2026-08-27","passed","2026-08-27","","","",""
"","7748","TC-PDPI-00: page links resolve 200/30x; broken links are logged, not failed","PDP - NewTruckInternalPages [yodhaReview] [en] — Tata Yodha 2.0 Reviews","2026-08-27","passed","2026-08-27","","","",""
"**Test Case ID:** TC-CVP-03
**Title:** Check Offers lead form shows required validation when submitted empty on CV Permit
**Language:** en

**Description:**
Open the CV Permit page, open Check Offers, and submit with name, mobile and city all left empty.

**Expected Result:**
The real, page-shown validation messages for name, mobile and location are displayed, and no lead is submitted.

**Steps:**
1. Open the CV Permit page
2. Open the Check Offers lead form
3. Leave name, mobile and city empty and submit
4. Verify all three required-field validation messages are shown","2478","TC-CVP-03: Check Offers lead form shows required validation when submitted empty on CV Permit","UsedTruck - CvPermit [en] — CV Permit","2026-08-27","passed","2026-08-27","","","",""
"**Test Case ID:** TC-ECV-04
**Title:** View All opens electric listing
**Language:** en

**Description:**
In Electric Commercial Vehicles, click View All and confirm the user is taken to the electric vehicles listing page.

**Expected Result:**
The URL is the electric listing path for the language (for example /en/electric in English).

**Steps:**
1. Open Electric Commercial Vehicles
2. Click View All
3. Verify the URL is the electric listing page","5320","TC-ECV-04: View All opens electric listing","Homepage - ElectricCommercialVehicles [en]","2026-08-27","passed","2026-08-27","","","",""
"**Test Case ID:** TC-CL-04
**Title:** Call Now assistance lead submits successfully on Petrol Trucks
**Language:** en

**Description:**
Open the Petrol Trucks page, click the ""Still confused?"" widget's Call Now button to open the assistance lead form, fill model, name, mobile and city, and submit.

**Expected Result:**
The assistance form closes after a successful submission.

**Steps:**
1. Open the Petrol Trucks page
2. Click Call Now to open the assistance lead form
3. Fill model, name, mobile and city
4. Submit and verify the assistance form closes","4851","TC-CL-04: Call Now assistance lead submits successfully on Petrol Trucks","CategoryPages - CategoryListing [petrol] [en] — Petrol Trucks","2026-08-27","passed","2026-08-27","","","",""
"**Test Case ID:** TC-PDPI-02
**Title:** Check Offers lead form shows required validation when submitted empty on Eka 3W Cargo Reviews
**Language:** en

**Description:**
Open Eka 3W Cargo Reviews, click “Check Offers”, and submit with name, mobile and city all left empty.

**Expected Result:**
The real required-field validation messages for name, mobile and location are shown, and no lead is submitted.

**Steps:**
1. Open Eka 3W Cargo Reviews
2. Click Check Offers
3. Leave name, mobile and city empty and submit
4. Verify the three required-field messages","1954","TC-PDPI-02: Check Offers lead form shows required validation when submitted empty on Eka 3W Cargo Reviews","PDP - NewTruckInternalPages [ekaReview] [en] — Eka 3W Cargo Reviews","2026-08-27","passed","2026-08-27","","","",""
"**Test Case ID:** TC-BUS-02
**Title:** Lead form shows required validation when submitted empty on Ashok Leyland Buses
**Language:** en

**Description:**
Open the Ashok Leyland Buses page, open the lead form via ""Check Bus Price"", and submit with name, mobile and city all left empty.

**Expected Result:**
The real, page-shown validation messages for name, mobile and location are displayed, and no lead is submitted.

**Steps:**
1. Open the Ashok Leyland Buses page
2. Click ""Check Bus Price"" to open its lead form
3. Leave name, mobile and city empty and submit
4. Verify all three required-field validation messages are shown","2092","TC-BUS-02: lead form shows required validation when submitted empty on Ashok Leyland Buses","Buses - BusListing [ashokLeylandBuses] [en] — Ashok Leyland Buses","2026-08-27","passed","2026-08-27","","","",""
"**Test Case ID:** TC-TBR-04
**Title:** listing heading, filters and cards on Tata Trucks
**Language:** en

**Description:**
Open Tata Trucks and confirm the page heading and at least one listing card CTA. Filter By is checked when that row is present.

**Expected Result:**
Page heading is visible and at least one listing card button is shown.

**Steps:**
1. Open the Tata Trucks page
2. Verify the page heading
3. Verify listing cards (and Filter By when present)","2245","TC-TBR-04: listing heading, filters and cards on Tata Trucks","CategoryPages - CategoryListingBrands [tataBrand] [en] — Tata Trucks","2026-08-27","passed","2026-08-27","","","",""
"**Test Case ID:** TC-PDPI-03
**Title:** Check Offers lead form rejects mobile that is not 10 digits on Tata Yodha 2.0 Specifications
**Language:** en

**Description:**
Open Tata Yodha 2.0 Specifications, click “Check Offers”, fill a valid name, an invalid 5-digit mobile number, leave city empty, then submit.

**Expected Result:**
The mobile-format and location-required validation messages are shown, and no lead is submitted.

**Steps:**
1. Open Tata Yodha 2.0 Specifications
2. Click Check Offers
3. Fill a valid name and an invalid mobile number
4. Submit with city empty
5. Verify mobile-format and location messages","4097","TC-PDPI-03: Check Offers lead form rejects mobile that is not 10 digits on Tata Yodha 2.0 Specifications","PDP - NewTruckInternalPages [yodhaSpecifications] [en] — Tata Yodha 2.0 Specifications","2026-08-27","passed","2026-08-27","","","",""
"**Test Case ID:** TC-NLP-12
**Title:** Load More shows more truck cards on Latest Trucks
**Language:** en

**Description:**
Click Load More on Latest Trucks and confirm more truck cards appear.

**Expected Result:**
The number of visible card buttons increases after Load More.

**Steps:**
1. Open the Latest Trucks listing page
2. Note how many truck cards are shown
3. Click Load More
4. Verify more cards are shown","2395","TC-NLP-12: Load More shows more truck cards on Latest Trucks","ListingPages - NewListingPages [latestTrucks] [en] — Latest Trucks","2026-08-27","passed","2026-08-27","","","",""
"","8204","TC-NLP-00: page links resolve 200/30x; broken links are logged, not failed","ListingPages - NewListingPages [newTrucks] [en] — Find New Trucks","2026-08-27","passed","2026-08-27","","","",""
"**Test Case ID:** TC-CT-04
**Title:** Compare Trucks heading and Compare button are visible on Compare Trucks
**Language:** en

**Description:**
Open Compare Trucks and confirm the comparison tool heading and Compare button.

**Expected Result:**
Compare Trucks heading and a Compare button are visible.

**Steps:**
1. Open the Compare Trucks page
2. Verify heading
3. Verify Compare button","1255","TC-CT-04: Compare Trucks heading and Compare button are visible on Compare Trucks","Compare - CompareTrucks [en] — Compare Trucks","2026-08-27","passed","2026-08-27","","","",""
"**Test Case ID:** TC-NTPDP-24
**Title:** FAQ block for Tata Yodha 2.0
**Language:** en

**Description:**
Verify Frequently Asked Questions for Tata Yodha 2.0.

**Expected Result:**
FAQ heading is visible.

**Steps:**
1. Open PDP
2. Scroll to FAQ
3. Verify heading","411","TC-NTPDP-24: FAQ block for Tata Yodha 2.0","PDP - NewTruckPdp [mostPopular] [en] — Tata Yodha 2.0","2026-08-27","passed","2026-08-27","","Page blocks (same session)","",""
"**Test Case ID:** TC-BUSPDP-05
**Title:** FAQ question expands on Tata Starbus Staff Contract
**Language:** en

**Description:**
Open a Frequently Asked Question on Tata Starbus Staff Contract and confirm it expands.

**Expected Result:**
An FAQ question is present and can be opened.

**Steps:**
1. Open Tata Starbus Staff Contract
2. Open an FAQ question","816","TC-BUSPDP-05: FAQ question expands on Tata Starbus Staff Contract","Buses - BusPdp [starbusStaffContract] [en] — Tata Starbus Staff Contract","2026-08-27","passed","2026-08-27","","","",""
"**Test Case ID:** TC-CL-01
**Title:** Check Truck Price lead submits successfully on Petrol Trucks
**Language:** en

**Description:**
Open the Petrol Trucks page, click a truck card's ""Check Truck Price"" button to open its lead form, fill name, mobile and city, and submit.

**Expected Result:**
A Thank You confirmation is shown after a successful lead submission.

**Steps:**
1. Open the Petrol Trucks page
2. Click a truck card's ""Check Truck Price"" button to open its lead form
3. Fill name, mobile and city
4. Submit and verify Thank You confirmation","6670","TC-CL-01: Check Truck Price lead submits successfully on Petrol Trucks","CategoryPages - CategoryListing [petrol] [en] — Petrol Trucks","2026-08-27","passed","2026-08-27","","","",""
"","5666","TC-BUS-00: page links resolve 200/30x; broken links are logged, not failed","Buses - BusListing [popularBuses] [en] — Popular Buses","2026-08-27","passed","2026-08-27","","","",""
"","12148","TC-PL-00: page links resolve 200/30x; broken links are logged, not failed","CategoryPages - PayloadListing [ton20to40] [en] — 20 ton - 40 ton Trucks","2026-08-27","passed","2026-08-27","","","",""
"","2342","TC-SRT-15: clears brand selection after switching away and back to Brand tab","Homepage - SearchRightTruck [en]","2026-08-27","passed","2026-08-27","","","",""
"**Test Case ID:** TC-CL-05
**Title:** listing heading, filters and cards on LPG Trucks
**Language:** en

**Description:**
Open LPG Trucks and confirm the page heading and at least one listing card CTA. Filter By is checked when that row is present.

**Expected Result:**
Page heading is visible and at least one listing card button is shown.

**Steps:**
1. Open the LPG Trucks page
2. Verify the page heading
3. Verify listing cards (and Filter By when present)","922","TC-CL-05: listing heading, filters and cards on LPG Trucks","CategoryPages - CategoryListing [lpg] [en] — LPG Trucks","2026-08-27","passed","2026-08-27","","","",""
"","57","TC-NTPDP-28: Dealers section switches to Service Center tab for Eka 3W Cargo","PDP - NewTruckPdp [leastPopular] [en] — Eka 3W Cargo","2026-08-27","skipped","2026-08-27","","Page blocks (same session)","",""
"","13992","TC-DIR-00: page links resolve 200/30x; broken links are logged, not failed","UtilityPages - DirectoryPage [truckSeries] [en] — Popular Truck Series","2026-08-27","passed","2026-08-27","","","",""
"**Test Case ID:** TC-CL-03
**Title:** Check Truck Price lead form rejects mobile that is not 10 digits on ICV
**Language:** en

**Description:**
Open the ICV page, open Check Truck Price, fill a valid name, an invalid (5-digit) mobile number, and leave city empty, then submit.

**Expected Result:**
The real, page-shown mobile-format and location-required validation messages are displayed, and no lead is submitted.

**Steps:**
1. Open the ICV page
2. Click a truck card's ""Check Truck Price"" button to open its lead form
3. Fill a valid name and an invalid mobile number
4. Submit with city left empty
5. Verify the mobile-format and location validation messages are shown","2815","TC-CL-03: Check Truck Price lead form rejects mobile that is not 10 digits on ICV","CategoryPages - CategoryListing [icv] [en] — ICV","2026-08-27","passed","2026-08-27","","","",""
"**Test Case ID:** TC-NTPDP-18
**Title:** Find Perfect Truck block for Tata Yodha 2.0
**Language:** en

**Description:**
Verify Find Perfect Truck when present on Tata Yodha 2.0.

**Expected Result:**
Find Perfect Truck heading is visible, or skipped.

**Steps:**
1. Open PDP
2. Locate Find Perfect Truck if present","189","TC-NTPDP-18: Find Perfect Truck block for Tata Yodha 2.0","PDP - NewTruckPdp [mostPopular] [en] — Tata Yodha 2.0","2026-08-27","passed","2026-08-27","","Page blocks (same session)","",""
"**Test Case ID:** TC-CL-01
**Title:** Check Truck Price lead submits successfully on 16 Wheeler
**Language:** en

**Description:**
Open the 16 Wheeler page, click a truck card's ""Check Truck Price"" button to open its lead form, fill name, mobile and city, and submit.

**Expected Result:**
A Thank You confirmation is shown after a successful lead submission.

**Steps:**
1. Open the 16 Wheeler page
2. Click a truck card's ""Check Truck Price"" button to open its lead form
3. Fill name, mobile and city
4. Submit and verify Thank You confirmation","6951","TC-CL-01: Check Truck Price lead submits successfully on 16 Wheeler","CategoryPages - CategoryListing [sixteenWheeler] [en] — 16 Wheeler","2026-08-27","passed","2026-08-27","","","",""
"**Test Case ID:** TC-PSH-05
**Title:** No visible product card links to a duplicate used truck
**Language:** en

**Description:**
Confirm every visible product name in Popular Second Hand Truck links to a distinct used truck.

**Expected Result:**
No two visible product cards share the same href.

**Steps:**
1. Open Popular Second Hand Truck
2. Verify all visible product links are unique","2032","TC-PSH-05: no visible product card links to a duplicate used truck","Homepage - PopularSecondHandTruck [en]","2026-08-27","passed","2026-08-27","","","",""
"","11292","TC-EV-00: page links resolve 200/30x; broken links are logged, not failed","CategoryPages - ElectricVehicle [en] — Electric Commercial Vehicles","2026-08-27","passed","2026-08-27","","","",""
"**Test Case ID:** TC-TBR-01
**Title:** Check Truck Price lead submits successfully on Eicher Trucks
**Language:** en

**Description:**
Open the Eicher Trucks page, click a truck card's ""Check Truck Price"" button to open its lead form, fill name, mobile and city, and submit.

**Expected Result:**
A Thank You confirmation is shown after a successful lead submission.

**Steps:**
1. Open the Eicher Trucks page
2. Click a truck card's ""Check Truck Price"" button to open its lead form
3. Fill name, mobile and city
4. Submit and verify Thank You confirmation","9543","TC-TBR-01: Check Truck Price lead submits successfully on Eicher Trucks","CategoryPages - CategoryListingBrands [eicherBrand] [en] — Eicher Trucks","2026-08-27","passed","2026-08-27","","","",""
