"DESCRIPTION","DURATION IN MS","NAME","PARENT SUITE","START TIME","STATUS","STOP TIME","SUB SUITE","SUITE","TEST CLASS","TEST METHOD"
"","5079","TC-LMC-07: one Check Offers lead from scv tab submits successfully","AllLeadForm - Homepage LatestModelsByCategory [en]","2026-10-06","passed","2026-10-06","","","",""
"","1161","TC-DLB-01: Talk To Dealer lead submits successfully on Tata Truck Dealers","AllLeadForm - DealerBrand [tata] [en] — Tata Truck Dealers","2026-10-06","broken","2026-10-06","","","",""
"","621","TC-CL-04: Call Now assistance lead submits successfully on Mini Trucks","CategoryPages - CategoryListing [miniTrucks] [en] — Mini Trucks","2026-10-06","skipped","2026-10-06","","","",""
"","6963","TC-BUS-01: lead submits successfully on New Buses","AllLeadForm - BusListing [newBuses] [en] — New Buses","2026-10-06","passed","2026-10-06","","","",""
"","6626","TC-PDPI-01: Get On Road Price lead submits successfully on Tata Yodha 2.0 Price in Gurgaon","PDP - NewTruckInternalPages [yodhaPriceGurgaon] [en] — Tata Yodha 2.0 Price in Gurgaon","2026-10-06","passed","2026-10-06","","","",""
"","1905","TC-PDPI-02: Check Offers lead form shows required validation when submitted empty on Tata Yodha 2.0 Reviews","PDP - NewTruckInternalPages [yodhaReview] [en] — Tata Yodha 2.0 Reviews","2026-10-06","passed","2026-10-06","","","",""
"","549","TC-DLB-01: Talk To Dealer lead submits successfully on Atul 3 Wheeler Dealers","AllLeadForm - DealerBrand [atul] [en] — Atul 3 Wheeler Dealers","2026-10-06","broken","2026-10-06","","","",""
"","1875","TC-TSR-03: Check Truck Price lead form rejects mobile that is not 10 digits on Ashok Leyland Boss","CategoryPages - CategoryListing [ashokLeylandBoss] [en] — Ashok Leyland Boss","2026-10-06","passed","2026-10-06","","","",""
"","3205","TC-CL-01: Check Truck Price lead submits successfully on Hydrogen Trucks","CategoryPages - CategoryListing [hydrogen] [en] — Hydrogen Trucks","2026-10-06","passed","2026-10-06","","","",""
"","2660","TC-PDPI-02: Download Brochure lead form shows required validation when submitted empty on Tata Yodha 2.0 Brochure","PDP - NewTruckInternalPages [yodhaBrochure] [en] — Tata Yodha 2.0 Brochure","2026-10-06","passed","2026-10-06","","","",""
"","2518","TC-UTPDP-05: Check Offers lead form shows required validation when submitted empty on Used Truck Detail","AllLeadForm - UsedTruckPdp [en]","2026-10-06","passed","2026-10-06","","","",""
"","1568","TC-CB-02: Check Truck Price lead form shows required validation when submitted empty on Atul 3 Wheeler","AllLeadForm - CategoryBrand [threeWheelerAtul] [en] — Atul 3 Wheeler","2026-10-06","passed","2026-10-06","","","",""
"","2308","TC-TMO-02: Check Offers lead form shows required validation when submitted empty on Offers","AllLeadForm - TabbedModelOffers [offers] [en] — Offers","2026-10-06","passed","2026-10-06","","","",""
"","3291","TC-BUS-01: lead submits successfully on Latest Buses","AllLeadForm - BusListing [latestBuses] [en] — Latest Buses","2026-10-06","passed","2026-10-06","","","",""
"","2295","TC-BGT-03: Check Truck Price lead form rejects mobile that is not 10 digits on Trucks Above 40 Lakh","AllLeadForm - Budget [above40Lakh] [en] — Trucks Above 40 Lakh","2026-10-06","passed","2026-10-06","","","",""
"","447","TC-DLB-01: Talk To Dealer lead submits successfully on Ashok Leyland Truck Dealers","AllLeadForm - DealerBrand [ashokLeyland] [en] — Ashok Leyland Truck Dealers","2026-10-06","broken","2026-10-06","","","",""
"","641","TC-NLP-06: Check Offers lead form shows required validation when submitted empty on Popular Truck","ListingPages - NewListingPages [popularTrucks] [en] — Popular Truck","2026-10-06","skipped","2026-10-06","","","",""
"","1591","TC-PL-02: Check Truck Price lead form shows required validation when submitted empty on 5 ton - 10 ton Trucks","CategoryPages - CategoryListing [ton5to10] [en] — 5 ton - 10 ton Trucks","2026-10-06","passed","2026-10-06","","","",""
"","3143","TC-PDPI-03: Get On Road Price lead form rejects mobile that is not 10 digits on Tata Yodha 2.0 Price in Gurgaon","PDP - NewTruckInternalPages [yodhaPriceGurgaon] [en] — Tata Yodha 2.0 Price in Gurgaon","2026-10-06","passed","2026-10-06","","","",""
"","1880","TC-CL-04: Call Now assistance lead submits successfully on 3 Wheeler","CategoryPages - CategoryListing [threeWheeler] [en] — 3 Wheeler","2026-10-06","skipped","2026-10-06","","","",""
"","3083","TC-ESC-01: Check Truck Price lead submits successfully on Electric Pickup","AllLeadForm - ElectricSubCategory [pickup] [en] — Electric Pickup","2026-10-06","passed","2026-10-06","","","",""
"","3694","TC-ESC-01: Check Truck Price lead submits successfully on Electric Commercial Vehicle Under 5 Lakh","AllLeadForm - ElectricSubCategory [under5Lakh] [en] — Electric Commercial Vehicle Under 5 Lakh","2026-10-06","passed","2026-10-06","","","",""
"","2424","TC-BBG-02: Check Truck Price lead form shows required validation when submitted empty on Eicher Trucks Under 20 Lakh","AllLeadForm - BrandBudget [eicherUnder20Lakh] [en] — Eicher Trucks Under 20 Lakh","2026-10-06","passed","2026-10-06","","","",""
"","1935","TC-CL-03: Check Truck Price lead form rejects mobile that is not 10 digits on Tippers","CategoryPages - CategoryListing [tippers] [en] — Tippers","2026-10-06","passed","2026-10-06","","","",""
"","1951","TC-CL-03: Check Truck Price lead form rejects mobile that is not 10 digits on Hydrogen Trucks","CategoryPages - CategoryListing [hydrogen] [en] — Hydrogen Trucks","2026-10-06","passed","2026-10-06","","","",""
"**Test Case ID:** TC-NLP-07
**Title:** Check Offers lead form rejects mobile that is not 10 digits on Find New Trucks
**Language:** en

**Description:**
Open the Find New Trucks listing page, open Check Offers, fill a valid name, an invalid (5-digit) mobile number, and leave city empty, then submit.

**Expected Result:**
The real, page-shown mobile-format and location-required validation messages are displayed, and no lead is submitted.

**Steps:**
1. Open the Find New Trucks listing page
2. Click Check Offers to open its lead form
3. Fill a valid name and an invalid mobile number
4. Submit with city left empty
5. Verify the mobile-format and location validation messages are shown","2998","TC-NLP-07: Check Offers lead form rejects mobile that is not 10 digits on Find New Trucks","ListingPages - NewListingPages [newTrucks] [en] — Find New Trucks","2026-10-06","passed","2026-10-06","","","",""
"**Test Case ID:** TC-NLP-04
**Title:** Notify Me lead submits successfully on Latest Trucks
**Language:** en

**Description:**
Open the Latest Trucks listing page, click Notify Me to open its lead form, fill name, mobile and city, and submit.

**Expected Result:**
A Thank You confirmation is shown after a successful lead submission. The submitted name is tagged with a page/CTA identifier for CRM traceability.

**Steps:**
1. Open the Latest Trucks listing page
2. Click Notify Me to open its lead form
3. Fill name, mobile and city
4. Submit and verify the confirmation","17904","TC-NLP-04: Notify Me lead submits successfully on Latest Trucks","ListingPages - NewListingPages [latestTrucks] [en] — Latest Trucks","2026-10-06","failed","2026-10-06","","","",""
"","3981","TC-CB-01: Check Truck Price lead submits successfully on Eicher 4 Wheeler Trucks","AllLeadForm - CategoryBrand [fourWheelerEicher] [en] — Eicher 4 Wheeler Trucks","2026-10-06","passed","2026-10-06","","","",""
"","507","TC-DLB-02: Talk To Dealer lead form shows required validation when submitted empty on Tata Truck Dealers","AllLeadForm - DealerBrand [tata] [en] — Tata Truck Dealers","2026-10-06","broken","2026-10-06","","","",""
"","3916","TC-CL-01: Check Truck Price lead submits successfully on 10 Wheeler","CategoryPages - CategoryListing [tenWheeler] [en] — 10 Wheeler","2026-10-06","passed","2026-10-06","","","",""
"","3284","TC-PDPI-02: Check Offers lead form shows required validation when submitted empty on Tata Yodha 2.0 Images","PDP - NewTruckInternalPages [yodhaImages] [en] — Tata Yodha 2.0 Images","2026-10-06","passed","2026-10-06","","","",""
"","2870","TC-PDPI-03: Download Brochure lead form rejects mobile that is not 10 digits on Tata Yodha 2.0 Brochure","PDP - NewTruckInternalPages [yodhaBrochure] [en] — Tata Yodha 2.0 Brochure","2026-10-06","passed","2026-10-06","","","",""
"","3915","TC-TBR-03: Check Truck Price lead form rejects mobile that is not 10 digits on Eicher Trucks","CategoryPages - CategoryListing [eicherBrand] [en] — Eicher Trucks","2026-10-06","passed","2026-10-06","","","",""
"","2363","TC-CL-03: Check Truck Price lead form rejects mobile that is not 10 digits on 4 Wheeler","CategoryPages - CategoryListing [fourWheeler] [en] — 4 Wheeler","2026-10-06","passed","2026-10-06","","","",""
"","4188","TC-BGT-01: Check Truck Price lead submits successfully on Trucks Under 30 Lakh","AllLeadForm - Budget [under30Lakh] [en] — Trucks Under 30 Lakh","2026-10-06","passed","2026-10-06","","","",""
"","6727","TC-BBG-01: Check Truck Price lead submits successfully on Ashok Leyland Trucks Under 15 Lakh","AllLeadForm - BrandBudget [ashokLeylandUnder15Lakh] [en] — Ashok Leyland Trucks Under 15 Lakh","2026-10-06","passed","2026-10-06","","","",""
"","3834","TC-CL-01: Check Truck Price lead submits successfully on ICV","CategoryPages - CategoryListing [icv] [en] — ICV","2026-10-06","passed","2026-10-06","","","",""
"","3594","TC-CL-01: Check Truck Price lead submits successfully on HCV","CategoryPages - CategoryListing [hcv] [en] — HCV","2026-10-06","passed","2026-10-06","","","",""
"","2103","TC-BUSVAR-03: Check Offers lead form rejects mobile that is not 10 digits on Tata Starbus Staff Contract 40+D LP 909/52 CNG","AllLeadForm - BusVariant [starbus40dLp909] [en] — Tata Starbus Staff Contract 40+D LP 909/52 CNG","2026-10-06","passed","2026-10-06","","","",""
"","601","TC-CL-04: Call Now assistance lead submits successfully on 8 Wheeler","CategoryPages - CategoryListing [eightWheeler] [en] — 8 Wheeler","2026-10-06","skipped","2026-10-06","","","",""
"","2050","TC-CT-03: Check Offers lead form rejects mobile that is not 10 digits on Compare Trucks","AllLeadForm - CompareTrucks [en]","2026-10-06","passed","2026-10-06","","","",""
"","1725","TC-CB-02: Check Truck Price lead form shows required validation when submitted empty on Ashok Leyland Tractor Trailers","AllLeadForm - CategoryBrand [tractorAshokLeyland] [en] — Ashok Leyland Tractor Trailers","2026-10-06","passed","2026-10-06","","","",""
"","1250","TC-BUS-02: lead form shows required validation when submitted empty on Upcoming Buses","AllLeadForm - BusListing [upcomingBuses] [en] — Upcoming Buses","2026-10-06","passed","2026-10-06","","","",""
"","3242","TC-PDPI-05: Get On Road Price lead submits successfully on Tata Yodha 2.0 Videos","PDP - NewTruckInternalPages [yodhaVideos] [en] — Tata Yodha 2.0 Videos","2026-10-06","passed","2026-10-06","","","",""
"**Test Case ID:** TC-NLP-02
**Title:** Check Truck Price lead submits successfully on BS6 Trucks
**Language:** en

**Description:**
Open the BS6 Trucks listing page, click Check Truck Price to open its lead form, fill name, mobile and city, and submit.

**Expected Result:**
A Thank You confirmation is shown after a successful lead submission. The submitted name is tagged with a page/CTA identifier for CRM traceability.

**Steps:**
1. Open the BS6 Trucks listing page
2. Click Check Truck Price to open its lead form
3. Fill name, mobile and city
4. Submit and verify the confirmation","4786","TC-NLP-02: Check Truck Price lead submits successfully on BS6 Trucks","ListingPages - NewListingPages [bs6Trucks] [en] — BS6 Trucks","2026-10-06","passed","2026-10-06","","","",""
"","3713","TC-BBG-01: Check Truck Price lead submits successfully on Eicher Trucks Above 40 Lakh","AllLeadForm - BrandBudget [eicherAbove40Lakh] [en] — Eicher Trucks Above 40 Lakh","2026-10-06","passed","2026-10-06","","","",""
"","3364","TC-PL-04: Call Now assistance lead submits successfully on Under 1 Ton Trucks","CategoryPages - CategoryListing [under1Ton] [en] — Under 1 Ton Trucks","2026-10-06","passed","2026-10-06","","","",""
"","1625","TC-CVP-04: Check Offers lead form rejects mobile that is not 10 digits on CV Permit","AllLeadForm - CvPermit [en]","2026-10-06","passed","2026-10-06","","","",""
"","741","TC-SCB-03: Talk To Dealer lead form rejects mobile that is not 10 digits on Tata Service Centers","AllLeadForm - ServiceCenterBrand [tata] [en] — Tata Service Centers","2026-10-06","broken","2026-10-06","","","",""
"","8849","TC-CL-01: Check Truck Price lead submits successfully on Diesel Trucks","CategoryPages - CategoryListing [diesel] [en] — Diesel Trucks","2026-10-06","passed","2026-10-06","","","",""
"","3234","TC-TIY-21: Check Offers lead form rejects mobile that is not 10 digits","AllLeadForm - Homepage TruckInIndia [en]","2026-10-06","passed","2026-10-06","","","",""
"","887","TC-NLP-04: Notify Me lead submits successfully on Best Trucks","ListingPages - NewListingPages [bestTrucks] [en] — Best Trucks","2026-10-06","skipped","2026-10-06","","","",""
"","3167","TC-CB-01: Check Truck Price lead submits successfully on Altigreen Auto Rickshaw","AllLeadForm - CategoryBrand [autoRickshawAltigreen] [en] — Altigreen Auto Rickshaw","2026-10-06","passed","2026-10-06","","","",""
"","1744","TC-CL-02: Check Truck Price lead form shows required validation when submitted empty on Trailers","CategoryPages - CategoryListing [trailers] [en] — Trailers","2026-10-06","passed","2026-10-06","","","",""
"","5703","TC-TIY-18: Latest Check Offers submits lead and shows Thank You modal","AllLeadForm - Homepage TruckInIndia [en]","2026-10-06","passed","2026-10-06","","","",""
"","20220","TC-LMC-05: one Check Offers lead from eRickshaw tab submits successfully","AllLeadForm - Homepage LatestModelsByCategory [en]","2026-10-06","failed","2026-10-06","","","",""
"","4968","TC-BR-04: Download Brochure lead submits successfully from the ""Latest"" tab on Brochure","AllLeadForm - Brochure [en]","2026-10-06","passed","2026-10-06","","","",""
"","3555","TC-LMC-10: Check Offers lead form shows required validation when submitted empty","AllLeadForm - Homepage LatestModelsByCategory [en]","2026-10-06","passed","2026-10-06","","","",""
"","5043","TC-CL-01: Check Truck Price lead submits successfully on Petrol Trucks","CategoryPages - CategoryListing [petrol] [en] — Petrol Trucks","2026-10-06","passed","2026-10-06","","","",""
"","2507","TC-TIY-20: Check Offers lead form shows required validation when submitted empty","AllLeadForm - Homepage TruckInIndia [en]","2026-10-06","passed","2026-10-06","","","",""
"","1699","TC-ECH-04: Check Offers lead form rejects mobile that is not 10 digits on E Challan","AllLeadForm - EChallan [en]","2026-10-06","passed","2026-10-06","","","",""
"","851","TC-SPB-02: Talk To Dealer lead form shows required validation when submitted empty on Mahindra Spare Parts Dealers","AllLeadForm - SparePartsBrand [mahindra] [en] — Mahindra Spare Parts Dealers","2026-10-06","broken","2026-10-06","","","",""
"","2271","TC-BGT-03: Check Truck Price lead form rejects mobile that is not 10 digits on Trucks Under 20 Lakh","AllLeadForm - Budget [under20Lakh] [en] — Trucks Under 20 Lakh","2026-10-06","passed","2026-10-06","","","",""
"","47623","TC-CB-04: Call Now assistance lead submits successfully on BharatBenz 6 Wheeler Trucks","AllLeadForm - CategoryBrand [sixWheelerBharatBenz] [en] — BharatBenz 6 Wheeler Trucks","2026-10-06","failed","2026-10-06","","","",""
"","574","TC-NLP-07: Check Offers lead form rejects mobile that is not 10 digits on Popular Truck","ListingPages - NewListingPages [popularTrucks] [en] — Popular Truck","2026-10-06","skipped","2026-10-06","","","",""
"","1512","TC-CL-02: Check Truck Price lead form shows required validation when submitted empty on 18 Wheeler","CategoryPages - CategoryListing [eighteenWheeler] [en] — 18 Wheeler","2026-10-06","passed","2026-10-06","","","",""
"","1287","TC-BUSVAR-02: Check Offers lead form shows required validation when submitted empty on Tata Starbus Staff Contract 24+D LP 407/36 CNG","AllLeadForm - BusVariant [starbus24dLp407] [en] — Tata Starbus Staff Contract 24+D LP 407/36 CNG","2026-10-06","passed","2026-10-06","","","",""
"","1695","TC-BGT-02: Check Truck Price lead form shows required validation when submitted empty on Trucks Under 30 Lakh","AllLeadForm - Budget [under30Lakh] [en] — Trucks Under 30 Lakh","2026-10-06","passed","2026-10-06","","","",""
"","3453","TC-BGT-01: Check Truck Price lead submits successfully on Trucks Under 15 Lakh","AllLeadForm - Budget [under15Lakh] [en] — Trucks Under 15 Lakh","2026-10-06","passed","2026-10-06","","","",""
"","4497","TC-BGT-04: Call Now assistance lead submits successfully on Trucks Above 40 Lakh","AllLeadForm - Budget [above40Lakh] [en] — Trucks Above 40 Lakh","2026-10-06","passed","2026-10-06","","","",""
"","3864","TC-CL-01: Check Truck Price lead submits successfully on SCV","CategoryPages - CategoryListing [scv] [en] — SCV","2026-10-06","passed","2026-10-06","","","",""
"","1201","TC-TBR-04: Call Now assistance lead submits successfully on Mahindra Trucks","CategoryPages - CategoryListing [mahindraBrand] [en] — Mahindra Trucks","2026-10-06","skipped","2026-10-06","","","",""
"","2209","TC-VHR-03: Check Vehicle Report lead requests OTP successfully on Vehicle Report","AllLeadForm - VehicleReport [en]","2026-10-06","passed","2026-10-06","","","",""
"**Test Case ID:** TC-NLP-01
**Title:** Check Offers lead submits successfully on BS6 Trucks
**Language:** en

**Description:**
Open the BS6 Trucks listing page, click Check Offers to open its lead form, fill name, mobile and city, and submit.

**Expected Result:**
A Thank You confirmation is shown after a successful lead submission. The submitted name is tagged with a page/CTA identifier for CRM traceability.

**Steps:**
1. Open the BS6 Trucks listing page
2. Click Check Offers to open its lead form
3. Fill name, mobile and city
4. Submit and verify the confirmation","6382","TC-NLP-01: Check Offers lead submits successfully on BS6 Trucks","ListingPages - NewListingPages [bs6Trucks] [en] — BS6 Trucks","2026-10-06","passed","2026-10-06","","","",""
"","3019","TC-CL-02: Check Truck Price lead form shows required validation when submitted empty on HCV","CategoryPages - CategoryListing [hcv] [en] — HCV","2026-10-06","passed","2026-10-06","","","",""
"","2081","TC-CL-02: Check Truck Price lead form shows required validation when submitted empty on Auto Rickshaw","CategoryPages - CategoryListing [autoRickshaw] [en] — Auto Rickshaw","2026-10-06","passed","2026-10-06","","","",""
"","1591","TC-BDM-02: Talk To Dealer lead form shows required validation when submitted empty on Body Makers","AllLeadForm - BodyMakers [en] — Body Makers","2026-10-06","passed","2026-10-06","","","",""
"","6824","TC-TBR-01: Check Truck Price lead submits successfully on Mahindra Trucks","CategoryPages - CategoryListing [mahindraBrand] [en] — Mahindra Trucks","2026-10-06","passed","2026-10-06","","","",""
"","1483","TC-ESC-02: Check Truck Price lead form shows required validation when submitted empty on Electric Commercial Vehicle Under 5 Lakh","AllLeadForm - ElectricSubCategory [under5Lakh] [en] — Electric Commercial Vehicle Under 5 Lakh","2026-10-06","passed","2026-10-06","","","",""
"","3243","TC-PL-04: Call Now assistance lead submits successfully on 1 ton - 2.5 ton Trucks","CategoryPages - CategoryListing [ton1to2_5] [en] — 1 ton - 2.5 ton Trucks","2026-10-06","passed","2026-10-06","","","",""
"","2068","TC-CL-02: Check Truck Price lead form shows required validation when submitted empty on Transit Mixer","CategoryPages - CategoryListing [transitMixer] [en] — Transit Mixer","2026-10-06","passed","2026-10-06","","","",""
"","3980","TC-CL-01: Check Truck Price lead submits successfully on 14 Wheeler","CategoryPages - CategoryListing [fourteenWheeler] [en] — 14 Wheeler","2026-10-06","passed","2026-10-06","","","",""
"","897","TC-TSR-04: Call Now assistance lead submits successfully on Ashok Leyland Boss","CategoryPages - CategoryListing [ashokLeylandBoss] [en] — Ashok Leyland Boss","2026-10-06","skipped","2026-10-06","","","",""
"","3071","TC-CB-01: Check Truck Price lead submits successfully on Ashok Leyland Transit Mixers","AllLeadForm - CategoryBrand [transitMixerAshokLeyland] [en] — Ashok Leyland Transit Mixers","2026-10-06","passed","2026-10-06","","","",""
"","1675","TC-CL-03: Check Truck Price lead form rejects mobile that is not 10 digits on 22 Wheeler","CategoryPages - CategoryListing [twentyTwoWheeler] [en] — 22 Wheeler","2026-10-06","passed","2026-10-06","","","",""
"","1929","TC-CL-03: Check Truck Price lead form rejects mobile that is not 10 digits on ICV","CategoryPages - CategoryListing [icv] [en] — ICV","2026-10-06","passed","2026-10-06","","","",""
"","1412","TC-TSR-02: Check Truck Price lead form shows required validation when submitted empty on Mahindra Bolero","CategoryPages - CategoryListing [mahindraBolero] [en] — Mahindra Bolero","2026-10-06","passed","2026-10-06","","","",""
"","3446","TC-PL-04: Call Now assistance lead submits successfully on 2.5 ton - 5 ton Trucks","CategoryPages - CategoryListing [ton2_5to5] [en] — 2.5 ton - 5 ton Trucks","2026-10-06","passed","2026-10-06","","","",""
"","4737","TC-UTPDP-04: Check Offers lead submits successfully on Used Truck Detail","AllLeadForm - UsedTruckPdp [en]","2026-10-06","passed","2026-10-06","","","",""
"","3005","TC-CB-04: Call Now assistance lead submits successfully on Ashok Leyland Pickups","AllLeadForm - CategoryBrand [pickupAshokLeyland] [en] — Ashok Leyland Pickups","2026-10-06","passed","2026-10-06","","","",""
"","3550","TC-BR-02: Download Brochure lead submits successfully from the ""Popular"" tab on Brochure","AllLeadForm - Brochure [en]","2026-10-06","passed","2026-10-06","","","",""
"","1899","TC-PDPI-02: Check Offers lead form shows required validation when submitted empty on Tata Yodha 2.0 Videos","PDP - NewTruckInternalPages [yodhaVideos] [en] — Tata Yodha 2.0 Videos","2026-10-06","passed","2026-10-06","","","",""
"","3637","TC-TSR-01: Check Truck Price lead submits successfully on Mahindra Bolero","CategoryPages - CategoryListing [mahindraBolero] [en] — Mahindra Bolero","2026-10-06","passed","2026-10-06","","","",""
"","4518","TC-BBG-03: Check Truck Price lead form rejects mobile that is not 10 digits on Ashok Leyland Trucks Above 40 Lakh","AllLeadForm - BrandBudget [ashokLeylandAbove40Lakh] [en] — Ashok Leyland Trucks Above 40 Lakh","2026-10-06","passed","2026-10-06","","","",""
"","610","TC-CL-04: Call Now assistance lead submits successfully on 22 Wheeler","CategoryPages - CategoryListing [twentyTwoWheeler] [en] — 22 Wheeler","2026-10-06","skipped","2026-10-06","","","",""
"","3246","TC-PL-04: Call Now assistance lead submits successfully on 5 ton - 10 ton Trucks","CategoryPages - CategoryListing [ton5to10] [en] — 5 ton - 10 ton Trucks","2026-10-06","passed","2026-10-06","","","",""
"","3586","TC-CL-01: Check Truck Price lead submits successfully on 18 Wheeler","CategoryPages - CategoryListing [eighteenWheeler] [en] — 18 Wheeler","2026-10-06","passed","2026-10-06","","","",""
"","2182","TC-CL-03: Check Truck Price lead form rejects mobile that is not 10 digits on SCV","CategoryPages - CategoryListing [scv] [en] — SCV","2026-10-06","passed","2026-10-06","","","",""
"","1469","TC-PL-02: Check Truck Price lead form shows required validation when submitted empty on 1 ton - 2.5 ton Trucks","CategoryPages - CategoryListing [ton1to2_5] [en] — 1 ton - 2.5 ton Trucks","2026-10-06","passed","2026-10-06","","","",""
"","1560","TC-BBG-02: Check Truck Price lead form shows required validation when submitted empty on Ashok Leyland Trucks Under 30 Lakh","AllLeadForm - BrandBudget [ashokLeylandUnder30Lakh] [en] — Ashok Leyland Trucks Under 30 Lakh","2026-10-06","passed","2026-10-06","","","",""
"**Test Case ID:** TC-NLP-02
**Title:** Check Truck Price lead submits successfully on Find New Trucks
**Language:** en

**Description:**
Open the Find New Trucks listing page, click Check Truck Price to open its lead form, fill name, mobile and city, and submit.

**Expected Result:**
A Thank You confirmation is shown after a successful lead submission. The submitted name is tagged with a page/CTA identifier for CRM traceability.

**Steps:**
1. Open the Find New Trucks listing page
2. Click Check Truck Price to open its lead form
3. Fill name, mobile and city
4. Submit and verify the confirmation","3592","TC-NLP-02: Check Truck Price lead submits successfully on Find New Trucks","ListingPages - NewListingPages [newTrucks] [en] — Find New Trucks","2026-10-06","passed","2026-10-06","","","",""
"**Test Case ID:** TC-NLP-07
**Title:** Check Offers lead form rejects mobile that is not 10 digits on Best Trucks
**Language:** en

**Description:**
Open the Best Trucks listing page, open Check Offers, fill a valid name, an invalid (5-digit) mobile number, and leave city empty, then submit.

**Expected Result:**
The real, page-shown mobile-format and location-required validation messages are displayed, and no lead is submitted.

**Steps:**
1. Open the Best Trucks listing page
2. Click Check Offers to open its lead form
3. Fill a valid name and an invalid mobile number
4. Submit with city left empty
5. Verify the mobile-format and location validation messages are shown","3526","TC-NLP-07: Check Offers lead form rejects mobile that is not 10 digits on Best Trucks","ListingPages - NewListingPages [bestTrucks] [en] — Best Trucks","2026-10-06","passed","2026-10-06","","","",""
"","3063","TC-CB-01: Check Truck Price lead submits successfully on Allfine E Rickshaw","AllLeadForm - CategoryBrand [eRickshawAllfine] [en] — Allfine E Rickshaw","2026-10-06","passed","2026-10-06","","","",""
"","3559","TC-ESC-04: Call Now assistance lead submits successfully on Electric Auto Rickshaw","AllLeadForm - ElectricSubCategory [autoRickshaw] [en] — Electric Auto Rickshaw","2026-10-06","passed","2026-10-06","","","",""
"","2382","TC-CB-03: Check Truck Price lead form rejects mobile that is not 10 digits on Ashok Leyland Mini Trucks","AllLeadForm - CategoryBrand [miniTruckAshokLeyland] [en] — Ashok Leyland Mini Trucks","2026-10-06","passed","2026-10-06","","","",""
"","3285","TC-CB-04: Call Now assistance lead submits successfully on Eicher Mini Trucks","AllLeadForm - CategoryBrand [miniTruckEicher] [en] — Eicher Mini Trucks","2026-10-06","passed","2026-10-06","","","",""
"","806","TC-SPB-03: Talk To Dealer lead form rejects mobile that is not 10 digits on Tata Spare Parts Dealers","AllLeadForm - SparePartsBrand [tata] [en] — Tata Spare Parts Dealers","2026-10-06","broken","2026-10-06","","","",""
"","1764","TC-BUSVAR-03: Check Offers lead form rejects mobile that is not 10 digits on Tata Starbus Staff Contract 24+D LP 407/36 CNG","AllLeadForm - BusVariant [starbus24dLp407] [en] — Tata Starbus Staff Contract 24+D LP 407/36 CNG","2026-10-06","passed","2026-10-06","","","",""
"","1428","TC-BUS-02: lead form shows required validation when submitted empty on Mahindra Buses","AllLeadForm - BusListing [mahindraBuses] [en] — Mahindra Buses","2026-10-06","passed","2026-10-06","","","",""
"","1254","TC-CVP-03: Check Offers lead form shows required validation when submitted empty on CV Permit","AllLeadForm - CvPermit [en]","2026-10-06","passed","2026-10-06","","","",""
"","4292","TC-ESC-01: Check Truck Price lead submits successfully on Electric Commercial Vehicle Under 1 Lakh","AllLeadForm - ElectricSubCategory [under1Lakh] [en] — Electric Commercial Vehicle Under 1 Lakh","2026-10-06","passed","2026-10-06","","","",""
"","1615","TC-PL-02: Check Truck Price lead form shows required validation when submitted empty on Under 1 Ton Trucks","CategoryPages - CategoryListing [under1Ton] [en] — Under 1 Ton Trucks","2026-10-06","passed","2026-10-06","","","",""
"","2361","TC-CB-03: Check Truck Price lead form rejects mobile that is not 10 digits on Ashok Leyland Pickups","AllLeadForm - CategoryBrand [pickupAshokLeyland] [en] — Ashok Leyland Pickups","2026-10-06","passed","2026-10-06","","","",""
"","4504","TC-BBG-01: Check Truck Price lead submits successfully on Ashok Leyland Trucks Above 40 Lakh","AllLeadForm - BrandBudget [ashokLeylandAbove40Lakh] [en] — Ashok Leyland Trucks Above 40 Lakh","2026-10-06","passed","2026-10-06","","","",""
"","4283","TC-EV-02: Call Now assistance lead submits successfully on Electric Commercial Vehicles","AllLeadForm - ElectricVehicle [en] — Electric Commercial Vehicles","2026-10-06","passed","2026-10-06","","","",""
"","2382","TC-ECH-02: Check Challan lead requests OTP successfully on E Challan","AllLeadForm - EChallan [en]","2026-10-06","passed","2026-10-06","","","",""
"","3448","TC-CB-01: Check Truck Price lead submits successfully on Atul 3 Wheeler","AllLeadForm - CategoryBrand [threeWheelerAtul] [en] — Atul 3 Wheeler","2026-10-06","passed","2026-10-06","","","",""
"","11671","TC-TBR-01: Check Truck Price lead submits successfully on Tata Trucks","CategoryPages - CategoryListing [tataBrand] [en] — Tata Trucks","2026-10-06","passed","2026-10-06","","","",""
"","3015","TC-CL-01: Check Truck Price lead submits successfully on LPG Trucks","CategoryPages - CategoryListing [lpg] [en] — LPG Trucks","2026-10-06","passed","2026-10-06","","","",""
"","681","TC-DLB-02: Talk To Dealer lead form shows required validation when submitted empty on Atul 3 Wheeler Dealers","AllLeadForm - DealerBrand [atul] [en] — Atul 3 Wheeler Dealers","2026-10-06","broken","2026-10-06","","","",""
"","20047","TC-TMO-01: Check Offers lead submits successfully on every tab of Offers","AllLeadForm - TabbedModelOffers [offers] [en] — Offers","2026-10-06","failed","2026-10-06","","","",""
"","605","TC-ESC-04: Call Now assistance lead submits successfully on Electric Commercial Vehicle Under 5 Lakh","AllLeadForm - ElectricSubCategory [under5Lakh] [en] — Electric Commercial Vehicle Under 5 Lakh","2026-10-06","skipped","2026-10-06","","","",""
"","882","TC-SPB-01: Talk To Dealer lead submits successfully on Mahindra Spare Parts Dealers","AllLeadForm - SparePartsBrand [mahindra] [en] — Mahindra Spare Parts Dealers","2026-10-06","broken","2026-10-06","","","",""
"","305","TC-PDPI-01: Check Offers lead submits successfully on Eka 3W Cargo Reviews","PDP - NewTruckInternalPages [ekaReview] [en] — Eka 3W Cargo Reviews","2026-10-06","broken","2026-10-06","","","",""
"","6074","TC-CUS-01: Submit Request enquiry submits successfully on Contact Us","AllLeadForm - ContactUs [en] — Contact Us","2026-10-06","passed","2026-10-06","","","",""
"","5915","TC-BGT-01: Check Truck Price lead submits successfully on Trucks Under 10 Lakh","AllLeadForm - Budget [under10Lakh] [en] — Trucks Under 10 Lakh","2026-10-06","passed","2026-10-06","","","",""
"","1926","TC-BUS-03: lead form rejects mobile that is not 10 digits on Mahindra Buses","AllLeadForm - BusListing [mahindraBuses] [en] — Mahindra Buses","2026-10-06","passed","2026-10-06","","","",""
"","1812","TC-CB-02: Check Truck Price lead form shows required validation when submitted empty on Eicher 10 Wheeler Trucks","AllLeadForm - CategoryBrand [tenWheelerEicher] [en] — Eicher 10 Wheeler Trucks","2026-10-06","passed","2026-10-06","","","",""
"","2131","TC-CB-03: Check Truck Price lead form rejects mobile that is not 10 digits on Ashok Leyland 10 Wheeler Trucks","AllLeadForm - CategoryBrand [tenWheelerAshokLeyland] [en] — Ashok Leyland 10 Wheeler Trucks","2026-10-06","passed","2026-10-06","","","",""
"","2137","TC-CL-02: Check Truck Price lead form shows required validation when submitted empty on CNG Trucks","CategoryPages - CategoryListing [cng] [en] — CNG Trucks","2026-10-06","passed","2026-10-06","","","",""
"","4034","TC-ECV-06: Check Offers lead form rejects mobile that is not 10 digits","AllLeadForm - Homepage ElectricCommercialVehicles [en]","2026-10-06","passed","2026-10-06","","","",""
"","4160","TC-CB-04: Call Now assistance lead submits successfully on Ashok Leyland Mini Trucks","AllLeadForm - CategoryBrand [miniTruckAshokLeyland] [en] — Ashok Leyland Mini Trucks","2026-10-06","passed","2026-10-06","","","",""
"","1670","TC-PL-03: Check Truck Price lead form rejects mobile that is not 10 digits on 20 ton - 40 ton Trucks","CategoryPages - CategoryListing [ton20to40] [en] — 20 ton - 40 ton Trucks","2026-10-06","passed","2026-10-06","","","",""
"**Test Case ID:** TC-NLP-05
**Title:** Call Now lead submits successfully on Latest Trucks
**Language:** en

**Description:**
Open the Latest Trucks listing page, click Call Now to open its lead form, fill name, mobile and city, and submit.

**Expected Result:**
The assistance lead form closes after a successful submission (verified via the real submit network call). The submitted name is tagged with a page/CTA identifier for CRM traceability.

**Steps:**
1. Open the Latest Trucks listing page
2. Click Call Now to open its lead form
3. Fill name, mobile and city
4. Submit and verify the confirmation","3344","TC-NLP-05: Call Now lead submits successfully on Latest Trucks","ListingPages - NewListingPages [latestTrucks] [en] — Latest Trucks","2026-10-06","passed","2026-10-06","","","",""
"","494","TC-SPB-02: Talk To Dealer lead form shows required validation when submitted empty on Eicher Spare Parts Dealers","AllLeadForm - SparePartsBrand [eicher] [en] — Eicher Spare Parts Dealers","2026-10-06","broken","2026-10-06","","","",""
"**Test Case ID:** TC-NLP-05
**Title:** Call Now lead submits successfully on BS6 Trucks
**Language:** en

**Description:**
Open the BS6 Trucks listing page, click Call Now to open its lead form, fill name, mobile and city, and submit.

**Expected Result:**
The assistance lead form closes after a successful submission (verified via the real submit network call). The submitted name is tagged with a page/CTA identifier for CRM traceability.

**Steps:**
1. Open the BS6 Trucks listing page
2. Click Call Now to open its lead form
3. Fill name, mobile and city
4. Submit and verify the confirmation","3672","TC-NLP-05: Call Now lead submits successfully on BS6 Trucks","ListingPages - NewListingPages [bs6Trucks] [en] — BS6 Trucks","2026-10-06","passed","2026-10-06","","","",""
"","3710","TC-ECH-01: Check Offers lead submits successfully on E Challan","AllLeadForm - EChallan [en]","2026-10-06","passed","2026-10-06","","","",""
"","723","TC-CL-04: Call Now assistance lead submits successfully on 12 Wheeler","CategoryPages - CategoryListing [twelveWheeler] [en] — 12 Wheeler","2026-10-06","skipped","2026-10-06","","","",""
"","2073","TC-CB-03: Check Truck Price lead form rejects mobile that is not 10 digits on Allfine E Rickshaw","AllLeadForm - CategoryBrand [eRickshawAllfine] [en] — Allfine E Rickshaw","2026-10-06","passed","2026-10-06","","","",""
"","453","TC-CL-04: Call Now assistance lead submits successfully on 10 Wheeler","CategoryPages - CategoryListing [tenWheeler] [en] — 10 Wheeler","2026-10-06","skipped","2026-10-06","","","",""
"","1014","TC-NLP-05: Call Now lead submits successfully on Best Trucks","ListingPages - NewListingPages [bestTrucks] [en] — Best Trucks","2026-10-06","skipped","2026-10-06","","","",""
"","20147","TC-EV-01: Check Truck Price lead submits successfully on Electric Commercial Vehicles","AllLeadForm - ElectricVehicle [en] — Electric Commercial Vehicles","2026-10-06","failed","2026-10-06","","","",""
"","625","TC-DLB-03: Talk To Dealer lead form rejects mobile that is not 10 digits on Atul 3 Wheeler Dealers","AllLeadForm - DealerBrand [atul] [en] — Atul 3 Wheeler Dealers","2026-10-06","broken","2026-10-06","","","",""
"","3783","TC-BGT-01: Check Truck Price lead submits successfully on Trucks Under 20 Lakh","AllLeadForm - Budget [under20Lakh] [en] — Trucks Under 20 Lakh","2026-10-06","passed","2026-10-06","","","",""
"","416","TC-DLB-03: Talk To Dealer lead form rejects mobile that is not 10 digits on Tata Truck Dealers","AllLeadForm - DealerBrand [tata] [en] — Tata Truck Dealers","2026-10-06","broken","2026-10-06","","","",""
"","875","TC-CL-04: Call Now assistance lead submits successfully on Transit Mixer","CategoryPages - CategoryListing [transitMixer] [en] — Transit Mixer","2026-10-06","skipped","2026-10-06","","","",""
"","360","TC-NLP-04: Notify Me lead submits successfully on BS6 Trucks","ListingPages - NewListingPages [bs6Trucks] [en] — BS6 Trucks","2026-10-06","skipped","2026-10-06","","","",""
"","5277","TC-BBG-04: Call Now assistance lead submits successfully on Ashok Leyland Trucks Above 40 Lakh","AllLeadForm - BrandBudget [ashokLeylandAbove40Lakh] [en] — Ashok Leyland Trucks Above 40 Lakh","2026-10-06","passed","2026-10-06","","","",""
"","478","TC-DBC-03: Talk To Dealer lead form rejects mobile that is not 10 digits on Tata Truck Dealers in Pune, Maharashtra","AllLeadForm - DealerBrandCity [tataPune] [en] — Tata Truck Dealers in Pune, Maharashtra","2026-10-06","broken","2026-10-06","","","",""
"","1553","TC-TSR-02: Check Truck Price lead form shows required validation when submitted empty on Ashok Leyland Boss","CategoryPages - CategoryListing [ashokLeylandBoss] [en] — Ashok Leyland Boss","2026-10-06","passed","2026-10-06","","","",""
"","4877","TC-BGT-04: Call Now assistance lead submits successfully on Trucks Under 30 Lakh","AllLeadForm - Budget [under30Lakh] [en] — Trucks Under 30 Lakh","2026-10-06","passed","2026-10-06","","","",""
"","2164","TC-BBG-02: Check Truck Price lead form shows required validation when submitted empty on Eicher Trucks Above 40 Lakh","AllLeadForm - BrandBudget [eicherAbove40Lakh] [en] — Eicher Trucks Above 40 Lakh","2026-10-06","passed","2026-10-06","","","",""
"","3007","TC-CL-04: Call Now assistance lead submits successfully on ICV","CategoryPages - CategoryListing [icv] [en] — ICV","2026-10-06","passed","2026-10-06","","","",""
"","6251","TC-PDPI-01: Check Offers lead submits successfully on Tata Yodha 2.0 Mileage","PDP - NewTruckInternalPages [yodhaMileage] [en] — Tata Yodha 2.0 Mileage","2026-10-06","passed","2026-10-06","","","",""
"","940","TC-ESC-04: Call Now assistance lead submits successfully on Electric Commercial Vehicle Under 1 Lakh","AllLeadForm - ElectricSubCategory [under1Lakh] [en] — Electric Commercial Vehicle Under 1 Lakh","2026-10-06","skipped","2026-10-06","","","",""
"","3106","TC-PL-04: Call Now assistance lead submits successfully on 40 ton - 300 ton Trucks","CategoryPages - CategoryListing [ton40to300] [en] — 40 ton - 300 ton Trucks","2026-10-06","passed","2026-10-06","","","",""
"","2158","TC-TSR-03: Check Truck Price lead form rejects mobile that is not 10 digits on Mahindra Blazo","CategoryPages - CategoryListing [mahindraBlazo] [en] — Mahindra Blazo","2026-10-06","passed","2026-10-06","","","",""
"","1516","TC-BUSVAR-02: Check Offers lead form shows required validation when submitted empty on Tata Starbus Staff Contract 40+D LP 909/52 CNG","AllLeadForm - BusVariant [starbus40dLp909] [en] — Tata Starbus Staff Contract 40+D LP 909/52 CNG","2026-10-06","passed","2026-10-06","","","",""
"","4059","TC-BR-03: Download Brochure lead submits successfully from the ""Upcoming"" tab on Brochure","AllLeadForm - Brochure [en]","2026-10-06","passed","2026-10-06","","","",""
"","3626","TC-CL-01: Check Truck Price lead submits successfully on Mini Trucks","CategoryPages - CategoryListing [miniTrucks] [en] — Mini Trucks","2026-10-06","passed","2026-10-06","","","",""
"**Test Case ID:** TC-NLP-03
**Title:** Contact Seller lead submits successfully on Popular Truck
**Language:** en

**Description:**
Open the Popular Truck listing page, click Contact Seller to open its lead form, fill name, mobile and city, and submit.

**Expected Result:**
A “Thank You For Contact” confirmation is shown after a successful Contact Seller submission.

**Steps:**
1. Open the Popular Truck listing page
2. Click Contact Seller to open its lead form
3. Fill name, mobile and city
4. Submit and verify the confirmation","5313","TC-NLP-03: Contact Seller lead submits successfully on Popular Truck","ListingPages - NewListingPages [popularTrucks] [en] — Popular Truck","2026-10-06","passed","2026-10-06","","","",""
"","1697","TC-PL-03: Check Truck Price lead form rejects mobile that is not 10 digits on 5 ton - 10 ton Trucks","CategoryPages - CategoryListing [ton5to10] [en] — 5 ton - 10 ton Trucks","2026-10-06","passed","2026-10-06","","","",""
"**Test Case ID:** TC-NLP-07
**Title:** Check Offers lead form rejects mobile that is not 10 digits on Upcoming Trucks
**Language:** en

**Description:**
Open the Upcoming Trucks listing page, open Check Offers, fill a valid name, an invalid (5-digit) mobile number, and leave city empty, then submit.

**Expected Result:**
The real, page-shown mobile-format and location-required validation messages are displayed, and no lead is submitted.

**Steps:**
1. Open the Upcoming Trucks listing page
2. Click Check Offers to open its lead form
3. Fill a valid name and an invalid mobile number
4. Submit with city left empty
5. Verify the mobile-format and location validation messages are shown","2092","TC-NLP-07: Check Offers lead form rejects mobile that is not 10 digits on Upcoming Trucks","ListingPages - NewListingPages [upcomingTrucks] [en] — Upcoming Trucks","2026-10-06","passed","2026-10-06","","","",""
"","1657","TC-CL-03: Check Truck Price lead form rejects mobile that is not 10 digits on LNG Trucks","CategoryPages - CategoryListing [lng] [en] — LNG Trucks","2026-10-06","passed","2026-10-06","","","",""
"","2458","TC-BGT-03: Check Truck Price lead form rejects mobile that is not 10 digits on Trucks Under 40 Lakh","AllLeadForm - Budget [under40Lakh] [en] — Trucks Under 40 Lakh","2026-10-06","passed","2026-10-06","","","",""
"**Test Case ID:** TC-NLP-07
**Title:** Check Offers lead form rejects mobile that is not 10 digits on BS6 Trucks
**Language:** en

**Description:**
Open the BS6 Trucks listing page, open Check Offers, fill a valid name, an invalid (5-digit) mobile number, and leave city empty, then submit.

**Expected Result:**
The real, page-shown mobile-format and location-required validation messages are displayed, and no lead is submitted.

**Steps:**
1. Open the BS6 Trucks listing page
2. Click Check Offers to open its lead form
3. Fill a valid name and an invalid mobile number
4. Submit with city left empty
5. Verify the mobile-format and location validation messages are shown","3606","TC-NLP-07: Check Offers lead form rejects mobile that is not 10 digits on BS6 Trucks","ListingPages - NewListingPages [bs6Trucks] [en] — BS6 Trucks","2026-10-06","passed","2026-10-06","","","",""
"","2402","TC-CL-03: Check Truck Price lead form rejects mobile that is not 10 digits on Petrol Trucks","CategoryPages - CategoryListing [petrol] [en] — Petrol Trucks","2026-10-06","passed","2026-10-06","","","",""
"","3517","TC-PL-01: Check Truck Price lead submits successfully on Under 1 Ton Trucks","CategoryPages - CategoryListing [under1Ton] [en] — Under 1 Ton Trucks","2026-10-06","passed","2026-10-06","","","",""
"","6295","TC-CT-01: Check Offers lead submits successfully on Compare Trucks","AllLeadForm - CompareTrucks [en]","2026-10-06","passed","2026-10-06","","","",""
"","2569","TC-BBG-03: Check Truck Price lead form rejects mobile that is not 10 digits on Eicher Trucks Above 40 Lakh","AllLeadForm - BrandBudget [eicherAbove40Lakh] [en] — Eicher Trucks Above 40 Lakh","2026-10-06","passed","2026-10-06","","","",""
"","1499","TC-TBR-04: Call Now assistance lead submits successfully on Eicher Trucks","CategoryPages - CategoryListing [eicherBrand] [en] — Eicher Trucks","2026-10-06","skipped","2026-10-06","","","",""
"","1733","TC-DBC-01: Talk To Dealer lead submits successfully on Tata Truck Dealers in Pune, Maharashtra","AllLeadForm - DealerBrandCity [tataPune] [en] — Tata Truck Dealers in Pune, Maharashtra","2026-10-06","broken","2026-10-06","","","",""
"","2610","TC-BGT-03: Check Truck Price lead form rejects mobile that is not 10 digits on Trucks Under 5 Lakh","AllLeadForm - Budget [under5Lakh] [en] — Trucks Under 5 Lakh","2026-10-06","passed","2026-10-06","","","",""
"","2850","TC-ESC-03: Check Truck Price lead form rejects mobile that is not 10 digits on Electric Pickup","AllLeadForm - ElectricSubCategory [pickup] [en] — Electric Pickup","2026-10-06","passed","2026-10-06","","","",""
"","1629","TC-CUS-02: Submit Request form shows required validation when submitted empty on Contact Us","AllLeadForm - ContactUs [en] — Contact Us","2026-10-06","passed","2026-10-06","","","",""
"","3547","TC-ESC-04: Call Now assistance lead submits successfully on Electric Mini Truck","AllLeadForm - ElectricSubCategory [miniTruck] [en] — Electric Mini Truck","2026-10-06","passed","2026-10-06","","","",""
"","1262","TC-DLC-01: Talk To Dealer lead submits successfully on Truck Dealers in Pune, Maharashtra","AllLeadForm - DealerCity [pune] [en] — Truck Dealers in Pune, Maharashtra","2026-10-06","broken","2026-10-06","","","",""
"","10155","TC-TYR-01: View October Offer lead submits successfully on Tyres","AllLeadForm - Tyres [en] — Tyres","2026-10-06","passed","2026-10-06","","","",""
"","1658","TC-CL-02: Check Truck Price lead form shows required validation when submitted empty on ICV","CategoryPages - CategoryListing [icv] [en] — ICV","2026-10-06","passed","2026-10-06","","","",""
"","791","TC-NTPDP-04: Get Offers lead shows validation when empty for Tata Yodha 2.0","AllLeadForm - NewTruckPdp [mostPopular] [en] — Tata Yodha 2.0","2026-10-06","passed","2026-10-06","","","",""
"","1961","TC-CL-02: Check Truck Price lead form shows required validation when submitted empty on 12 Wheeler","CategoryPages - CategoryListing [twelveWheeler] [en] — 12 Wheeler","2026-10-06","passed","2026-10-06","","","",""
"","662","TC-NLP-03: Contact Seller lead submits successfully on Latest Trucks","ListingPages - NewListingPages [latestTrucks] [en] — Latest Trucks","2026-10-06","skipped","2026-10-06","","","",""
"","2755","TC-CL-03: Check Truck Price lead form rejects mobile that is not 10 digits on HCV","CategoryPages - CategoryListing [hcv] [en] — HCV","2026-10-06","passed","2026-10-06","","","",""
"","18171","TC-PL-01: Check Truck Price lead submits successfully on 5 ton - 10 ton Trucks","CategoryPages - CategoryListing [ton5to10] [en] — 5 ton - 10 ton Trucks","2026-10-06","failed","2026-10-06","","","",""
"","5983","TC-CL-04: Call Now assistance lead submits successfully on HCV","CategoryPages - CategoryListing [hcv] [en] — HCV","2026-10-06","passed","2026-10-06","","","",""
"","672","TC-PDPI-05: lead submits successfully on Tata Yodha 2.0 Images","PDP - NewTruckInternalPages [yodhaImages] [en] — Tata Yodha 2.0 Images","2026-10-06","skipped","2026-10-06","","","",""
"","1999","TC-CB-03: Check Truck Price lead form rejects mobile that is not 10 digits on Ashok Leyland Tippers","AllLeadForm - CategoryBrand [tippersAshokLeyland] [en] — Ashok Leyland Tippers","2026-10-06","passed","2026-10-06","","","",""
"","8497","TC-PDPI-01: Check Offers lead submits successfully on Tata Yodha 2.0 Reviews","PDP - NewTruckInternalPages [yodhaReview] [en] — Tata Yodha 2.0 Reviews","2026-10-06","passed","2026-10-06","","","",""
"","1993","TC-ESC-03: Check Truck Price lead form rejects mobile that is not 10 digits on Electric Trucks","AllLeadForm - ElectricSubCategory [trucks] [en] — Electric Trucks","2026-10-06","passed","2026-10-06","","","",""
"","3115","TC-PDPI-03: Check Offers lead form rejects mobile that is not 10 digits on Tata Yodha 2.0 Images","PDP - NewTruckInternalPages [yodhaImages] [en] — Tata Yodha 2.0 Images","2026-10-06","passed","2026-10-06","","","",""
"","1598","TC-BUSVAR-02: Check Offers lead form shows required validation when submitted empty on Tata Starbus Staff Contract 40+D AC LP 913/52 CNG","AllLeadForm - BusVariant [starbus40dAcLp913] [en] — Tata Starbus Staff Contract 40+D AC LP 913/52 CNG","2026-10-06","passed","2026-10-06","","","",""
"**Test Case ID:** TC-NLP-05
**Title:** Call Now lead submits successfully on Upcoming Trucks
**Language:** en

**Description:**
Open the Upcoming Trucks listing page, click Call Now to open its lead form, fill name, mobile and city, and submit.

**Expected Result:**
The assistance lead form closes after a successful submission (verified via the real submit network call). The submitted name is tagged with a page/CTA identifier for CRM traceability.

**Steps:**
1. Open the Upcoming Trucks listing page
2. Click Call Now to open its lead form
3. Fill name, mobile and city
4. Submit and verify the confirmation","3425","TC-NLP-05: Call Now lead submits successfully on Upcoming Trucks","ListingPages - NewListingPages [upcomingTrucks] [en] — Upcoming Trucks","2026-10-06","passed","2026-10-06","","","",""
"","1519","TC-PL-02: Check Truck Price lead form shows required validation when submitted empty on 10 ton - 20 ton Trucks","CategoryPages - CategoryListing [ton10to20] [en] — 10 ton - 20 ton Trucks","2026-10-06","passed","2026-10-06","","","",""
"","1743","TC-CUS-03: Submit Request form rejects mobile that is not 10 digits on Contact Us","AllLeadForm - ContactUs [en] — Contact Us","2026-10-06","passed","2026-10-06","","","",""
"","3713","TC-ESC-04: Call Now assistance lead submits successfully on Electric Trucks","AllLeadForm - ElectricSubCategory [trucks] [en] — Electric Trucks","2026-10-06","passed","2026-10-06","","","",""
"","3388","TC-CL-04: Call Now assistance lead submits successfully on LNG Trucks","CategoryPages - CategoryListing [lng] [en] — LNG Trucks","2026-10-06","passed","2026-10-06","","","",""
"**Test Case ID:** TC-NLP-05
**Title:** Call Now lead submits successfully on Find New Trucks
**Language:** en

**Description:**
Open the Find New Trucks listing page, click Call Now to open its lead form, fill name, mobile and city, and submit.

**Expected Result:**
The assistance lead form closes after a successful submission (verified via the real submit network call). The submitted name is tagged with a page/CTA identifier for CRM traceability.

**Steps:**
1. Open the Find New Trucks listing page
2. Click Call Now to open its lead form
3. Fill name, mobile and city
4. Submit and verify the confirmation","3778","TC-NLP-05: Call Now lead submits successfully on Find New Trucks","ListingPages - NewListingPages [newTrucks] [en] — Find New Trucks","2026-10-06","passed","2026-10-06","","","",""
"","2281","TC-ESC-03: Check Truck Price lead form rejects mobile that is not 10 digits on Electric 3 Wheeler","AllLeadForm - ElectricSubCategory [threeWheeler] [en] — Electric 3 Wheeler","2026-10-06","passed","2026-10-06","","","",""
"","1501","TC-BUS-02: lead form shows required validation when submitted empty on Popular Buses","AllLeadForm - BusListing [popularBuses] [en] — Popular Buses","2026-10-06","passed","2026-10-06","","","",""
"","3689","TC-BBG-04: Call Now assistance lead submits successfully on Eicher Trucks Under 20 Lakh","AllLeadForm - BrandBudget [eicherUnder20Lakh] [en] — Eicher Trucks Under 20 Lakh","2026-10-06","passed","2026-10-06","","","",""
"","4475","TC-CL-01: Check Truck Price lead submits successfully on Tempo Traveller","CategoryPages - CategoryListing [tempoTraveller] [en] — Tempo Traveller","2026-10-06","passed","2026-10-06","","","",""
"","2215","TC-CB-02: Check Truck Price lead form shows required validation when submitted empty on Ashok Leyland 4 Wheeler Trucks","AllLeadForm - CategoryBrand [fourWheelerAshokLeyland] [en] — Ashok Leyland 4 Wheeler Trucks","2026-10-06","passed","2026-10-06","","","",""
"","1529","TC-BUS-02: lead form shows required validation when submitted empty on Latest Buses","AllLeadForm - BusListing [latestBuses] [en] — Latest Buses","2026-10-06","passed","2026-10-06","","","",""
"**Test Case ID:** TC-NLP-05
**Title:** Call Now lead submits successfully on Popular Truck
**Language:** en

**Description:**
Open the Popular Truck listing page, click Call Now to open its lead form, fill name, mobile and city, and submit.

**Expected Result:**
The assistance lead form closes after a successful submission (verified via the real submit network call). The submitted name is tagged with a page/CTA identifier for CRM traceability.

**Steps:**
1. Open the Popular Truck listing page
2. Click Call Now to open its lead form
3. Fill name, mobile and city
4. Submit and verify the confirmation","3732","TC-NLP-05: Call Now lead submits successfully on Popular Truck","ListingPages - NewListingPages [popularTrucks] [en] — Popular Truck","2026-10-06","passed","2026-10-06","","","",""
"","1989","TC-BGT-02: Check Truck Price lead form shows required validation when submitted empty on Trucks Above 40 Lakh","AllLeadForm - Budget [above40Lakh] [en] — Trucks Above 40 Lakh","2026-10-06","passed","2026-10-06","","","",""
"","1811","TC-PL-03: Check Truck Price lead form rejects mobile that is not 10 digits on 10 ton - 20 ton Trucks","CategoryPages - CategoryListing [ton10to20] [en] — 10 ton - 20 ton Trucks","2026-10-06","passed","2026-10-06","","","",""
"","2953","TC-EV-04: Check Truck Price lead form rejects mobile that is not 10 digits on Electric Commercial Vehicles","AllLeadForm - ElectricVehicle [en] — Electric Commercial Vehicles","2026-10-06","passed","2026-10-06","","","",""
"","1407","TC-CT-02: Check Offers lead form shows required validation when submitted empty on Compare Trucks","AllLeadForm - CompareTrucks [en]","2026-10-06","passed","2026-10-06","","","",""
"","802","TC-DBC-01: Talk To Dealer lead submits successfully on Tata Truck Dealers in Ahmedabad, Gujarat","AllLeadForm - DealerBrandCity [tataAhmedabad] [en] — Tata Truck Dealers in Ahmedabad, Gujarat","2026-10-06","broken","2026-10-06","","","",""
"","47864","TC-CB-04: Call Now assistance lead submits successfully on Ashok Leyland Tractor Trailers","AllLeadForm - CategoryBrand [tractorAshokLeyland] [en] — Ashok Leyland Tractor Trailers","2026-10-06","failed","2026-10-06","","","",""
"","1796","TC-BUS-03: lead form rejects mobile that is not 10 digits on SML ISUZU Buses","AllLeadForm - BusListing [smlIsuzuBuses] [en] — SML ISUZU Buses","2026-10-06","passed","2026-10-06","","","",""
"","3879","TC-ESC-04: Call Now assistance lead submits successfully on Electric Pickup","AllLeadForm - ElectricSubCategory [pickup] [en] — Electric Pickup","2026-10-06","passed","2026-10-06","","","",""
"","14056","TC-TIY-17: Popular Check Offers submits lead and shows Thank You modal","AllLeadForm - Homepage TruckInIndia [en]","2026-10-06","passed","2026-10-06","","","",""
"","1564","TC-ECH-03: Check Offers lead form shows required validation when submitted empty on E Challan","AllLeadForm - EChallan [en]","2026-10-06","passed","2026-10-06","","","",""
"","3695","TC-CL-01: Check Truck Price lead submits successfully on 12 Wheeler","CategoryPages - CategoryListing [twelveWheeler] [en] — 12 Wheeler","2026-10-06","passed","2026-10-06","","","",""
"","2254","TC-CL-03: Check Truck Price lead form rejects mobile that is not 10 digits on Mini Trucks","CategoryPages - CategoryListing [miniTrucks] [en] — Mini Trucks","2026-10-06","passed","2026-10-06","","","",""
"","47909","TC-CB-04: Call Now assistance lead submits successfully on Ashok Leyland Transit Mixers","AllLeadForm - CategoryBrand [transitMixerAshokLeyland] [en] — Ashok Leyland Transit Mixers","2026-10-06","failed","2026-10-06","","","",""
"","1771","TC-ESC-02: Check Truck Price lead form shows required validation when submitted empty on Electric 3 Wheeler","AllLeadForm - ElectricSubCategory [threeWheeler] [en] — Electric 3 Wheeler","2026-10-06","passed","2026-10-06","","","",""
"","4333","TC-PDPI-05: Get On Road Price lead submits successfully on Eka 3W Cargo Price in Mumbai","PDP - NewTruckInternalPages [ekaPriceMumbai] [en] — Eka 3W Cargo Price in Mumbai","2026-10-06","passed","2026-10-06","","","",""
"","391","TC-DLC-03: Talk To Dealer lead form rejects mobile that is not 10 digits on Truck Dealers in Ahmedabad, Gujarat","AllLeadForm - DealerCity [ahmedabad] [en] — Truck Dealers in Ahmedabad, Gujarat","2026-10-06","broken","2026-10-06","","","",""
"","1742","TC-TMO-02: Check Offers lead form shows required validation when submitted empty on Select Your Truck","AllLeadForm - TabbedModelOffers [selectYourTruck] [en] — Select Your Truck","2026-10-06","passed","2026-10-06","","","",""
"","2125","TC-CB-03: Check Truck Price lead form rejects mobile that is not 10 digits on Atul 3 Wheeler","AllLeadForm - CategoryBrand [threeWheelerAtul] [en] — Atul 3 Wheeler","2026-10-06","passed","2026-10-06","","","",""
"","1546","TC-CL-02: Check Truck Price lead form shows required validation when submitted empty on LNG Trucks","CategoryPages - CategoryListing [lng] [en] — LNG Trucks","2026-10-06","passed","2026-10-06","","","",""
"**Test Case ID:** TC-NLP-03
**Title:** Contact Seller lead submits successfully on Best Trucks
**Language:** en

**Description:**
Open the Best Trucks listing page, click Contact Seller to open its lead form, fill name, mobile and city, and submit.

**Expected Result:**
A “Thank You For Contact” confirmation is shown after a successful Contact Seller submission.

**Steps:**
1. Open the Best Trucks listing page
2. Click Contact Seller to open its lead form
3. Fill name, mobile and city
4. Submit and verify the confirmation","3764","TC-NLP-03: Contact Seller lead submits successfully on Best Trucks","ListingPages - NewListingPages [bestTrucks] [en] — Best Trucks","2026-10-06","passed","2026-10-06","","","",""
"","17540","TC-BUS-01: lead submits successfully on Mahindra Buses","AllLeadForm - BusListing [mahindraBuses] [en] — Mahindra Buses","2026-10-06","failed","2026-10-06","","","",""
"","3378","TC-TSR-01: Check Truck Price lead submits successfully on Ashok Leyland Dost","CategoryPages - CategoryListing [ashokLeylandDost] [en] — Ashok Leyland Dost","2026-10-06","passed","2026-10-06","","","",""
"","2066","TC-CL-03: Check Truck Price lead form rejects mobile that is not 10 digits on 12 Wheeler","CategoryPages - CategoryListing [twelveWheeler] [en] — 12 Wheeler","2026-10-06","passed","2026-10-06","","","",""
"**Test Case ID:** TC-NLP-02
**Title:** Check Truck Price lead submits successfully on Best Trucks
**Language:** en

**Description:**
Open the Best Trucks listing page, click Check Truck Price to open its lead form, fill name, mobile and city, and submit.

**Expected Result:**
A Thank You confirmation is shown after a successful lead submission. The submitted name is tagged with a page/CTA identifier for CRM traceability.

**Steps:**
1. Open the Best Trucks listing page
2. Click Check Truck Price to open its lead form
3. Fill name, mobile and city
4. Submit and verify the confirmation","18232","TC-NLP-02: Check Truck Price lead submits successfully on Best Trucks","ListingPages - NewListingPages [bestTrucks] [en] — Best Trucks","2026-10-06","failed","2026-10-06","","","",""
"","396","TC-TSR-04: Call Now assistance lead submits successfully on Tata Ace","CategoryPages - CategoryListing [tataAce] [en] — Tata Ace","2026-10-06","skipped","2026-10-06","","","",""
"","1746","TC-TSR-02: Check Truck Price lead form shows required validation when submitted empty on Tata Ace","CategoryPages - CategoryListing [tataAce] [en] — Tata Ace","2026-10-06","passed","2026-10-06","","","",""
"","1833","TC-UTPDP-02: Contact Seller lead form shows required validation when submitted empty on Used Truck Detail","AllLeadForm - UsedTruckPdp [en]","2026-10-06","passed","2026-10-06","","","",""
"","3131","TC-CB-04: Call Now assistance lead submits successfully on Ashok Leyland 10 Wheeler Trucks","AllLeadForm - CategoryBrand [tenWheelerAshokLeyland] [en] — Ashok Leyland 10 Wheeler Trucks","2026-10-06","passed","2026-10-06","","","",""
"","862","TC-SPB-01: Talk To Dealer lead submits successfully on Eicher Spare Parts Dealers","AllLeadForm - SparePartsBrand [eicher] [en] — Eicher Spare Parts Dealers","2026-10-06","broken","2026-10-06","","","",""
"","687","TC-CL-04: Call Now assistance lead submits successfully on 6 Wheeler","CategoryPages - CategoryListing [sixWheeler] [en] — 6 Wheeler","2026-10-06","skipped","2026-10-06","","","",""
"","2174","TC-CL-03: Check Truck Price lead form rejects mobile that is not 10 digits on 10 Wheeler","CategoryPages - CategoryListing [tenWheeler] [en] — 10 Wheeler","2026-10-06","passed","2026-10-06","","","",""
"","2050","TC-BUSPDP-02: Check Offers lead form shows required validation when submitted empty on Tata Starbus Staff Contract","AllLeadForm - BusPdp [starbusStaffContract] [en] — Tata Starbus Staff Contract","2026-10-06","passed","2026-10-06","","","",""
"","3460","TC-UTPDP-06: Check Offers lead form rejects mobile that is not 10 digits on Used Truck Detail","AllLeadForm - UsedTruckPdp [en]","2026-10-06","passed","2026-10-06","","","",""
"**Test Case ID:** TC-NLP-01
**Title:** Check Offers lead submits successfully on Upcoming Trucks
**Language:** en

**Description:**
Open the Upcoming Trucks listing page, click Check Offers to open its lead form, fill name, mobile and city, and submit.

**Expected Result:**
A Thank You confirmation is shown after a successful lead submission. The submitted name is tagged with a page/CTA identifier for CRM traceability.

**Steps:**
1. Open the Upcoming Trucks listing page
2. Click Check Offers to open its lead form
3. Fill name, mobile and city
4. Submit and verify the confirmation","6233","TC-NLP-01: Check Offers lead submits successfully on Upcoming Trucks","ListingPages - NewListingPages [upcomingTrucks] [en] — Upcoming Trucks","2026-10-06","passed","2026-10-06","","","",""
"","3347","TC-CL-01: Check Truck Price lead submits successfully on 6 Wheeler","CategoryPages - CategoryListing [sixWheeler] [en] — 6 Wheeler","2026-10-06","passed","2026-10-06","","","",""
"","4110","TC-PDPI-01: Check Offers lead submits successfully on Tata Yodha 2.0 Videos","PDP - NewTruckInternalPages [yodhaVideos] [en] — Tata Yodha 2.0 Videos","2026-10-06","passed","2026-10-06","","","",""
"","1900","TC-CL-03: Check Truck Price lead form rejects mobile that is not 10 digits on 8 Wheeler","CategoryPages - CategoryListing [eightWheeler] [en] — 8 Wheeler","2026-10-06","passed","2026-10-06","","","",""
"","1769","TC-CB-02: Check Truck Price lead form shows required validation when submitted empty on Ashok Leyland 6 Wheeler Trucks","AllLeadForm - CategoryBrand [sixWheelerAshokLeyland] [en] — Ashok Leyland 6 Wheeler Trucks","2026-10-06","passed","2026-10-06","","","",""
"","4769","TC-BBG-01: Check Truck Price lead submits successfully on Ashok Leyland Trucks Under 30 Lakh","AllLeadForm - BrandBudget [ashokLeylandUnder30Lakh] [en] — Ashok Leyland Trucks Under 30 Lakh","2026-10-06","passed","2026-10-06","","","",""
"","1710","TC-BUS-03: lead form rejects mobile that is not 10 digits on Eicher Buses","AllLeadForm - BusListing [eicherBuses] [en] — Eicher Buses","2026-10-06","passed","2026-10-06","","","",""
"","4037","TC-CL-01: Check Truck Price lead submits successfully on Trailers","CategoryPages - CategoryListing [trailers] [en] — Trailers","2026-10-06","passed","2026-10-06","","","",""
"","1977","TC-PL-03: Check Truck Price lead form rejects mobile that is not 10 digits on 1 ton - 2.5 ton Trucks","CategoryPages - CategoryListing [ton1to2_5] [en] — 1 ton - 2.5 ton Trucks","2026-10-06","passed","2026-10-06","","","",""
"","2576","TC-BBG-02: Check Truck Price lead form shows required validation when submitted empty on Ashok Leyland Trucks Above 40 Lakh","AllLeadForm - BrandBudget [ashokLeylandAbove40Lakh] [en] — Ashok Leyland Trucks Above 40 Lakh","2026-10-06","passed","2026-10-06","","","",""
"","2061","TC-BGT-02: Check Truck Price lead form shows required validation when submitted empty on Trucks Under 15 Lakh","AllLeadForm - Budget [under15Lakh] [en] — Trucks Under 15 Lakh","2026-10-06","passed","2026-10-06","","","",""
"","2835","TC-PDPI-02: Get On Road Price lead form shows required validation when submitted empty on Tata Yodha 2.0 Price in Gurgaon","PDP - NewTruckInternalPages [yodhaPriceGurgaon] [en] — Tata Yodha 2.0 Price in Gurgaon","2026-10-06","passed","2026-10-06","","","",""
"","927","TC-CL-04: Call Now assistance lead submits successfully on Tempo Traveller","CategoryPages - CategoryListing [tempoTraveller] [en] — Tempo Traveller","2026-10-06","skipped","2026-10-06","","","",""
"","596","TC-SCB-01: Talk To Dealer lead submits successfully on Mahindra Service Centers","AllLeadForm - ServiceCenterBrand [mahindra] [en] — Mahindra Service Centers","2026-10-06","broken","2026-10-06","","","",""
"","1720","TC-CL-02: Check Truck Price lead form shows required validation when submitted empty on Hydrogen Trucks","CategoryPages - CategoryListing [hydrogen] [en] — Hydrogen Trucks","2026-10-06","passed","2026-10-06","","","",""
"","2037","TC-PL-03: Check Truck Price lead form rejects mobile that is not 10 digits on 40 ton - 300 ton Trucks","CategoryPages - CategoryListing [ton40to300] [en] — 40 ton - 300 ton Trucks","2026-10-06","passed","2026-10-06","","","",""
"","2734","TC-CL-03: Check Truck Price lead form rejects mobile that is not 10 digits on Transit Mixer","CategoryPages - CategoryListing [transitMixer] [en] — Transit Mixer","2026-10-06","passed","2026-10-06","","","",""
"","12","TC-PDPI-02: Check Offers lead form shows required validation when submitted empty on Eka 3W Cargo Reviews","PDP - NewTruckInternalPages [ekaReview] [en] — Eka 3W Cargo Reviews","2026-10-06","skipped","2026-10-06","","","",""
"","2032","TC-CL-02: Check Truck Price lead form shows required validation when submitted empty on 4 Wheeler","CategoryPages - CategoryListing [fourWheeler] [en] — 4 Wheeler","2026-10-06","passed","2026-10-06","","","",""
"","17910","TC-ESC-01: Check Truck Price lead submits successfully on Electric Trucks","AllLeadForm - ElectricSubCategory [trucks] [en] — Electric Trucks","2026-10-06","failed","2026-10-06","","","",""
"","613","TC-DBC-03: Talk To Dealer lead form rejects mobile that is not 10 digits on Tata Truck Dealers in Ahmedabad, Gujarat","AllLeadForm - DealerBrandCity [tataAhmedabad] [en] — Tata Truck Dealers in Ahmedabad, Gujarat","2026-10-06","broken","2026-10-06","","","",""
"","12","TC-PDPI-05: lead submits successfully on Eka 3W Cargo Reviews","PDP - NewTruckInternalPages [ekaReview] [en] — Eka 3W Cargo Reviews","2026-10-06","skipped","2026-10-06","","","",""
"","4186","TC-TBR-02: Check Truck Price lead form shows required validation when submitted empty on Eicher Trucks","CategoryPages - CategoryListing [eicherBrand] [en] — Eicher Trucks","2026-10-06","passed","2026-10-06","","","",""
"","4708","TC-CB-04: Call Now assistance lead submits successfully on Eicher 10 Wheeler Trucks","AllLeadForm - CategoryBrand [tenWheelerEicher] [en] — Eicher 10 Wheeler Trucks","2026-10-06","passed","2026-10-06","","","",""
"","2173","TC-CB-03: Check Truck Price lead form rejects mobile that is not 10 digits on Ashok Leyland 4 Wheeler Trucks","AllLeadForm - CategoryBrand [fourWheelerAshokLeyland] [en] — Ashok Leyland 4 Wheeler Trucks","2026-10-06","passed","2026-10-06","","","",""
"","1193","TC-VHR-04: Check Offers lead form shows required validation when submitted empty on Vehicle Report","AllLeadForm - VehicleReport [en]","2026-10-06","passed","2026-10-06","","","",""
"**Test Case ID:** TC-NLP-02
**Title:** Check Truck Price lead submits successfully on Popular Truck
**Language:** en

**Description:**
Open the Popular Truck listing page, click Check Truck Price to open its lead form, fill name, mobile and city, and submit.

**Expected Result:**
A Thank You confirmation is shown after a successful lead submission. The submitted name is tagged with a page/CTA identifier for CRM traceability.

**Steps:**
1. Open the Popular Truck listing page
2. Click Check Truck Price to open its lead form
3. Fill name, mobile and city
4. Submit and verify the confirmation","4641","TC-NLP-02: Check Truck Price lead submits successfully on Popular Truck","ListingPages - NewListingPages [popularTrucks] [en] — Popular Truck","2026-10-06","passed","2026-10-06","","","",""
"","2518","TC-BBG-03: Check Truck Price lead form rejects mobile that is not 10 digits on Eicher Trucks Under 20 Lakh","AllLeadForm - BrandBudget [eicherUnder20Lakh] [en] — Eicher Trucks Under 20 Lakh","2026-10-06","passed","2026-10-06","","","",""
"","1953","TC-BUS-03: lead form rejects mobile that is not 10 digits on Latest Buses","AllLeadForm - BusListing [latestBuses] [en] — Latest Buses","2026-10-06","passed","2026-10-06","","","",""
"","4236","TC-CL-04: Call Now assistance lead submits successfully on Diesel Trucks","CategoryPages - CategoryListing [diesel] [en] — Diesel Trucks","2026-10-06","passed","2026-10-06","","","",""
"","1643","TC-ESC-02: Check Truck Price lead form shows required validation when submitted empty on Electric E Rickshaw","AllLeadForm - ElectricSubCategory [eRickshaw] [en] — Electric E Rickshaw","2026-10-06","passed","2026-10-06","","","",""
"","1944","TC-CL-02: Check Truck Price lead form shows required validation when submitted empty on Tippers","CategoryPages - CategoryListing [tippers] [en] — Tippers","2026-10-06","passed","2026-10-06","","","",""
"","1954","TC-BGT-03: Check Truck Price lead form rejects mobile that is not 10 digits on Trucks Under 30 Lakh","AllLeadForm - Budget [under30Lakh] [en] — Trucks Under 30 Lakh","2026-10-06","passed","2026-10-06","","","",""
"","4907","TC-BGT-01: Check Truck Price lead submits successfully on Trucks Under 40 Lakh","AllLeadForm - Budget [under40Lakh] [en] — Trucks Under 40 Lakh","2026-10-06","passed","2026-10-06","","","",""
"","1902","TC-BUS-03: lead form rejects mobile that is not 10 digits on Upcoming Buses","AllLeadForm - BusListing [upcomingBuses] [en] — Upcoming Buses","2026-10-06","passed","2026-10-06","","","",""
"","1957","TC-CL-03: Check Truck Price lead form rejects mobile that is not 10 digits on 18 Wheeler","CategoryPages - CategoryListing [eighteenWheeler] [en] — 18 Wheeler","2026-10-06","passed","2026-10-06","","","",""
"","1602","TC-CL-02: Check Truck Price lead form shows required validation when submitted empty on SCV","CategoryPages - CategoryListing [scv] [en] — SCV","2026-10-06","passed","2026-10-06","","","",""
"","841","TC-NLP-02: Check Truck Price lead submits successfully on Upcoming Trucks","ListingPages - NewListingPages [upcomingTrucks] [en] — Upcoming Trucks","2026-10-06","skipped","2026-10-06","","","",""
"","4378","TC-CL-03: Check Truck Price lead form rejects mobile that is not 10 digits on Tempo Traveller","CategoryPages - CategoryListing [tempoTraveller] [en] — Tempo Traveller","2026-10-06","passed","2026-10-06","","","",""
"","6207","TC-BR-01: Download Brochure lead submits successfully on Brochure","AllLeadForm - Brochure [en]","2026-10-06","passed","2026-10-06","","","",""
"","7449","TC-TBR-01: Check Truck Price lead submits successfully on Eicher Trucks","CategoryPages - CategoryListing [eicherBrand] [en] — Eicher Trucks","2026-10-06","passed","2026-10-06","","","",""
"","2320","TC-ESC-03: Check Truck Price lead form rejects mobile that is not 10 digits on Electric E Rickshaw","AllLeadForm - ElectricSubCategory [eRickshaw] [en] — Electric E Rickshaw","2026-10-06","passed","2026-10-06","","","",""
"","424","TC-NLP-03: Contact Seller lead submits successfully on Upcoming Trucks","ListingPages - NewListingPages [upcomingTrucks] [en] — Upcoming Trucks","2026-10-06","skipped","2026-10-06","","","",""
"","7015","TC-CL-01: Check Truck Price lead submits successfully on LCV","CategoryPages - CategoryListing [lcv] [en] — LCV","2026-10-06","passed","2026-10-06","","","",""
"","3017","TC-TIY-22: Check Offers lead form requires location even when name and mobile are valid","AllLeadForm - Homepage TruckInIndia [en]","2026-10-06","passed","2026-10-06","","","",""
"","6268","TC-BUT-01: Contact Seller lead submits successfully on Buy Used Trucks","AllLeadForm - BuyUsedTrucks [en]","2026-10-06","passed","2026-10-06","","","",""
"","1921","TC-CB-02: Check Truck Price lead form shows required validation when submitted empty on Ashok Leyland Tippers","AllLeadForm - CategoryBrand [tippersAshokLeyland] [en] — Ashok Leyland Tippers","2026-10-06","passed","2026-10-06","","","",""
"","525","TC-SPB-03: Talk To Dealer lead form rejects mobile that is not 10 digits on Mahindra Spare Parts Dealers","AllLeadForm - SparePartsBrand [mahindra] [en] — Mahindra Spare Parts Dealers","2026-10-06","broken","2026-10-06","","","",""
"","5374","TC-LMC-11: Check Offers lead form rejects mobile that is not 10 digits","AllLeadForm - Homepage LatestModelsByCategory [en]","2026-10-06","passed","2026-10-06","","","",""
"","1553","TC-SPB-01: Talk To Dealer lead submits successfully on Tata Spare Parts Dealers","AllLeadForm - SparePartsBrand [tata] [en] — Tata Spare Parts Dealers","2026-10-06","broken","2026-10-06","","","",""
"","1929","TC-TBR-04: Call Now assistance lead submits successfully on Ashok Leyland Trucks","CategoryPages - CategoryListing [ashokLeylandBrand] [en] — Ashok Leyland Trucks","2026-10-06","skipped","2026-10-06","","","",""
"","466","TC-DBC-02: Talk To Dealer lead form shows required validation when submitted empty on Tata Truck Dealers in Ahmedabad, Gujarat","AllLeadForm - DealerBrandCity [tataAhmedabad] [en] — Tata Truck Dealers in Ahmedabad, Gujarat","2026-10-06","broken","2026-10-06","","","",""
"","761","TC-NLP-04: Notify Me lead submits successfully on Popular Truck","ListingPages - NewListingPages [popularTrucks] [en] — Popular Truck","2026-10-06","skipped","2026-10-06","","","",""
"","3143","TC-CB-04: Call Now assistance lead submits successfully on Force Tempo Traveller","AllLeadForm - CategoryBrand [tempoTravellerForce] [en] — Force Tempo Traveller","2026-10-06","passed","2026-10-06","","","",""
"**Test Case ID:** TC-NLP-04
**Title:** Notify Me lead submits successfully on Upcoming Trucks
**Language:** en

**Description:**
Open the Upcoming Trucks listing page, click Notify Me to open its lead form, fill name, mobile and city, and submit.

**Expected Result:**
A Thank You confirmation is shown after a successful lead submission. The submitted name is tagged with a page/CTA identifier for CRM traceability.

**Steps:**
1. Open the Upcoming Trucks listing page
2. Click Notify Me to open its lead form
3. Fill name, mobile and city
4. Submit and verify the confirmation","17742","TC-NLP-04: Notify Me lead submits successfully on Upcoming Trucks","ListingPages - NewListingPages [upcomingTrucks] [en] — Upcoming Trucks","2026-10-06","failed","2026-10-06","","","",""
"","3196","TC-BUS-01: lead submits successfully on SML ISUZU Buses","AllLeadForm - BusListing [smlIsuzuBuses] [en] — SML ISUZU Buses","2026-10-06","passed","2026-10-06","","","",""
"","3469","TC-ESC-01: Check Truck Price lead submits successfully on Electric Mini Truck","AllLeadForm - ElectricSubCategory [miniTruck] [en] — Electric Mini Truck","2026-10-06","passed","2026-10-06","","","",""
"","4273","TC-CL-01: Check Truck Price lead submits successfully on Auto Rickshaw","CategoryPages - CategoryListing [autoRickshaw] [en] — Auto Rickshaw","2026-10-06","passed","2026-10-06","","","",""
"","3188","TC-CL-01: Check Truck Price lead submits successfully on 8 Wheeler","CategoryPages - CategoryListing [eightWheeler] [en] — 8 Wheeler","2026-10-06","passed","2026-10-06","","","",""
"**Test Case ID:** TC-NLP-01
**Title:** Check Offers lead submits successfully on Find New Trucks
**Language:** en

**Description:**
Open the Find New Trucks listing page, click Check Offers to open its lead form, fill name, mobile and city, and submit.

**Expected Result:**
A Thank You confirmation is shown after a successful lead submission. The submitted name is tagged with a page/CTA identifier for CRM traceability.

**Steps:**
1. Open the Find New Trucks listing page
2. Click Check Offers to open its lead form
3. Fill name, mobile and city
4. Submit and verify the confirmation","5537","TC-NLP-01: Check Offers lead submits successfully on Find New Trucks","ListingPages - NewListingPages [newTrucks] [en] — Find New Trucks","2026-10-06","passed","2026-10-06","","","",""
"","2048","TC-CB-03: Check Truck Price lead form rejects mobile that is not 10 digits on BharatBenz 6 Wheeler Trucks","AllLeadForm - CategoryBrand [sixWheelerBharatBenz] [en] — BharatBenz 6 Wheeler Trucks","2026-10-06","passed","2026-10-06","","","",""
"","5842","TC-CL-03: Check Truck Price lead form rejects mobile that is not 10 digits on 3 Wheeler","CategoryPages - CategoryListing [threeWheeler] [en] — 3 Wheeler","2026-10-06","passed","2026-10-06","","","",""
"","926","TC-SPB-02: Talk To Dealer lead form shows required validation when submitted empty on Tata Spare Parts Dealers","AllLeadForm - SparePartsBrand [tata] [en] — Tata Spare Parts Dealers","2026-10-06","broken","2026-10-06","","","",""
"","1283","TC-BUSPDP-02: Check Offers lead form shows required validation when submitted empty on Tata Starbus Ultra City Electric","AllLeadForm - BusPdp [starbusUltraCityElectric] [en] — Tata Starbus Ultra City Electric","2026-10-06","passed","2026-10-06","","","",""
"","1741","TC-CL-02: Check Truck Price lead form shows required validation when submitted empty on 6 Wheeler","CategoryPages - CategoryListing [sixWheeler] [en] — 6 Wheeler","2026-10-06","passed","2026-10-06","","","",""
"","1843","TC-BUS-02: lead form shows required validation when submitted empty on New Buses","AllLeadForm - BusListing [newBuses] [en] — New Buses","2026-10-06","passed","2026-10-06","","","",""
"","3577","TC-CL-04: Call Now assistance lead submits successfully on SCV","CategoryPages - CategoryListing [scv] [en] — SCV","2026-10-06","passed","2026-10-06","","","",""
"","1822","TC-PDPI-03: Check Offers lead form rejects mobile that is not 10 digits on Tata Yodha 2.0 Reviews","PDP - NewTruckInternalPages [yodhaReview] [en] — Tata Yodha 2.0 Reviews","2026-10-06","passed","2026-10-06","","","",""
"","2295","TC-CL-02: Check Truck Price lead form shows required validation when submitted empty on Petrol Trucks","CategoryPages - CategoryListing [petrol] [en] — Petrol Trucks","2026-10-06","passed","2026-10-06","","","",""
"","3877","TC-PDPI-03: Check Offers lead form rejects mobile that is not 10 digits on Eka 3W Cargo Price in Mumbai","PDP - NewTruckInternalPages [ekaPriceMumbai] [en] — Eka 3W Cargo Price in Mumbai","2026-10-06","passed","2026-10-06","","","",""
"","1559","TC-CB-02: Check Truck Price lead form shows required validation when submitted empty on Ashok Leyland Transit Mixers","AllLeadForm - CategoryBrand [transitMixerAshokLeyland] [en] — Ashok Leyland Transit Mixers","2026-10-06","passed","2026-10-06","","","",""
"","1540","TC-CL-02: Check Truck Price lead form shows required validation when submitted empty on 10 Wheeler","CategoryPages - CategoryListing [tenWheeler] [en] — 10 Wheeler","2026-10-06","passed","2026-10-06","","","",""
"","1997","TC-CB-03: Check Truck Price lead form rejects mobile that is not 10 digits on Ashok Leyland 6 Wheeler Trucks","AllLeadForm - CategoryBrand [sixWheelerAshokLeyland] [en] — Ashok Leyland 6 Wheeler Trucks","2026-10-06","passed","2026-10-06","","","",""
"","1719","TC-BUS-03: lead form rejects mobile that is not 10 digits on Tata Buses","AllLeadForm - BusListing [tataBuses] [en] — Tata Buses","2026-10-06","passed","2026-10-06","","","",""
"","2318","TC-CB-03: Check Truck Price lead form rejects mobile that is not 10 digits on Altigreen Auto Rickshaw","AllLeadForm - CategoryBrand [autoRickshawAltigreen] [en] — Altigreen Auto Rickshaw","2026-10-06","passed","2026-10-06","","","",""
"","2012","TC-BGT-02: Check Truck Price lead form shows required validation when submitted empty on Trucks Under 5 Lakh","AllLeadForm - Budget [under5Lakh] [en] — Trucks Under 5 Lakh","2026-10-06","passed","2026-10-06","","","",""
"","669","TC-CL-04: Call Now assistance lead submits successfully on 16 Wheeler","CategoryPages - CategoryListing [sixteenWheeler] [en] — 16 Wheeler","2026-10-06","skipped","2026-10-06","","","",""
"","3569","TC-BUS-01: lead submits successfully on Upcoming Buses","AllLeadForm - BusListing [upcomingBuses] [en] — Upcoming Buses","2026-10-06","passed","2026-10-06","","","",""
"","4317","TC-BGT-04: Call Now assistance lead submits successfully on Trucks Under 20 Lakh","AllLeadForm - Budget [under20Lakh] [en] — Trucks Under 20 Lakh","2026-10-06","passed","2026-10-06","","","",""
"**Test Case ID:** TC-NLP-02
**Title:** Check Truck Price lead submits successfully on Latest Trucks
**Language:** en

**Description:**
Open the Latest Trucks listing page, click Check Truck Price to open its lead form, fill name, mobile and city, and submit.

**Expected Result:**
A Thank You confirmation is shown after a successful lead submission. The submitted name is tagged with a page/CTA identifier for CRM traceability.

**Steps:**
1. Open the Latest Trucks listing page
2. Click Check Truck Price to open its lead form
3. Fill name, mobile and city
4. Submit and verify the confirmation","15881","TC-NLP-02: Check Truck Price lead submits successfully on Latest Trucks","ListingPages - NewListingPages [latestTrucks] [en] — Latest Trucks","2026-10-06","failed","2026-10-06","","","",""
"","3495","TC-CL-04: Call Now assistance lead submits successfully on CNG Trucks","CategoryPages - CategoryListing [cng] [en] — CNG Trucks","2026-10-06","passed","2026-10-06","","","",""
"","1901","TC-ESC-02: Check Truck Price lead form shows required validation when submitted empty on Electric Mini Truck","AllLeadForm - ElectricSubCategory [miniTruck] [en] — Electric Mini Truck","2026-10-06","passed","2026-10-06","","","",""
"","1398","TC-BUS-02: lead form shows required validation when submitted empty on Tata Buses","AllLeadForm - BusListing [tataBuses] [en] — Tata Buses","2026-10-06","passed","2026-10-06","","","",""
"","3222","TC-BUS-01: lead submits successfully on Tata Buses","AllLeadForm - BusListing [tataBuses] [en] — Tata Buses","2026-10-06","passed","2026-10-06","","","",""
"","4321","TC-TIY-19: Upcoming Check Offers submits lead and shows Thank You modal","AllLeadForm - Homepage TruckInIndia [en]","2026-10-06","passed","2026-10-06","","","",""
"**Test Case ID:** TC-ECV-03
**Title:** One Check Offers lead submits successfully
**Language:** en

**Description:**
Open Check Offers once from a card in Electric Commercial Vehicles, fill name, mobile and city, and submit.

**Expected Result:**
A Thank You confirmation is shown after a successful lead submission.

**Steps:**
1. Open Electric Commercial Vehicles
2. Open Check Offers
3. Fill and submit the lead form","15216","TC-ECV-03: one Check Offers lead submits successfully","AllLeadForm - Homepage ElectricCommercialVehicles [en]","2026-10-06","passed","2026-10-06","","","",""
"","3810","TC-PL-01: Check Truck Price lead submits successfully on 10 ton - 20 ton Trucks","CategoryPages - CategoryListing [ton10to20] [en] — 10 ton - 20 ton Trucks","2026-10-06","passed","2026-10-06","","","",""
"","1878","TC-CB-03: Check Truck Price lead form rejects mobile that is not 10 digits on Eicher Mini Trucks","AllLeadForm - CategoryBrand [miniTruckEicher] [en] — Eicher Mini Trucks","2026-10-06","passed","2026-10-06","","","",""
"**Test Case ID:** TC-NLP-07
**Title:** Check Offers lead form rejects mobile that is not 10 digits on Latest Trucks
**Language:** en

**Description:**
Open the Latest Trucks listing page, open Check Offers, fill a valid name, an invalid (5-digit) mobile number, and leave city empty, then submit.

**Expected Result:**
The real, page-shown mobile-format and location-required validation messages are displayed, and no lead is submitted.

**Steps:**
1. Open the Latest Trucks listing page
2. Click Check Offers to open its lead form
3. Fill a valid name and an invalid mobile number
4. Submit with city left empty
5. Verify the mobile-format and location validation messages are shown","2046","TC-NLP-07: Check Offers lead form rejects mobile that is not 10 digits on Latest Trucks","ListingPages - NewListingPages [latestTrucks] [en] — Latest Trucks","2026-10-06","passed","2026-10-06","","","",""
"","599","TC-DLC-01: Talk To Dealer lead submits successfully on Truck Dealers in Jaipur, Rajasthan","AllLeadForm - DealerCity [jaipur] [en] — Truck Dealers in Jaipur, Rajasthan","2026-10-06","broken","2026-10-06","","","",""
"","604","TC-DLC-03: Talk To Dealer lead form rejects mobile that is not 10 digits on Truck Dealers in Jaipur, Rajasthan","AllLeadForm - DealerCity [jaipur] [en] — Truck Dealers in Jaipur, Rajasthan","2026-10-06","broken","2026-10-06","","","",""
"","12638","TC-LMC-03: one Check Offers lead from threeWheelers tab submits successfully","AllLeadForm - Homepage LatestModelsByCategory [en]","2026-10-06","passed","2026-10-06","","","",""
"","653","TC-DLC-02: Talk To Dealer lead form shows required validation when submitted empty on Truck Dealers in Pune, Maharashtra","AllLeadForm - DealerCity [pune] [en] — Truck Dealers in Pune, Maharashtra","2026-10-06","broken","2026-10-06","","","",""
"","2158","TC-CL-02: Check Truck Price lead form shows required validation when submitted empty on LCV","CategoryPages - CategoryListing [lcv] [en] — LCV","2026-10-06","passed","2026-10-06","","","",""
"","1319","TC-BUS-02: lead form shows required validation when submitted empty on Ashok Leyland Buses","AllLeadForm - BusListing [ashokLeylandBuses] [en] — Ashok Leyland Buses","2026-10-06","passed","2026-10-06","","","",""
"","3456","TC-CL-01: Check Truck Price lead submits successfully on 22 Wheeler","CategoryPages - CategoryListing [twentyTwoWheeler] [en] — 22 Wheeler","2026-10-06","passed","2026-10-06","","","",""
"**Test Case ID:** TC-NLP-01
**Title:** Check Offers lead submits successfully on Latest Trucks
**Language:** en

**Description:**
Open the Latest Trucks listing page, click Check Offers to open its lead form, fill name, mobile and city, and submit.

**Expected Result:**
A Thank You confirmation is shown after a successful lead submission. The submitted name is tagged with a page/CTA identifier for CRM traceability.

**Steps:**
1. Open the Latest Trucks listing page
2. Click Check Offers to open its lead form
3. Fill name, mobile and city
4. Submit and verify the confirmation","6840","TC-NLP-01: Check Offers lead submits successfully on Latest Trucks","ListingPages - NewListingPages [latestTrucks] [en] — Latest Trucks","2026-10-06","passed","2026-10-06","","","",""
"","2924","TC-BUSPDP-01: Check Offers lead submits successfully on Tata Starbus Ultra City Electric","AllLeadForm - BusPdp [starbusUltraCityElectric] [en] — Tata Starbus Ultra City Electric","2026-10-06","passed","2026-10-06","","","",""
"","752","TC-SCB-02: Talk To Dealer lead form shows required validation when submitted empty on Tata Service Centers","AllLeadForm - ServiceCenterBrand [tata] [en] — Tata Service Centers","2026-10-06","broken","2026-10-06","","","",""
"","2979","TC-TBR-02: Check Truck Price lead form shows required validation when submitted empty on Ashok Leyland Trucks","CategoryPages - CategoryListing [ashokLeylandBrand] [en] — Ashok Leyland Trucks","2026-10-06","passed","2026-10-06","","","",""
"","1023","TC-CL-04: Call Now assistance lead submits successfully on Auto Rickshaw","CategoryPages - CategoryListing [autoRickshaw] [en] — Auto Rickshaw","2026-10-06","skipped","2026-10-06","","","",""
"","3845","TC-CL-01: Check Truck Price lead submits successfully on CNG Trucks","CategoryPages - CategoryListing [cng] [en] — CNG Trucks","2026-10-06","passed","2026-10-06","","","",""
"","3541","TC-CL-04: Call Now assistance lead submits successfully on LPG Trucks","CategoryPages - CategoryListing [lpg] [en] — LPG Trucks","2026-10-06","passed","2026-10-06","","","",""
"**Test Case ID:** TC-NLP-06
**Title:** Check Offers lead form shows required validation when submitted empty on Upcoming Trucks
**Language:** en

**Description:**
Open the Upcoming Trucks listing page, open Check Offers, and submit with name, mobile and city all left empty.

**Expected Result:**
The real, page-shown validation messages for name, mobile and location are displayed, and no lead is submitted.

**Steps:**
1. Open the Upcoming Trucks listing page
2. Click Check Offers to open its lead form
3. Leave name, mobile and city empty and submit
4. Verify all three required-field validation messages are shown","2002","TC-NLP-06: Check Offers lead form shows required validation when submitted empty on Upcoming Trucks","ListingPages - NewListingPages [upcomingTrucks] [en] — Upcoming Trucks","2026-10-06","passed","2026-10-06","","","",""
"","3069","TC-CB-01: Check Truck Price lead submits successfully on Ashok Leyland 6 Wheeler Trucks","AllLeadForm - CategoryBrand [sixWheelerAshokLeyland] [en] — Ashok Leyland 6 Wheeler Trucks","2026-10-06","passed","2026-10-06","","","",""
"","2101","TC-CB-03: Check Truck Price lead form rejects mobile that is not 10 digits on Ashok Leyland Tractor Trailers","AllLeadForm - CategoryBrand [tractorAshokLeyland] [en] — Ashok Leyland Tractor Trailers","2026-10-06","passed","2026-10-06","","","",""
"","2223","TC-CL-03: Check Truck Price lead form rejects mobile that is not 10 digits on Auto Rickshaw","CategoryPages - CategoryListing [autoRickshaw] [en] — Auto Rickshaw","2026-10-06","passed","2026-10-06","","","",""
"","1838","TC-BR-06: Download Brochure lead form rejects mobile that is not 10 digits on Brochure","AllLeadForm - Brochure [en]","2026-10-06","passed","2026-10-06","","","",""
"","2625","TC-BUSVAR-01: Check Offers lead submits successfully on Tata Starbus Staff Contract 40+D AC LP 913/52 CNG","AllLeadForm - BusVariant [starbus40dAcLp913] [en] — Tata Starbus Staff Contract 40+D AC LP 913/52 CNG","2026-10-06","passed","2026-10-06","","","",""
"","3256","TC-CB-04: Call Now assistance lead submits successfully on Altigreen Auto Rickshaw","AllLeadForm - CategoryBrand [autoRickshawAltigreen] [en] — Altigreen Auto Rickshaw","2026-10-06","passed","2026-10-06","","","",""
"","1426","TC-CB-02: Check Truck Price lead form shows required validation when submitted empty on Ashok Leyland 10 Wheeler Trucks","AllLeadForm - CategoryBrand [tenWheelerAshokLeyland] [en] — Ashok Leyland 10 Wheeler Trucks","2026-10-06","passed","2026-10-06","","","",""
"","4635","TC-BGT-04: Call Now assistance lead submits successfully on Trucks Under 10 Lakh","AllLeadForm - Budget [under10Lakh] [en] — Trucks Under 10 Lakh","2026-10-06","passed","2026-10-06","","","",""
"","18621","TC-ESC-01: Check Truck Price lead submits successfully on Electric E Rickshaw","AllLeadForm - ElectricSubCategory [eRickshaw] [en] — Electric E Rickshaw","2026-10-06","failed","2026-10-06","","","",""
"","3269","TC-CB-01: Check Truck Price lead submits successfully on Ashok Leyland Tractor Trailers","AllLeadForm - CategoryBrand [tractorAshokLeyland] [en] — Ashok Leyland Tractor Trailers","2026-10-06","passed","2026-10-06","","","",""
"","682","TC-CL-04: Call Now assistance lead submits successfully on Trailers","CategoryPages - CategoryListing [trailers] [en] — Trailers","2026-10-06","skipped","2026-10-06","","","",""
"","47812","TC-CB-04: Call Now assistance lead submits successfully on Ashok Leyland Tippers","AllLeadForm - CategoryBrand [tippersAshokLeyland] [en] — Ashok Leyland Tippers","2026-10-06","failed","2026-10-06","","","",""
"","2401","TC-BBG-02: Check Truck Price lead form shows required validation when submitted empty on Ashok Leyland Trucks Under 15 Lakh","AllLeadForm - BrandBudget [ashokLeylandUnder15Lakh] [en] — Ashok Leyland Trucks Under 15 Lakh","2026-10-06","passed","2026-10-06","","","",""
"","1961","TC-BUSPDP-03: Check Offers lead form rejects mobile that is not 10 digits on Tata Starbus Staff Contract","AllLeadForm - BusPdp [starbusStaffContract] [en] — Tata Starbus Staff Contract","2026-10-06","passed","2026-10-06","","","",""
"","3238","TC-PDPI-02: Check Offers lead form shows required validation when submitted empty on Tata Yodha 2.0 Specifications","PDP - NewTruckInternalPages [yodhaSpecifications] [en] — Tata Yodha 2.0 Specifications","2026-10-06","passed","2026-10-06","","","",""
"","2874","TC-CB-04: Call Now assistance lead submits successfully on Atul 3 Wheeler","AllLeadForm - CategoryBrand [threeWheelerAtul] [en] — Atul 3 Wheeler","2026-10-06","passed","2026-10-06","","","",""
"","3516","TC-BBG-04: Call Now assistance lead submits successfully on Ashok Leyland Trucks Under 15 Lakh","AllLeadForm - BrandBudget [ashokLeylandUnder15Lakh] [en] — Ashok Leyland Trucks Under 15 Lakh","2026-10-06","passed","2026-10-06","","","",""
"","1703","TC-BUT-02: Contact Seller lead form shows required validation when submitted empty on Buy Used Trucks","AllLeadForm - BuyUsedTrucks [en]","2026-10-06","passed","2026-10-06","","","",""
"","1911","TC-CL-03: Check Truck Price lead form rejects mobile that is not 10 digits on 16 Wheeler","CategoryPages - CategoryListing [sixteenWheeler] [en] — 16 Wheeler","2026-10-06","passed","2026-10-06","","","",""
"","3088","TC-CB-04: Call Now assistance lead submits successfully on Allfine E Rickshaw","AllLeadForm - CategoryBrand [eRickshawAllfine] [en] — Allfine E Rickshaw","2026-10-06","passed","2026-10-06","","","",""
"","6535","TC-BGT-01: Check Truck Price lead submits successfully on Trucks Under 5 Lakh","AllLeadForm - Budget [under5Lakh] [en] — Trucks Under 5 Lakh","2026-10-06","passed","2026-10-06","","","",""
"","17445","TC-ESC-01: Check Truck Price lead submits successfully on Electric 3 Wheeler","AllLeadForm - ElectricSubCategory [threeWheeler] [en] — Electric 3 Wheeler","2026-10-06","failed","2026-10-06","","","",""
"","2682","TC-CL-02: Check Truck Price lead form shows required validation when submitted empty on Mini Trucks","CategoryPages - CategoryListing [miniTrucks] [en] — Mini Trucks","2026-10-06","passed","2026-10-06","","","",""
"","2261","TC-NTPDP-03: Get Offers lead submits successfully for Eka 3W Cargo","AllLeadForm - NewTruckPdp [leastPopular] [en] — Eka 3W Cargo","2026-10-06","passed","2026-10-06","","","",""
"","1643","TC-VHR-05: Check Offers lead form rejects mobile that is not 10 digits on Vehicle Report","AllLeadForm - VehicleReport [en]","2026-10-06","passed","2026-10-06","","","",""
"","2941","TC-VHR-02: Contact Seller lead submits successfully on Vehicle Report","AllLeadForm - VehicleReport [en]","2026-10-06","passed","2026-10-06","","","",""
"","1756","TC-CL-02: Check Truck Price lead form shows required validation when submitted empty on 14 Wheeler","CategoryPages - CategoryListing [fourteenWheeler] [en] — 14 Wheeler","2026-10-06","passed","2026-10-06","","","",""
"","3140","TC-CB-01: Check Truck Price lead submits successfully on Ashok Leyland 10 Wheeler Trucks","AllLeadForm - CategoryBrand [tenWheelerAshokLeyland] [en] — Ashok Leyland 10 Wheeler Trucks","2026-10-06","passed","2026-10-06","","","",""
"","2354","TC-ESC-03: Check Truck Price lead form rejects mobile that is not 10 digits on Electric Commercial Vehicle Under 1 Lakh","AllLeadForm - ElectricSubCategory [under1Lakh] [en] — Electric Commercial Vehicle Under 1 Lakh","2026-10-06","passed","2026-10-06","","","",""
"","519","TC-SCB-02: Talk To Dealer lead form shows required validation when submitted empty on Mahindra Service Centers","AllLeadForm - ServiceCenterBrand [mahindra] [en] — Mahindra Service Centers","2026-10-06","broken","2026-10-06","","","",""
"","17403","TC-VHR-01: Check Offers lead submits successfully on Vehicle Report","AllLeadForm - VehicleReport [en]","2026-10-06","failed","2026-10-06","","","",""
"","5296","TC-TBR-01: Check Truck Price lead submits successfully on Ashok Leyland Trucks","CategoryPages - CategoryListing [ashokLeylandBrand] [en] — Ashok Leyland Trucks","2026-10-06","passed","2026-10-06","","","",""
"","3774","TC-BGT-04: Call Now assistance lead submits successfully on Trucks Under 5 Lakh","AllLeadForm - Budget [under5Lakh] [en] — Trucks Under 5 Lakh","2026-10-06","passed","2026-10-06","","","",""
"","4508","TC-PDPI-05: Check Offers lead submits successfully on Tata Yodha 2.0 Brochure","PDP - NewTruckInternalPages [yodhaBrochure] [en] — Tata Yodha 2.0 Brochure","2026-10-06","passed","2026-10-06","","","",""
"","653","TC-SCB-01: Talk To Dealer lead submits successfully on Ashok Leyland Service Centers","AllLeadForm - ServiceCenterBrand [ashokLeyland] [en] — Ashok Leyland Service Centers","2026-10-06","broken","2026-10-06","","","",""
"","3763","TC-EV-03: Check Truck Price lead form shows required validation when submitted empty on Electric Commercial Vehicles","AllLeadForm - ElectricVehicle [en] — Electric Commercial Vehicles","2026-10-06","passed","2026-10-06","","","",""
"","4179","TC-CL-04: Call Now assistance lead submits successfully on Bi Fuel Trucks","CategoryPages - CategoryListing [biFuel] [en] — Bi Fuel Trucks","2026-10-06","passed","2026-10-06","","","",""
"","3199","TC-CB-01: Check Truck Price lead submits successfully on Ashok Leyland Pickups","AllLeadForm - CategoryBrand [pickupAshokLeyland] [en] — Ashok Leyland Pickups","2026-10-06","passed","2026-10-06","","","",""
"","1914","TC-PL-03: Check Truck Price lead form rejects mobile that is not 10 digits on 2.5 ton - 5 ton Trucks","CategoryPages - CategoryListing [ton2_5to5] [en] — 2.5 ton - 5 ton Trucks","2026-10-06","passed","2026-10-06","","","",""
"","2158","TC-BGT-03: Check Truck Price lead form rejects mobile that is not 10 digits on Trucks Under 10 Lakh","AllLeadForm - Budget [under10Lakh] [en] — Trucks Under 10 Lakh","2026-10-06","passed","2026-10-06","","","",""
"","3457","TC-BBG-04: Call Now assistance lead submits successfully on Eicher Trucks Above 40 Lakh","AllLeadForm - BrandBudget [eicherAbove40Lakh] [en] — Eicher Trucks Above 40 Lakh","2026-10-06","passed","2026-10-06","","","",""
"","7643","TC-BUSVAR-01: Check Offers lead submits successfully on Tata Starbus Staff Contract 40+D LP 909/52 CNG","AllLeadForm - BusVariant [starbus40dLp909] [en] — Tata Starbus Staff Contract 40+D LP 909/52 CNG","2026-10-06","passed","2026-10-06","","","",""
"","4587","TC-CL-01: Check Truck Price lead submits successfully on Bi Fuel Trucks","CategoryPages - CategoryListing [biFuel] [en] — Bi Fuel Trucks","2026-10-06","passed","2026-10-06","","","",""
"","3132","TC-CL-03: Check Truck Price lead form rejects mobile that is not 10 digits on Bi Fuel Trucks","CategoryPages - CategoryListing [biFuel] [en] — Bi Fuel Trucks","2026-10-06","passed","2026-10-06","","","",""
"","3795","TC-BUS-01: lead submits successfully on Eicher Buses","AllLeadForm - BusListing [eicherBuses] [en] — Eicher Buses","2026-10-06","passed","2026-10-06","","","",""
"","972","TC-NLP-03: Contact Seller lead submits successfully on BS6 Trucks","ListingPages - NewListingPages [bs6Trucks] [en] — BS6 Trucks","2026-10-06","skipped","2026-10-06","","","",""
"","434","TC-CL-04: Call Now assistance lead submits successfully on 18 Wheeler","CategoryPages - CategoryListing [eighteenWheeler] [en] — 18 Wheeler","2026-10-06","skipped","2026-10-06","","","",""
"","2301","TC-ESC-03: Check Truck Price lead form rejects mobile that is not 10 digits on Electric Auto Rickshaw","AllLeadForm - ElectricSubCategory [autoRickshaw] [en] — Electric Auto Rickshaw","2026-10-06","passed","2026-10-06","","","",""
"","1659","TC-TYR-03: lead form rejects mobile that is not 10 digits on Tyres","AllLeadForm - Tyres [en] — Tyres","2026-10-06","passed","2026-10-06","","","",""
"","4203","TC-TSR-01: Check Truck Price lead submits successfully on Mahindra Blazo","CategoryPages - CategoryListing [mahindraBlazo] [en] — Mahindra Blazo","2026-10-06","passed","2026-10-06","","","",""
"","1958","TC-TSR-02: Check Truck Price lead form shows required validation when submitted empty on Mahindra Blazo","CategoryPages - CategoryListing [mahindraBlazo] [en] — Mahindra Blazo","2026-10-06","passed","2026-10-06","","","",""
"","6171","TC-CB-01: Check Truck Price lead submits successfully on Ashok Leyland Tippers","AllLeadForm - CategoryBrand [tippersAshokLeyland] [en] — Ashok Leyland Tippers","2026-10-06","passed","2026-10-06","","","",""
"","514","TC-DLB-03: Talk To Dealer lead form rejects mobile that is not 10 digits on Ashok Leyland Truck Dealers","AllLeadForm - DealerBrand [ashokLeyland] [en] — Ashok Leyland Truck Dealers","2026-10-06","broken","2026-10-06","","","",""
"","577","TC-DLC-02: Talk To Dealer lead form shows required validation when submitted empty on Truck Dealers in Jaipur, Rajasthan","AllLeadForm - DealerCity [jaipur] [en] — Truck Dealers in Jaipur, Rajasthan","2026-10-06","broken","2026-10-06","","","",""
"","472","TC-PDPI-05: lead submits successfully on Tata Yodha 2.0 Reviews","PDP - NewTruckInternalPages [yodhaReview] [en] — Tata Yodha 2.0 Reviews","2026-10-06","skipped","2026-10-06","","","",""
"","1894","TC-PL-03: Check Truck Price lead form rejects mobile that is not 10 digits on Under 1 Ton Trucks","CategoryPages - CategoryListing [under1Ton] [en] — Under 1 Ton Trucks","2026-10-06","passed","2026-10-06","","","",""
"","1719","TC-CB-03: Check Truck Price lead form rejects mobile that is not 10 digits on Eicher 4 Wheeler Trucks","AllLeadForm - CategoryBrand [fourWheelerEicher] [en] — Eicher 4 Wheeler Trucks","2026-10-06","passed","2026-10-06","","","",""
"","3576","TC-PL-01: Check Truck Price lead submits successfully on 20 ton - 40 ton Trucks","CategoryPages - CategoryListing [ton20to40] [en] — 20 ton - 40 ton Trucks","2026-10-06","passed","2026-10-06","","","",""
"","3480","TC-PL-01: Check Truck Price lead submits successfully on 2.5 ton - 5 ton Trucks","CategoryPages - CategoryListing [ton2_5to5] [en] — 2.5 ton - 5 ton Trucks","2026-10-06","passed","2026-10-06","","","",""
"","8847","TC-PDPI-01: Check Offers lead submits successfully on Tata Yodha 2.0 Specifications","PDP - NewTruckInternalPages [yodhaSpecifications] [en] — Tata Yodha 2.0 Specifications","2026-10-06","passed","2026-10-06","","","",""
"","1703","TC-CB-02: Check Truck Price lead form shows required validation when submitted empty on Ashok Leyland Mini Trucks","AllLeadForm - CategoryBrand [miniTruckAshokLeyland] [en] — Ashok Leyland Mini Trucks","2026-10-06","passed","2026-10-06","","","",""
"","5718","TC-UTPDP-01: Contact Seller lead submits successfully on Used Truck Detail","AllLeadForm - UsedTruckPdp [en]","2026-10-06","passed","2026-10-06","","","",""
"","5556","TC-CL-01: Check Truck Price lead submits successfully on Transit Mixer","CategoryPages - CategoryListing [transitMixer] [en] — Transit Mixer","2026-10-06","passed","2026-10-06","","","",""
"","1952","TC-CL-02: Check Truck Price lead form shows required validation when submitted empty on LPG Trucks","CategoryPages - CategoryListing [lpg] [en] — LPG Trucks","2026-10-06","passed","2026-10-06","","","",""
"","2112","TC-CVP-02: Check Permit Info lead requests OTP successfully on CV Permit","AllLeadForm - CvPermit [en]","2026-10-06","passed","2026-10-06","","","",""
"","2411","TC-CL-03: Check Truck Price lead form rejects mobile that is not 10 digits on CNG Trucks","CategoryPages - CategoryListing [cng] [en] — CNG Trucks","2026-10-06","passed","2026-10-06","","","",""
"","3747","TC-BGT-04: Call Now assistance lead submits successfully on Trucks Under 40 Lakh","AllLeadForm - Budget [under40Lakh] [en] — Trucks Under 40 Lakh","2026-10-06","passed","2026-10-06","","","",""
"","3743","TC-TBR-03: Check Truck Price lead form rejects mobile that is not 10 digits on Ashok Leyland Trucks","CategoryPages - CategoryListing [ashokLeylandBrand] [en] — Ashok Leyland Trucks","2026-10-06","passed","2026-10-06","","","",""
"","1382","TC-CL-02: Check Truck Price lead form shows required validation when submitted empty on 8 Wheeler","CategoryPages - CategoryListing [eightWheeler] [en] — 8 Wheeler","2026-10-06","passed","2026-10-06","","","",""
"","2511","TC-BUS-03: lead form rejects mobile that is not 10 digits on New Buses","AllLeadForm - BusListing [newBuses] [en] — New Buses","2026-10-06","passed","2026-10-06","","","",""
"","2560","TC-CL-03: Check Truck Price lead form rejects mobile that is not 10 digits on Diesel Trucks","CategoryPages - CategoryListing [diesel] [en] — Diesel Trucks","2026-10-06","passed","2026-10-06","","","",""
"","1548","TC-BUSPDP-03: Check Offers lead form rejects mobile that is not 10 digits on Tata Starbus Ultra City Electric","AllLeadForm - BusPdp [starbusUltraCityElectric] [en] — Tata Starbus Ultra City Electric","2026-10-06","passed","2026-10-06","","","",""
"","1842","TC-CL-02: Check Truck Price lead form shows required validation when submitted empty on 16 Wheeler","CategoryPages - CategoryListing [sixteenWheeler] [en] — 16 Wheeler","2026-10-06","passed","2026-10-06","","","",""
"","3006","TC-ESC-03: Check Truck Price lead form rejects mobile that is not 10 digits on Electric Mini Truck","AllLeadForm - ElectricSubCategory [miniTruck] [en] — Electric Mini Truck","2026-10-06","passed","2026-10-06","","","",""
"","4814","TC-CB-01: Check Truck Price lead submits successfully on Eicher Mini Trucks","AllLeadForm - CategoryBrand [miniTruckEicher] [en] — Eicher Mini Trucks","2026-10-06","passed","2026-10-06","","","",""
"","1404","TC-CB-02: Check Truck Price lead form shows required validation when submitted empty on Force Tempo Traveller","AllLeadForm - CategoryBrand [tempoTravellerForce] [en] — Force Tempo Traveller","2026-10-06","passed","2026-10-06","","","",""
"","1909","TC-TSR-03: Check Truck Price lead form rejects mobile that is not 10 digits on Mahindra Bolero","CategoryPages - CategoryListing [mahindraBolero] [en] — Mahindra Bolero","2026-10-06","passed","2026-10-06","","","",""
"","2737","TC-TMO-03: Check Offers lead form rejects mobile that is not 10 digits on Offers","AllLeadForm - TabbedModelOffers [offers] [en] — Offers","2026-10-06","passed","2026-10-06","","","",""
"","10273","TC-NTPDP-01: Get Offers lead opens on launch for Tata Yodha 2.0","AllLeadForm - NewTruckPdp [mostPopular] [en] — Tata Yodha 2.0","2026-10-06","passed","2026-10-06","","","",""
"","17233","TC-CVP-01: Check Offers lead submits successfully on CV Permit","AllLeadForm - CvPermit [en]","2026-10-06","failed","2026-10-06","","","",""
"","2733","TC-CB-03: Check Truck Price lead form rejects mobile that is not 10 digits on Eicher 10 Wheeler Trucks","AllLeadForm - CategoryBrand [tenWheelerEicher] [en] — Eicher 10 Wheeler Trucks","2026-10-06","passed","2026-10-06","","","",""
"","447","TC-DLC-02: Talk To Dealer lead form shows required validation when submitted empty on Truck Dealers in Ahmedabad, Gujarat","AllLeadForm - DealerCity [ahmedabad] [en] — Truck Dealers in Ahmedabad, Gujarat","2026-10-06","broken","2026-10-06","","","",""
"**Test Case ID:** TC-NLP-06
**Title:** Check Offers lead form shows required validation when submitted empty on Best Trucks
**Language:** en

**Description:**
Open the Best Trucks listing page, open Check Offers, and submit with name, mobile and city all left empty.

**Expected Result:**
The real, page-shown validation messages for name, mobile and location are displayed, and no lead is submitted.

**Steps:**
1. Open the Best Trucks listing page
2. Click Check Offers to open its lead form
3. Leave name, mobile and city empty and submit
4. Verify all three required-field validation messages are shown","3217","TC-NLP-06: Check Offers lead form shows required validation when submitted empty on Best Trucks","ListingPages - NewListingPages [bestTrucks] [en] — Best Trucks","2026-10-06","passed","2026-10-06","","","",""
"","4537","TC-TBR-03: Check Truck Price lead form rejects mobile that is not 10 digits on Tata Trucks","CategoryPages - CategoryListing [tataBrand] [en] — Tata Trucks","2026-10-06","passed","2026-10-06","","","",""
"","2320","TC-BBG-03: Check Truck Price lead form rejects mobile that is not 10 digits on Ashok Leyland Trucks Under 30 Lakh","AllLeadForm - BrandBudget [ashokLeylandUnder30Lakh] [en] — Ashok Leyland Trucks Under 30 Lakh","2026-10-06","passed","2026-10-06","","","",""
"","805","TC-NLP-03: Contact Seller lead submits successfully on Find New Trucks","ListingPages - NewListingPages [newTrucks] [en] — Find New Trucks","2026-10-06","skipped","2026-10-06","","","",""
"","4707","TC-PDPI-05: Download Brochure lead submits successfully on Tata Yodha 2.0 Price in Gurgaon","PDP - NewTruckInternalPages [yodhaPriceGurgaon] [en] — Tata Yodha 2.0 Price in Gurgaon","2026-10-06","passed","2026-10-06","","","",""
"","7148","TC-BUSPDP-01: Check Offers lead submits successfully on Tata Starbus Staff Contract","AllLeadForm - BusPdp [starbusStaffContract] [en] — Tata Starbus Staff Contract","2026-10-06","passed","2026-10-06","","","",""
"","1737","TC-ESC-02: Check Truck Price lead form shows required validation when submitted empty on Electric Trucks","AllLeadForm - ElectricSubCategory [trucks] [en] — Electric Trucks","2026-10-06","passed","2026-10-06","","","",""
"","3612","TC-CL-04: Call Now assistance lead submits successfully on Hydrogen Trucks","CategoryPages - CategoryListing [hydrogen] [en] — Hydrogen Trucks","2026-10-06","passed","2026-10-06","","","",""
"","18164","TC-CL-01: Check Truck Price lead submits successfully on Pickups","CategoryPages - CategoryListing [pickups] [en] — Pickups","2026-10-06","failed","2026-10-06","","","",""
"","1813","TC-ESC-02: Check Truck Price lead form shows required validation when submitted empty on Electric Auto Rickshaw","AllLeadForm - ElectricSubCategory [autoRickshaw] [en] — Electric Auto Rickshaw","2026-10-06","passed","2026-10-06","","","",""
"","2128","TC-CB-02: Check Truck Price lead form shows required validation when submitted empty on Ashok Leyland Pickups","AllLeadForm - CategoryBrand [pickupAshokLeyland] [en] — Ashok Leyland Pickups","2026-10-06","passed","2026-10-06","","","",""
"","1508","TC-PL-02: Check Truck Price lead form shows required validation when submitted empty on 20 ton - 40 ton Trucks","CategoryPages - CategoryListing [ton20to40] [en] — 20 ton - 40 ton Trucks","2026-10-06","passed","2026-10-06","","","",""
"","6462","TC-TSR-01: Check Truck Price lead submits successfully on Tata Ace","CategoryPages - CategoryListing [tataAce] [en] — Tata Ace","2026-10-06","passed","2026-10-06","","","",""
"","1586","TC-BGT-02: Check Truck Price lead form shows required validation when submitted empty on Trucks Under 20 Lakh","AllLeadForm - Budget [under20Lakh] [en] — Trucks Under 20 Lakh","2026-10-06","passed","2026-10-06","","","",""
"","21605","TC-CL-01: Check Truck Price lead submits successfully on 3 Wheeler","CategoryPages - CategoryListing [threeWheeler] [en] — 3 Wheeler","2026-10-06","failed","2026-10-06","","","",""
"","3415","TC-ESC-04: Call Now assistance lead submits successfully on Electric E Rickshaw","AllLeadForm - ElectricSubCategory [eRickshaw] [en] — Electric E Rickshaw","2026-10-06","passed","2026-10-06","","","",""
"","2187","TC-PDPI-03: Check Offers lead form rejects mobile that is not 10 digits on Tata Yodha 2.0 Videos","PDP - NewTruckInternalPages [yodhaVideos] [en] — Tata Yodha 2.0 Videos","2026-10-06","passed","2026-10-06","","","",""
"","632","TC-TSR-04: Call Now assistance lead submits successfully on Ashok Leyland Dost","CategoryPages - CategoryListing [ashokLeylandDost] [en] — Ashok Leyland Dost","2026-10-06","skipped","2026-10-06","","","",""
"","1396","TC-SCB-01: Talk To Dealer lead submits successfully on Tata Service Centers","AllLeadForm - ServiceCenterBrand [tata] [en] — Tata Service Centers","2026-10-06","broken","2026-10-06","","","",""
"","729","TC-CL-04: Call Now assistance lead submits successfully on 4 Wheeler","CategoryPages - CategoryListing [fourWheeler] [en] — 4 Wheeler","2026-10-06","skipped","2026-10-06","","","",""
"","1646","TC-ESC-02: Check Truck Price lead form shows required validation when submitted empty on Electric Pickup","AllLeadForm - ElectricSubCategory [pickup] [en] — Electric Pickup","2026-10-06","passed","2026-10-06","","","",""
"","625","TC-CL-04: Call Now assistance lead submits successfully on Pickups","CategoryPages - CategoryListing [pickups] [en] — Pickups","2026-10-06","skipped","2026-10-06","","","",""
"","4310","TC-ECV-05: Check Offers lead form shows required validation when submitted empty","AllLeadForm - Homepage ElectricCommercialVehicles [en]","2026-10-06","passed","2026-10-06","","","",""
"","1895","TC-CL-03: Check Truck Price lead form rejects mobile that is not 10 digits on 6 Wheeler","CategoryPages - CategoryListing [sixWheeler] [en] — 6 Wheeler","2026-10-06","passed","2026-10-06","","","",""
"","1851","TC-CB-03: Check Truck Price lead form rejects mobile that is not 10 digits on Ashok Leyland Transit Mixers","AllLeadForm - CategoryBrand [transitMixerAshokLeyland] [en] — Ashok Leyland Transit Mixers","2026-10-06","passed","2026-10-06","","","",""
"","1630","TC-BUS-02: lead form shows required validation when submitted empty on Eicher Buses","AllLeadForm - BusListing [eicherBuses] [en] — Eicher Buses","2026-10-06","passed","2026-10-06","","","",""
"","3588","TC-ESC-01: Check Truck Price lead submits successfully on Electric Auto Rickshaw","AllLeadForm - ElectricSubCategory [autoRickshaw] [en] — Electric Auto Rickshaw","2026-10-06","passed","2026-10-06","","","",""
"","2568","TC-CL-03: Check Truck Price lead form rejects mobile that is not 10 digits on LCV","CategoryPages - CategoryListing [lcv] [en] — LCV","2026-10-06","passed","2026-10-06","","","",""
"","2381","TC-CL-02: Check Truck Price lead form shows required validation when submitted empty on Pickups","CategoryPages - CategoryListing [pickups] [en] — Pickups","2026-10-06","passed","2026-10-06","","","",""
"","2492","TC-BGT-03: Check Truck Price lead form rejects mobile that is not 10 digits on Trucks Under 15 Lakh","AllLeadForm - Budget [under15Lakh] [en] — Trucks Under 15 Lakh","2026-10-06","passed","2026-10-06","","","",""
"","4666","TC-TBR-02: Check Truck Price lead form shows required validation when submitted empty on Tata Trucks","CategoryPages - CategoryListing [tataBrand] [en] — Tata Trucks","2026-10-06","passed","2026-10-06","","","",""
"","3795","TC-TSR-01: Check Truck Price lead submits successfully on Ashok Leyland Boss","CategoryPages - CategoryListing [ashokLeylandBoss] [en] — Ashok Leyland Boss","2026-10-06","passed","2026-10-06","","","",""
"","1330","TC-BUS-02: lead form shows required validation when submitted empty on SML ISUZU Buses","AllLeadForm - BusListing [smlIsuzuBuses] [en] — SML ISUZU Buses","2026-10-06","passed","2026-10-06","","","",""
"**Test Case ID:** TC-NLP-06
**Title:** Check Offers lead form shows required validation when submitted empty on BS6 Trucks
**Language:** en

**Description:**
Open the BS6 Trucks listing page, open Check Offers, and submit with name, mobile and city all left empty.

**Expected Result:**
The real, page-shown validation messages for name, mobile and location are displayed, and no lead is submitted.

**Steps:**
1. Open the BS6 Trucks listing page
2. Click Check Offers to open its lead form
3. Leave name, mobile and city empty and submit
4. Verify all three required-field validation messages are shown","3054","TC-NLP-06: Check Offers lead form shows required validation when submitted empty on BS6 Trucks","ListingPages - NewListingPages [bs6Trucks] [en] — BS6 Trucks","2026-10-06","passed","2026-10-06","","","",""
"","47979","TC-CB-04: Call Now assistance lead submits successfully on Ashok Leyland 4 Wheeler Trucks","AllLeadForm - CategoryBrand [fourWheelerAshokLeyland] [en] — Ashok Leyland 4 Wheeler Trucks","2026-10-06","failed","2026-10-06","","","",""
"","1287","TC-TBR-04: Call Now assistance lead submits successfully on Tata Trucks","CategoryPages - CategoryListing [tataBrand] [en] — Tata Trucks","2026-10-06","skipped","2026-10-06","","","",""
"","844","TC-CL-04: Call Now assistance lead submits successfully on Tippers","CategoryPages - CategoryListing [tippers] [en] — Tippers","2026-10-06","skipped","2026-10-06","","","",""
"","1914","TC-UTPDP-03: Contact Seller lead form rejects mobile that is not 10 digits on Used Truck Detail","AllLeadForm - UsedTruckPdp [en]","2026-10-06","passed","2026-10-06","","","",""
"","5102","TC-LMC-06: one Check Offers lead from miniTrucks tab submits successfully","AllLeadForm - Homepage LatestModelsByCategory [en]","2026-10-06","passed","2026-10-06","","","",""
"","19779","TC-CB-01: Check Truck Price lead submits successfully on Eicher 10 Wheeler Trucks","AllLeadForm - CategoryBrand [tenWheelerEicher] [en] — Eicher 10 Wheeler Trucks","2026-10-06","failed","2026-10-06","","","",""
"","3699","TC-CL-01: Check Truck Price lead submits successfully on 16 Wheeler","CategoryPages - CategoryListing [sixteenWheeler] [en] — 16 Wheeler","2026-10-06","passed","2026-10-06","","","",""
"","6649","TC-CL-01: Check Truck Price lead submits successfully on 4 Wheeler","CategoryPages - CategoryListing [fourWheeler] [en] — 4 Wheeler","2026-10-06","passed","2026-10-06","","","",""
"","17742","TC-BUSVAR-01: Check Offers lead submits successfully on Tata Starbus Staff Contract 24+D LP 407/36 CNG","AllLeadForm - BusVariant [starbus24dLp407] [en] — Tata Starbus Staff Contract 24+D LP 407/36 CNG","2026-10-06","failed","2026-10-06","","","",""
"","11058","TC-PDPI-01: Check Offers lead submits successfully on Tata Yodha 2.0 Images","PDP - NewTruckInternalPages [yodhaImages] [en] — Tata Yodha 2.0 Images","2026-10-06","passed","2026-10-06","","","",""
"","4362","TC-PDPI-03: Check Offers lead form rejects mobile that is not 10 digits on Tata Yodha 2.0 Specifications","PDP - NewTruckInternalPages [yodhaSpecifications] [en] — Tata Yodha 2.0 Specifications","2026-10-06","passed","2026-10-06","","","",""
"","1657","TC-CL-03: Check Truck Price lead form rejects mobile that is not 10 digits on 14 Wheeler","CategoryPages - CategoryListing [fourteenWheeler] [en] — 14 Wheeler","2026-10-06","passed","2026-10-06","","","",""
"","1802","TC-CL-02: Check Truck Price lead form shows required validation when submitted empty on 22 Wheeler","CategoryPages - CategoryListing [twentyTwoWheeler] [en] — 22 Wheeler","2026-10-06","passed","2026-10-06","","","",""
"","875","TC-SCB-03: Talk To Dealer lead form rejects mobile that is not 10 digits on Ashok Leyland Service Centers","AllLeadForm - ServiceCenterBrand [ashokLeyland] [en] — Ashok Leyland Service Centers","2026-10-06","broken","2026-10-06","","","",""
"","1204","TC-TYR-02: lead form shows required validation when submitted empty on Tyres","AllLeadForm - Tyres [en] — Tyres","2026-10-06","passed","2026-10-06","","","",""
"","614","TC-TSR-04: Call Now assistance lead submits successfully on Mahindra Bolero","CategoryPages - CategoryListing [mahindraBolero] [en] — Mahindra Bolero","2026-10-06","skipped","2026-10-06","","","",""
"","3430","TC-CB-01: Check Truck Price lead submits successfully on Ashok Leyland Mini Trucks","AllLeadForm - CategoryBrand [miniTruckAshokLeyland] [en] — Ashok Leyland Mini Trucks","2026-10-06","passed","2026-10-06","","","",""
"","1528","TC-PL-02: Check Truck Price lead form shows required validation when submitted empty on 40 ton - 300 ton Trucks","CategoryPages - CategoryListing [ton40to300] [en] — 40 ton - 300 ton Trucks","2026-10-06","passed","2026-10-06","","","",""
"","580","TC-SPB-03: Talk To Dealer lead form rejects mobile that is not 10 digits on Eicher Spare Parts Dealers","AllLeadForm - SparePartsBrand [eicher] [en] — Eicher Spare Parts Dealers","2026-10-06","broken","2026-10-06","","","",""
"","1843","TC-BBG-03: Check Truck Price lead form rejects mobile that is not 10 digits on Ashok Leyland Trucks Under 15 Lakh","AllLeadForm - BrandBudget [ashokLeylandUnder15Lakh] [en] — Ashok Leyland Trucks Under 15 Lakh","2026-10-06","passed","2026-10-06","","","",""
"","1759","TC-ESC-03: Check Truck Price lead form rejects mobile that is not 10 digits on Electric Commercial Vehicle Under 5 Lakh","AllLeadForm - ElectricSubCategory [under5Lakh] [en] — Electric Commercial Vehicle Under 5 Lakh","2026-10-06","passed","2026-10-06","","","",""
"","19716","TC-PDPI-05: Get On Road Price lead submits successfully on Tata Yodha 2.0 Specifications","PDP - NewTruckInternalPages [yodhaSpecifications] [en] — Tata Yodha 2.0 Specifications","2026-10-06","failed","2026-10-06","","","",""
"","71154","TC-TMO-01: Check Offers lead submits successfully on every tab of Select Your Truck","AllLeadForm - TabbedModelOffers [selectYourTruck] [en] — Select Your Truck","2026-10-06","failed","2026-10-06","","","",""
"","1887","TC-BUT-03: Contact Seller lead form rejects mobile that is not 10 digits on Buy Used Trucks","AllLeadForm - BuyUsedTrucks [en]","2026-10-06","passed","2026-10-06","","","",""
"","4468","TC-PDPI-01: Check Offers lead submits successfully on Eka 3W Cargo Price in Mumbai","PDP - NewTruckInternalPages [ekaPriceMumbai] [en] — Eka 3W Cargo Price in Mumbai","2026-10-06","passed","2026-10-06","","","",""
"","19884","TC-BBG-01: Check Truck Price lead submits successfully on Eicher Trucks Under 20 Lakh","AllLeadForm - BrandBudget [eicherUnder20Lakh] [en] — Eicher Trucks Under 20 Lakh","2026-10-06","failed","2026-10-06","","","",""
"","2116","TC-CL-02: Check Truck Price lead form shows required validation when submitted empty on Diesel Trucks","CategoryPages - CategoryListing [diesel] [en] — Diesel Trucks","2026-10-06","passed","2026-10-06","","","",""
"","3557","TC-CB-04: Call Now assistance lead submits successfully on Ashok Leyland 6 Wheeler Trucks","AllLeadForm - CategoryBrand [sixWheelerAshokLeyland] [en] — Ashok Leyland 6 Wheeler Trucks","2026-10-06","passed","2026-10-06","","","",""
"","1965","TC-CL-03: Check Truck Price lead form rejects mobile that is not 10 digits on Trailers","CategoryPages - CategoryListing [trailers] [en] — Trailers","2026-10-06","passed","2026-10-06","","","",""
"","3960","TC-CB-01: Check Truck Price lead submits successfully on BharatBenz 6 Wheeler Trucks","AllLeadForm - CategoryBrand [sixWheelerBharatBenz] [en] — BharatBenz 6 Wheeler Trucks","2026-10-06","passed","2026-10-06","","","",""
"","4538","TC-CL-02: Check Truck Price lead form shows required validation when submitted empty on 3 Wheeler","CategoryPages - CategoryListing [threeWheeler] [en] — 3 Wheeler","2026-10-06","passed","2026-10-06","","","",""
"","1855","TC-CB-02: Check Truck Price lead form shows required validation when submitted empty on Eicher Mini Trucks","AllLeadForm - CategoryBrand [miniTruckEicher] [en] — Eicher Mini Trucks","2026-10-06","passed","2026-10-06","","","",""
"","606","TC-NLP-04: Notify Me lead submits successfully on Find New Trucks","ListingPages - NewListingPages [newTrucks] [en] — Find New Trucks","2026-10-06","skipped","2026-10-06","","","",""
"","48454","TC-BGT-04: Call Now assistance lead submits successfully on Trucks Under 15 Lakh","AllLeadForm - Budget [under15Lakh] [en] — Trucks Under 15 Lakh","2026-10-06","failed","2026-10-06","","","",""
"","3363","TC-CL-01: Check Truck Price lead submits successfully on LNG Trucks","CategoryPages - CategoryListing [lng] [en] — LNG Trucks","2026-10-06","passed","2026-10-06","","","",""
"","1863","TC-TSR-03: Check Truck Price lead form rejects mobile that is not 10 digits on Tata Ace","CategoryPages - CategoryListing [tataAce] [en] — Tata Ace","2026-10-06","passed","2026-10-06","","","",""
"","449","TC-DLC-01: Talk To Dealer lead submits successfully on Truck Dealers in Ahmedabad, Gujarat","AllLeadForm - DealerCity [ahmedabad] [en] — Truck Dealers in Ahmedabad, Gujarat","2026-10-06","broken","2026-10-06","","","",""
"","1904","TC-TMO-03: Check Offers lead form rejects mobile that is not 10 digits on Select Your Truck","AllLeadForm - TabbedModelOffers [selectYourTruck] [en] — Select Your Truck","2026-10-06","passed","2026-10-06","","","",""
"","600","TC-DLB-02: Talk To Dealer lead form shows required validation when submitted empty on Ashok Leyland Truck Dealers","AllLeadForm - DealerBrand [ashokLeyland] [en] — Ashok Leyland Truck Dealers","2026-10-06","broken","2026-10-06","","","",""
"","4435","TC-PDPI-03: Check Offers lead form rejects mobile that is not 10 digits on Tata Yodha 2.0 Mileage","PDP - NewTruckInternalPages [yodhaMileage] [en] — Tata Yodha 2.0 Mileage","2026-10-06","passed","2026-10-06","","","",""
"","597","TC-CL-04: Call Now assistance lead submits successfully on 14 Wheeler","CategoryPages - CategoryListing [fourteenWheeler] [en] — 14 Wheeler","2026-10-06","skipped","2026-10-06","","","",""
"","3805","TC-PDPI-02: Check Offers lead form shows required validation when submitted empty on Tata Yodha 2.0 Mileage","PDP - NewTruckInternalPages [yodhaMileage] [en] — Tata Yodha 2.0 Mileage","2026-10-06","passed","2026-10-06","","","",""
"","3282","TC-BUS-01: lead submits successfully on Popular Buses","AllLeadForm - BusListing [popularBuses] [en] — Popular Buses","2026-10-06","passed","2026-10-06","","","",""
"","2803","TC-BGT-02: Check Truck Price lead form shows required validation when submitted empty on Trucks Under 40 Lakh","AllLeadForm - Budget [under40Lakh] [en] — Trucks Under 40 Lakh","2026-10-06","passed","2026-10-06","","","",""
"","1604","TC-TSR-02: Check Truck Price lead form shows required validation when submitted empty on Ashok Leyland Dost","CategoryPages - CategoryListing [ashokLeylandDost] [en] — Ashok Leyland Dost","2026-10-06","passed","2026-10-06","","","",""
"","5225","TC-TBR-03: Check Truck Price lead form rejects mobile that is not 10 digits on Mahindra Trucks","CategoryPages - CategoryListing [mahindraBrand] [en] — Mahindra Trucks","2026-10-06","passed","2026-10-06","","","",""
"","2825","TC-CL-02: Check Truck Price lead form shows required validation when submitted empty on Bi Fuel Trucks","CategoryPages - CategoryListing [biFuel] [en] — Bi Fuel Trucks","2026-10-06","passed","2026-10-06","","","",""
"","594","TC-TSR-04: Call Now assistance lead submits successfully on Mahindra Blazo","CategoryPages - CategoryListing [mahindraBlazo] [en] — Mahindra Blazo","2026-10-06","skipped","2026-10-06","","","",""
"","1972","TC-CL-03: Check Truck Price lead form rejects mobile that is not 10 digits on LPG Trucks","CategoryPages - CategoryListing [lpg] [en] — LPG Trucks","2026-10-06","passed","2026-10-06","","","",""
"","1472","TC-CB-02: Check Truck Price lead form shows required validation when submitted empty on Allfine E Rickshaw","AllLeadForm - CategoryBrand [eRickshawAllfine] [en] — Allfine E Rickshaw","2026-10-06","passed","2026-10-06","","","",""
"","4744","TC-CL-04: Call Now assistance lead submits successfully on Petrol Trucks","CategoryPages - CategoryListing [petrol] [en] — Petrol Trucks","2026-10-06","passed","2026-10-06","","","",""
"","550","TC-DLC-03: Talk To Dealer lead form rejects mobile that is not 10 digits on Truck Dealers in Pune, Maharashtra","AllLeadForm - DealerCity [pune] [en] — Truck Dealers in Pune, Maharashtra","2026-10-06","broken","2026-10-06","","","",""
"","1942","TC-TSR-03: Check Truck Price lead form rejects mobile that is not 10 digits on Ashok Leyland Dost","CategoryPages - CategoryListing [ashokLeylandDost] [en] — Ashok Leyland Dost","2026-10-06","passed","2026-10-06","","","",""
"","6299","TC-PDPI-05: Get On Road Price lead submits successfully on Tata Yodha 2.0 Mileage","PDP - NewTruckInternalPages [yodhaMileage] [en] — Tata Yodha 2.0 Mileage","2026-10-06","passed","2026-10-06","","","",""
"**Test Case ID:** TC-NLP-06
**Title:** Check Offers lead form shows required validation when submitted empty on Find New Trucks
**Language:** en

**Description:**
Open the Find New Trucks listing page, open Check Offers, and submit with name, mobile and city all left empty.

**Expected Result:**
The real, page-shown validation messages for name, mobile and location are displayed, and no lead is submitted.

**Steps:**
1. Open the Find New Trucks listing page
2. Click Check Offers to open its lead form
3. Leave name, mobile and city empty and submit
4. Verify all three required-field validation messages are shown","2344","TC-NLP-06: Check Offers lead form shows required validation when submitted empty on Find New Trucks","ListingPages - NewListingPages [newTrucks] [en] — Find New Trucks","2026-10-06","passed","2026-10-06","","","",""
"","2400","TC-NTPDP-03: Get Offers lead submits successfully for Tata Yodha 2.0","AllLeadForm - NewTruckPdp [mostPopular] [en] — Tata Yodha 2.0","2026-10-06","passed","2026-10-06","","","",""
"","3425","TC-ESC-04: Call Now assistance lead submits successfully on Electric 3 Wheeler","AllLeadForm - ElectricSubCategory [threeWheeler] [en] — Electric 3 Wheeler","2026-10-06","passed","2026-10-06","","","",""
"","17912","TC-PL-01: Check Truck Price lead submits successfully on 1 ton - 2.5 ton Trucks","CategoryPages - CategoryListing [ton1to2_5] [en] — 1 ton - 2.5 ton Trucks","2026-10-06","failed","2026-10-06","","","",""
"","2549","TC-CL-02: Check Truck Price lead form shows required validation when submitted empty on Tempo Traveller","CategoryPages - CategoryListing [tempoTraveller] [en] — Tempo Traveller","2026-10-06","passed","2026-10-06","","","",""
"","8024","TC-BDM-01: Talk To Dealer lead submits successfully on Body Makers","AllLeadForm - BodyMakers [en] — Body Makers","2026-10-06","passed","2026-10-06","","","",""
"","4972","TC-BBG-04: Call Now assistance lead submits successfully on Ashok Leyland Trucks Under 30 Lakh","AllLeadForm - BrandBudget [ashokLeylandUnder30Lakh] [en] — Ashok Leyland Trucks Under 30 Lakh","2026-10-06","passed","2026-10-06","","","",""
"","6140","TC-CB-01: Check Truck Price lead submits successfully on Ashok Leyland 4 Wheeler Trucks","AllLeadForm - CategoryBrand [fourWheelerAshokLeyland] [en] — Ashok Leyland 4 Wheeler Trucks","2026-10-06","passed","2026-10-06","","","",""
"","12","TC-PDPI-03: Check Offers lead form rejects mobile that is not 10 digits on Eka 3W Cargo Reviews","PDP - NewTruckInternalPages [ekaReview] [en] — Eka 3W Cargo Reviews","2026-10-06","skipped","2026-10-06","","","",""
"","2547","TC-CL-03: Check Truck Price lead form rejects mobile that is not 10 digits on Pickups","CategoryPages - CategoryListing [pickups] [en] — Pickups","2026-10-06","passed","2026-10-06","","","",""
"","1301","TC-ESC-02: Check Truck Price lead form shows required validation when submitted empty on Electric Commercial Vehicle Under 1 Lakh","AllLeadForm - ElectricSubCategory [under1Lakh] [en] — Electric Commercial Vehicle Under 1 Lakh","2026-10-06","passed","2026-10-06","","","",""
"","1096","TC-SCB-03: Talk To Dealer lead form rejects mobile that is not 10 digits on Mahindra Service Centers","AllLeadForm - ServiceCenterBrand [mahindra] [en] — Mahindra Service Centers","2026-10-06","broken","2026-10-06","","","",""
"","7018","TC-NTPDP-01: Get Offers lead opens on launch for Eka 3W Cargo","AllLeadForm - NewTruckPdp [leastPopular] [en] — Eka 3W Cargo","2026-10-06","passed","2026-10-06","","","",""
"","1949","TC-CB-02: Check Truck Price lead form shows required validation when submitted empty on Altigreen Auto Rickshaw","AllLeadForm - CategoryBrand [autoRickshawAltigreen] [en] — Altigreen Auto Rickshaw","2026-10-06","passed","2026-10-06","","","",""
"","18023","TC-BGT-01: Check Truck Price lead submits successfully on Trucks Above 40 Lakh","AllLeadForm - Budget [above40Lakh] [en] — Trucks Above 40 Lakh","2026-10-06","failed","2026-10-06","","","",""
"","5832","TC-PDPI-01: Download Brochure lead submits successfully on Tata Yodha 2.0 Brochure","PDP - NewTruckInternalPages [yodhaBrochure] [en] — Tata Yodha 2.0 Brochure","2026-10-06","passed","2026-10-06","","","",""
"","7408","TC-CL-01: Check Truck Price lead submits successfully on Tippers","CategoryPages - CategoryListing [tippers] [en] — Tippers","2026-10-06","passed","2026-10-06","","","",""
"","2117","TC-NLP-01: Check Offers lead submits successfully on Popular Truck","ListingPages - NewListingPages [popularTrucks] [en] — Popular Truck","2026-10-06","skipped","2026-10-06","","","",""
"","3082","TC-PL-04: Call Now assistance lead submits successfully on 10 ton - 20 ton Trucks","CategoryPages - CategoryListing [ton10to20] [en] — 10 ton - 20 ton Trucks","2026-10-06","passed","2026-10-06","","","",""
"","1477","TC-BUSVAR-03: Check Offers lead form rejects mobile that is not 10 digits on Tata Starbus Staff Contract 40+D AC LP 913/52 CNG","AllLeadForm - BusVariant [starbus40dAcLp913] [en] — Tata Starbus Staff Contract 40+D AC LP 913/52 CNG","2026-10-06","passed","2026-10-06","","","",""
"","3073","TC-PL-04: Call Now assistance lead submits successfully on 20 ton - 40 ton Trucks","CategoryPages - CategoryListing [ton20to40] [en] — 20 ton - 40 ton Trucks","2026-10-06","passed","2026-10-06","","","",""
"","3893","TC-CL-04: Call Now assistance lead submits successfully on LCV","CategoryPages - CategoryListing [lcv] [en] — LCV","2026-10-06","passed","2026-10-06","","","",""
"","5931","TC-LMC-04: one Check Offers lead from autoRickshaw tab submits successfully","AllLeadForm - Homepage LatestModelsByCategory [en]","2026-10-06","passed","2026-10-06","","","",""
"","3424","TC-CB-04: Call Now assistance lead submits successfully on Eicher 4 Wheeler Trucks","AllLeadForm - CategoryBrand [fourWheelerEicher] [en] — Eicher 4 Wheeler Trucks","2026-10-06","passed","2026-10-06","","","",""
"","1612","TC-CB-02: Check Truck Price lead form shows required validation when submitted empty on BharatBenz 6 Wheeler Trucks","AllLeadForm - CategoryBrand [sixWheelerBharatBenz] [en] — BharatBenz 6 Wheeler Trucks","2026-10-06","passed","2026-10-06","","","",""
"","1387","TC-BR-05: Download Brochure lead form shows required validation when submitted empty on Brochure","AllLeadForm - Brochure [en]","2026-10-06","passed","2026-10-06","","","",""
"","2350","TC-PDPI-02: Check Offers lead form shows required validation when submitted empty on Eka 3W Cargo Price in Mumbai","PDP - NewTruckInternalPages [ekaPriceMumbai] [en] — Eka 3W Cargo Price in Mumbai","2026-10-06","passed","2026-10-06","","","",""
"**Test Case ID:** TC-NLP-06
**Title:** Check Offers lead form shows required validation when submitted empty on Latest Trucks
**Language:** en

**Description:**
Open the Latest Trucks listing page, open Check Offers, and submit with name, mobile and city all left empty.

**Expected Result:**
The real, page-shown validation messages for name, mobile and location are displayed, and no lead is submitted.

**Steps:**
1. Open the Latest Trucks listing page
2. Click Check Offers to open its lead form
3. Leave name, mobile and city empty and submit
4. Verify all three required-field validation messages are shown","1853","TC-NLP-06: Check Offers lead form shows required validation when submitted empty on Latest Trucks","ListingPages - NewListingPages [latestTrucks] [en] — Latest Trucks","2026-10-06","passed","2026-10-06","","","",""
"","1669","TC-BUS-03: lead form rejects mobile that is not 10 digits on Ashok Leyland Buses","AllLeadForm - BusListing [ashokLeylandBuses] [en] — Ashok Leyland Buses","2026-10-06","passed","2026-10-06","","","",""
"","1682","TC-CB-02: Check Truck Price lead form shows required validation when submitted empty on Eicher 4 Wheeler Trucks","AllLeadForm - CategoryBrand [fourWheelerEicher] [en] — Eicher 4 Wheeler Trucks","2026-10-06","passed","2026-10-06","","","",""
"","5441","TC-TBR-02: Check Truck Price lead form shows required validation when submitted empty on Mahindra Trucks","CategoryPages - CategoryListing [mahindraBrand] [en] — Mahindra Trucks","2026-10-06","passed","2026-10-06","","","",""
"","863","TC-NTPDP-04: Get Offers lead shows validation when empty for Eka 3W Cargo","AllLeadForm - NewTruckPdp [leastPopular] [en] — Eka 3W Cargo","2026-10-06","passed","2026-10-06","","","",""
"","875","TC-SCB-02: Talk To Dealer lead form shows required validation when submitted empty on Ashok Leyland Service Centers","AllLeadForm - ServiceCenterBrand [ashokLeyland] [en] — Ashok Leyland Service Centers","2026-10-06","broken","2026-10-06","","","",""
"**Test Case ID:** TC-NLP-01
**Title:** Check Offers lead submits successfully on Best Trucks
**Language:** en

**Description:**
Open the Best Trucks listing page, click Check Offers to open its lead form, fill name, mobile and city, and submit.

**Expected Result:**
A Thank You confirmation is shown after a successful lead submission. The submitted name is tagged with a page/CTA identifier for CRM traceability.

**Steps:**
1. Open the Best Trucks listing page
2. Click Check Offers to open its lead form
3. Fill name, mobile and city
4. Submit and verify the confirmation","8621","TC-NLP-01: Check Offers lead submits successfully on Best Trucks","ListingPages - NewListingPages [bestTrucks] [en] — Best Trucks","2026-10-06","passed","2026-10-06","","","",""
"","3843","TC-BUS-01: lead submits successfully on Ashok Leyland Buses","AllLeadForm - BusListing [ashokLeylandBuses] [en] — Ashok Leyland Buses","2026-10-06","passed","2026-10-06","","","",""
"","1795","TC-BUS-03: lead form rejects mobile that is not 10 digits on Popular Buses","AllLeadForm - BusListing [popularBuses] [en] — Popular Buses","2026-10-06","passed","2026-10-06","","","",""
"","2187","TC-BGT-02: Check Truck Price lead form shows required validation when submitted empty on Trucks Under 10 Lakh","AllLeadForm - Budget [under10Lakh] [en] — Trucks Under 10 Lakh","2026-10-06","passed","2026-10-06","","","",""
"","552","TC-DBC-02: Talk To Dealer lead form shows required validation when submitted empty on Tata Truck Dealers in Pune, Maharashtra","AllLeadForm - DealerBrandCity [tataPune] [en] — Tata Truck Dealers in Pune, Maharashtra","2026-10-06","broken","2026-10-06","","","",""
"","2951","TC-PL-01: Check Truck Price lead submits successfully on 40 ton - 300 ton Trucks","CategoryPages - CategoryListing [ton40to300] [en] — 40 ton - 300 ton Trucks","2026-10-06","passed","2026-10-06","","","",""
"","1866","TC-CB-03: Check Truck Price lead form rejects mobile that is not 10 digits on Force Tempo Traveller","AllLeadForm - CategoryBrand [tempoTravellerForce] [en] — Force Tempo Traveller","2026-10-06","passed","2026-10-06","","","",""
"","1473","TC-PL-02: Check Truck Price lead form shows required validation when submitted empty on 2.5 ton - 5 ton Trucks","CategoryPages - CategoryListing [ton2_5to5] [en] — 2.5 ton - 5 ton Trucks","2026-10-06","passed","2026-10-06","","","",""
"","1695","TC-BDM-03: Talk To Dealer lead form rejects mobile that is not 10 digits on Body Makers","AllLeadForm - BodyMakers [en] — Body Makers","2026-10-06","passed","2026-10-06","","","",""
"","3212","TC-CB-01: Check Truck Price lead submits successfully on Force Tempo Traveller","AllLeadForm - CategoryBrand [tempoTravellerForce] [en] — Force Tempo Traveller","2026-10-06","passed","2026-10-06","","","",""
