"DESCRIPTION","DURATION IN MS","NAME","PARENT SUITE","START TIME","STATUS","STOP TIME","SUB SUITE","SUITE","TEST CLASS","TEST METHOD"
"**Test Case ID:** TC-TBR-02
**Title:** Check Truck Price lead form shows required validation when submitted empty on Mahindra Trucks
**Language:** en

**Description:**
Open the Mahindra Trucks page, open Check Truck Price, and submit with name, mobile and city all left empty.

**Expected Result:**
The real, page-shown validation messages for name, mobile and location are displayed, and no lead is submitted.

**Steps:**
1. Open the Mahindra Trucks page
2. Click a truck card's ""Check Truck Price"" button to open its lead form
3. Leave name, mobile and city empty and submit
4. Verify all three required-field validation messages are shown","3513","TC-TBR-02: Check Truck Price lead form shows required validation when submitted empty on Mahindra Trucks","CategoryPages - CategoryListingBrands [mahindraBrand] [en] — Mahindra Trucks","2026-08-24","passed","2026-08-24","","","",""
"**Test Case ID:** TC-LMC-10
**Title:** Check Offers lead form shows required validation when submitted empty
**Language:** en

**Description:**
On the default 3 Wheelers tab, open Check Offers and submit with name, mobile and city all left empty.

**Expected Result:**
The real, page-shown validation messages for name, mobile and location are displayed, and no lead is submitted.

**Steps:**
1. Open the default 3 Wheelers tab
2. Open Check Offers on one visible card
3. Leave name, mobile and city empty and submit
4. Verify all three required-field validation messages are shown","3924","TC-LMC-10: Check Offers lead form shows required validation when submitted empty","Homepage - LatestModelsByCategory [en]","2026-08-24","passed","2026-08-24","","","",""
"**Test Case ID:** TC-NTPDP-20
**Title:** News block for Tata Yodha 2.0
**Language:** en

**Description:**
Verify News section when present on Tata Yodha 2.0.

**Expected Result:**
News heading is visible, or skipped.

**Steps:**
1. Open PDP
2. Locate News if present","67","TC-NTPDP-20: News block for Tata Yodha 2.0","PDP - NewTruckPdp [mostPopular] [en] — Tata Yodha 2.0","2026-08-24","passed","2026-08-24","","Page blocks (same session)","",""
"**Test Case ID:** TC-NLP-02
**Title:** Check Truck Price lead submits successfully on Popular Truck
**Language:** en

**Description:**
Open the Popular Truck listing page, click Check Truck Price to open its lead form, fill name, mobile and city, and submit.

**Expected Result:**
A Thank You confirmation is shown after a successful lead submission. The submitted name is tagged with a page/CTA identifier for CRM traceability.

**Steps:**
1. Open the Popular Truck listing page
2. Click Check Truck Price to open its lead form
3. Fill name, mobile and city
4. Submit and verify the confirmation","5366","TC-NLP-02: Check Truck Price lead submits successfully on Popular Truck","ListingPages - NewListingPages [popularTrucks] [en] — Popular Truck","2026-08-24","passed","2026-08-24","","","",""
"**Test Case ID:** TC-NLP-07
**Title:** Check Offers lead form rejects mobile that is not 10 digits on BS6 Trucks
**Language:** en

**Description:**
Open the BS6 Trucks listing page, open Check Offers, fill a valid name, an invalid (5-digit) mobile number, and leave city empty, then submit.

**Expected Result:**
The real, page-shown mobile-format and location-required validation messages are displayed, and no lead is submitted.

**Steps:**
1. Open the BS6 Trucks listing page
2. Click Check Offers to open its lead form
3. Fill a valid name and an invalid mobile number
4. Submit with city left empty
5. Verify the mobile-format and location validation messages are shown","2775","TC-NLP-07: Check Offers lead form rejects mobile that is not 10 digits on BS6 Trucks","ListingPages - NewListingPages [bs6Trucks] [en] — BS6 Trucks","2026-08-24","passed","2026-08-24","","","",""
"**Test Case ID:** TC-BUS-03
**Title:** Lead form rejects mobile that is not 10 digits on SML ISUZU Buses
**Language:** en

**Description:**
Open the SML ISUZU Buses page, open the lead form via ""Check Bus Price"", fill a valid name, an invalid (5-digit) mobile number, and leave city empty, then submit.

**Expected Result:**
The bus enquiry popup rejects the invalid mobile number in real time (the field reverts to empty), and submitting shows the mobile-required and location-required validation messages, with no lead submitted.

**Steps:**
1. Open the SML ISUZU Buses page
2. Click ""Check Bus Price"" to open its lead form
3. Fill a valid name and an invalid mobile number
4. Submit with city left empty
5. Verify the mobile-required and location validation messages are shown","2084","TC-BUS-03: lead form rejects mobile that is not 10 digits on SML ISUZU Buses","Buses - BusListing [smlIsuzuBuses] [en] — SML ISUZU Buses","2026-08-24","passed","2026-08-24","","","",""
"**Test Case ID:** TC-CL-02
**Title:** Check Truck Price lead form shows required validation when submitted empty on Bi Fuel Trucks
**Language:** en

**Description:**
Open the Bi Fuel Trucks page, open Check Truck Price, and submit with name, mobile and city all left empty.

**Expected Result:**
The real, page-shown validation messages for name, mobile and location are displayed, and no lead is submitted.

**Steps:**
1. Open the Bi Fuel Trucks page
2. Click a truck card's ""Check Truck Price"" button to open its lead form
3. Leave name, mobile and city empty and submit
4. Verify all three required-field validation messages are shown","1778","TC-CL-02: Check Truck Price lead form shows required validation when submitted empty on Bi Fuel Trucks","CategoryPages - CategoryListing [biFuel] [en] — Bi Fuel Trucks","2026-08-24","passed","2026-08-24","","","",""
"**Test Case ID:** TC-TBB-04
**Title:** Last news article title navigates to news page
**Language:** hi

**Description:**
Click the last (not first) visible news article title in The Buzz Board and confirm the news article page opens.

**Expected Result:**
The browser URL matches that article’s news path for the selected language.

**Steps:**
1. Open The Buzz Board
2. Click the last visible article title
3. Verify the URL is the matching news page","2139","TC-TBB-04: last news article title navigates to news page","Homepage - TheBuzzBoard [hi]","2026-08-24","passed","2026-08-24","","","",""
"","949","TC-CL-04: Call Now assistance lead submits successfully on Tempo Traveller","CategoryPages - CategoryListing [tempoTraveller] [en] — Tempo Traveller","2026-08-24","skipped","2026-08-24","","","",""
"**Test Case ID:** TC-NTPDP-24
**Title:** FAQ block for Eka 3W Cargo
**Language:** en

**Description:**
Verify Frequently Asked Questions for Eka 3W Cargo.

**Expected Result:**
FAQ heading is visible.

**Steps:**
1. Open PDP
2. Scroll to FAQ
3. Verify heading","47","TC-NTPDP-24: FAQ block for Eka 3W Cargo","PDP - NewTruckPdp [leastPopular] [en] — Eka 3W Cargo","2026-08-24","passed","2026-08-24","","Page blocks (same session)","",""
"**Test Case ID:** TC-LMC-07
**Title:** One Check Offers lead from SCV tab submits successfully
**Language:** en

**Description:**
Open the SCV tab in Latest Models by Category, click Check Offers once, fill name/mobile/city, enter a 5-digit price/budget only if asked, and submit.

**Expected Result:**
A Thank You confirmation is shown after a successful lead submission from that tab.

**Steps:**
1. Open Latest Models by Category
2. Open the SCV tab
3. Click Check Offers on one visible card
4. Fill name, mobile and city (and 5-digit price/budget if shown)
5. Submit and verify Thank You confirmation","6081","TC-LMC-07: one Check Offers lead from SCV tab submits successfully","Homepage - LatestModelsByCategory [en]","2026-08-24","passed","2026-08-24","","","",""
"**Test Case ID:** TC-ECV-01
**Title:** Electric Commercial Vehicles section is visible
**Language:** ta

**Description:**
Open the homepage and locate the Electric Commercial Vehicles section. Confirm the section is shown with the correct heading for the selected language.

**Expected Result:**
The Electric Commercial Vehicles section is visible and the heading matches the expected localized text (for example, “Electric Commercial Vehicles” in English).

**Steps:**
1. Open the homepage for the selected language
2. Scroll to the Electric Commercial Vehicles section
3. Verify the section and heading are visible","1606","TC-ECV-01: Electric Commercial Vehicles section is visible","Homepage - ElectricCommercialVehicles [ta]","2026-08-24","passed","2026-08-24","","","",""
"**Test Case ID:** TC-VHR-02
**Title:** Contact Seller lead submits successfully on Vehicle Report
**Language:** en

**Description:**
Open the Vehicle Report page, open the shared Check Offers lead form via Contact Seller, fill name, mobile and city, and submit.

**Expected Result:**
A Thank You confirmation is shown after a successful lead submission. The submitted name is tagged with a page/CTA identifier for CRM traceability.

**Steps:**
1. Open the Vehicle Report page
2. Open the Contact Seller lead form
3. Fill name, mobile and city
4. Submit and verify Thank You confirmation","4118","TC-VHR-02: Contact Seller lead submits successfully on Vehicle Report","UsedTruck - VehicleReport [en] — Vehicle Report","2026-08-24","passed","2026-08-24","","","",""
"**Test Case ID:** TC-BUS-03
**Title:** Lead form rejects mobile that is not 10 digits on Latest Buses
**Language:** en

**Description:**
Open the Latest Buses page, open the lead form via ""Check Bus Price"", fill a valid name, an invalid (5-digit) mobile number, and leave city empty, then submit.

**Expected Result:**
The bus enquiry popup rejects the invalid mobile number in real time (the field reverts to empty), and submitting shows the mobile-required and location-required validation messages, with no lead submitted.

**Steps:**
1. Open the Latest Buses page
2. Click ""Check Bus Price"" to open its lead form
3. Fill a valid name and an invalid mobile number
4. Submit with city left empty
5. Verify the mobile-required and location validation messages are shown","1961","TC-BUS-03: lead form rejects mobile that is not 10 digits on Latest Buses","Buses - BusListing [latestBuses] [en] — Latest Buses","2026-08-24","passed","2026-08-24","","","",""
"**Test Case ID:** TC-CL-01
**Title:** Check Truck Price lead submits successfully on Diesel Trucks
**Language:** en

**Description:**
Open the Diesel Trucks page, click a truck card's ""Check Truck Price"" button to open its lead form, fill name, mobile and city, and submit.

**Expected Result:**
A Thank You confirmation is shown after a successful lead submission.

**Steps:**
1. Open the Diesel Trucks page
2. Click a truck card's ""Check Truck Price"" button to open its lead form
3. Fill name, mobile and city
4. Submit and verify Thank You confirmation","6853","TC-CL-01: Check Truck Price lead submits successfully on Diesel Trucks","CategoryPages - CategoryListing [diesel] [en] — Diesel Trucks","2026-08-24","passed","2026-08-24","","","",""
"","852","TC-CL-04: Call Now assistance lead submits successfully on 16 Wheeler","CategoryPages - CategoryListing [sixteenWheeler] [en] — 16 Wheeler","2026-08-24","skipped","2026-08-24","","","",""
"","9013","TC-LTU-00: page links resolve 200/30x; broken links are logged, not failed","Homepage - LatestTruckUpdates [ta]","2026-08-24","passed","2026-08-24","","","",""
"**Test Case ID:** TC-TBR-01
**Title:** Check Truck Price lead submits successfully on Ashok Leyland Trucks
**Language:** en

**Description:**
Open the Ashok Leyland Trucks page, click a truck card's ""Check Truck Price"" button to open its lead form, fill name, mobile and city, and submit.

**Expected Result:**
A Thank You confirmation is shown after a successful lead submission.

**Steps:**
1. Open the Ashok Leyland Trucks page
2. Click a truck card's ""Check Truck Price"" button to open its lead form
3. Fill name, mobile and city
4. Submit and verify Thank You confirmation","5949","TC-TBR-01: Check Truck Price lead submits successfully on Ashok Leyland Trucks","CategoryPages - CategoryListingBrands [ashokLeylandBrand] [en] — Ashok Leyland Trucks","2026-08-24","passed","2026-08-24","","","",""
"**Test Case ID:** TC-CL-01
**Title:** Check Truck Price lead submits successfully on LPG Trucks
**Language:** en

**Description:**
Open the LPG Trucks page, click a truck card's ""Check Truck Price"" button to open its lead form, fill name, mobile and city, and submit.

**Expected Result:**
A Thank You confirmation is shown after a successful lead submission.

**Steps:**
1. Open the LPG Trucks page
2. Click a truck card's ""Check Truck Price"" button to open its lead form
3. Fill name, mobile and city
4. Submit and verify Thank You confirmation","8655","TC-CL-01: Check Truck Price lead submits successfully on LPG Trucks","CategoryPages - CategoryListing [lpg] [en] — LPG Trucks","2026-08-24","passed","2026-08-24","","","",""
"","12128","TC-CL-00: page links resolve 200/30x; broken links are logged, not failed","CategoryPages - CategoryListing [transitMixer] [en] — Transit Mixer","2026-08-24","passed","2026-08-24","","","",""
"**Test Case ID:** TC-NLP-05
**Title:** Call Now lead submits successfully on Popular Truck
**Language:** en

**Description:**
Open the Popular Truck listing page, click Call Now to open its lead form, fill name, mobile and city, and submit.

**Expected Result:**
The assistance lead form closes after a successful submission (verified via the real submit network call). The submitted name is tagged with a page/CTA identifier for CRM traceability.

**Steps:**
1. Open the Popular Truck listing page
2. Click Call Now to open its lead form
3. Fill name, mobile and city
4. Submit and verify the confirmation","18663","TC-NLP-05: Call Now lead submits successfully on Popular Truck","ListingPages - NewListingPages [popularTrucks] [en] — Popular Truck","2026-08-24","broken","2026-08-24","","","",""
"","862","TC-NLP-04: Notify Me lead submits successfully on BS6 Trucks","ListingPages - NewListingPages [bs6Trucks] [en] — BS6 Trucks","2026-08-24","skipped","2026-08-24","","","",""
"","17232","TC-TBR-00: page links resolve 200/30x; broken links are logged, not failed","CategoryPages - CategoryListingBrands [mahindraBrand] [en] — Mahindra Trucks","2026-08-24","passed","2026-08-24","","","",""
"","12130","TC-TSR-00: page links resolve 200/30x; broken links are logged, not failed","CategoryPages - CategoryListingTruckSeries [ashokLeylandBoss] [en] — Ashok Leyland Boss","2026-08-24","passed","2026-08-24","","","",""
"","8831","TC-FRU-00: page links resolve 200/30x; broken links are logged, not failed","Homepage - FindReliableUsedTrucksNearYou [en]","2026-08-24","passed","2026-08-24","","","",""
"**Test Case ID:** TC-LMC-08
**Title:** View All on default tab opens matching category listing
**Language:** hi

**Description:**
On the default 3 Wheelers tab, click View All and confirm the user lands on the matching category listing page.

**Expected Result:**
The URL matches the View All path for 3 Wheelers (for example /en/3-wheeler in English).

**Steps:**
1. Open Latest Models by Category on the default tab
2. Click View All
3. Verify the category listing URL","3334","TC-LMC-08: View All on default tab opens matching category listing","Homepage - LatestModelsByCategory [hi]","2026-08-24","passed","2026-08-24","","","",""
"**Test Case ID:** TC-NLP-06
**Title:** Check Offers lead form shows required validation when submitted empty on Best Trucks
**Language:** en

**Description:**
Open the Best Trucks listing page, open Check Offers, and submit with name, mobile and city all left empty.

**Expected Result:**
The real, page-shown validation messages for name, mobile and location are displayed, and no lead is submitted.

**Steps:**
1. Open the Best Trucks listing page
2. Click Check Offers to open its lead form
3. Leave name, mobile and city empty and submit
4. Verify all three required-field validation messages are shown","2501","TC-NLP-06: Check Offers lead form shows required validation when submitted empty on Best Trucks","ListingPages - NewListingPages [bestTrucks] [en] — Best Trucks","2026-08-24","passed","2026-08-24","","","",""
"**Test Case ID:** TC-PTB-03
**Title:** No duplicate brand cards appear in Popular Truck Brands
**Language:** ta

**Description:**
Check that the Popular Truck Brands grid does not show the same brand more than once (by URL, title, or visible name).

**Expected Result:**
All brand card URLs, titles, and visible brand names in the section are unique — no duplicate brand appears.

**Steps:**
1. Open the Popular Truck Brands section
2. Collect brand URLs, titles and names from all cards
3. Verify each list has no duplicates","1892","TC-PTB-03: no duplicate brand cards appear in Popular Truck Brands","Homepage - PopularTruckBrands [ta]","2026-08-24","passed","2026-08-24","","","",""
"**Test Case ID:** TC-NLP-06
**Title:** Check Offers lead form shows required validation when submitted empty on Latest Trucks
**Language:** en

**Description:**
Open the Latest Trucks listing page, open Check Offers, and submit with name, mobile and city all left empty.

**Expected Result:**
The real, page-shown validation messages for name, mobile and location are displayed, and no lead is submitted.

**Steps:**
1. Open the Latest Trucks listing page
2. Click Check Offers to open its lead form
3. Leave name, mobile and city empty and submit
4. Verify all three required-field validation messages are shown","2304","TC-NLP-06: Check Offers lead form shows required validation when submitted empty on Latest Trucks","ListingPages - NewListingPages [latestTrucks] [en] — Latest Trucks","2026-08-24","passed","2026-08-24","","","",""
"**Test Case ID:** TC-PTC-05
**Title:** No visible product card links to a duplicate truck
**Language:** en

**Description:**
Confirm every visible product name in Popular Truck Comparison links to a distinct truck.

**Expected Result:**
No two visible product cards share the same href.

**Steps:**
1. Open Popular Truck Comparison
2. Verify all visible product links are unique","1086","TC-PTC-05: no visible product card links to a duplicate truck","Homepage - PopularTruckComparison [en]","2026-08-24","passed","2026-08-24","","","",""
"","16324","TC-TBR-00: page links resolve 200/30x; broken links are logged, not failed","CategoryPages - CategoryListingBrands [eicherBrand] [en] — Eicher Trucks","2026-08-24","passed","2026-08-24","","","",""
"","1372","TC-TIY-10: View All does not keep Popular URL after switching to Upcoming","Homepage - TruckInIndia [en]","2026-08-24","passed","2026-08-24","","","",""
"","10765","TC-TSR-00: page links resolve 200/30x; broken links are logged, not failed","CategoryPages - CategoryListingTruckSeries [ashokLeylandDost] [en] — Ashok Leyland Dost","2026-08-24","passed","2026-08-24","","","",""
"**Test Case ID:** TC-CL-03
**Title:** Check Truck Price lead form rejects mobile that is not 10 digits on 18 Wheeler
**Language:** en

**Description:**
Open the 18 Wheeler page, open Check Truck Price, fill a valid name, an invalid (5-digit) mobile number, and leave city empty, then submit.

**Expected Result:**
The real, page-shown mobile-format and location-required validation messages are displayed, and no lead is submitted.

**Steps:**
1. Open the 18 Wheeler page
2. Click a truck card's ""Check Truck Price"" button to open its lead form
3. Fill a valid name and an invalid mobile number
4. Submit with city left empty
5. Verify the mobile-format and location validation messages are shown","1865","TC-CL-03: Check Truck Price lead form rejects mobile that is not 10 digits on 18 Wheeler","CategoryPages - CategoryListing [eighteenWheeler] [en] — 18 Wheeler","2026-08-24","passed","2026-08-24","","","",""
"**Test Case ID:** TC-SEO-04
**Title:** Find Top Brands sample link navigates to brand page
**Language:** en

**Description:**
After expanding Read More, click the Ashok Leyland Truck link under Find Top Brands of Trucks in India and confirm the brand page opens.

**Expected Result:**
The browser URL is /en/ashok-leyland after clicking Ashok Leyland Truck.

**Steps:**
1. Open About Truck Junction and click Read More
2. Click Ashok Leyland Truck in the Top Brands SEO section
3. Verify the brand page URL","3793","TC-SEO-04: Find Top Brands sample link navigates to brand page","SEO - HomePageSeoContent [en]","2026-08-24","passed","2026-08-24","","","",""
"**Test Case ID:** TC-SEO-02
**Title:** Read More expands the About Truck Junction content
**Language:** ta

**Description:**
Click Read More on the About Truck Junction block and confirm the content expands (Read Less is shown).

**Expected Result:**
After Read More, the block is expanded and the Read Less control is visible to the user.

**Steps:**
1. Open the About Truck Junction block
2. Click Read More
3. Verify Read Less is shown","867","TC-SEO-02: Read More expands the About Truck Junction content","SEO - HomePageSeoContent [ta]","2026-08-24","passed","2026-08-24","","","",""
"**Test Case ID:** TC-NTPDP-01
**Title:** Get Offers lead opens on launch for Tata Yodha 2.0
**Language:** en

**Description:**
Open the New Truck PDP for Tata Yodha 2.0. Confirm the Get Offers lead popup appears on page load with the correct offers title.

**Expected Result:**
User sees “Check Latest Offers on Tata Yodha 2.0” with name, mobile, city fields and a Get Offers button.

**Steps:**
1. Open Tata Yodha 2.0 PDP without dismissing the launch popup
2. Verify Get Offers lead title and fields are visible","94","TC-NTPDP-01: Get Offers lead opens on launch for Tata Yodha 2.0","PDP - NewTruckPdp [mostPopular] [en] — Tata Yodha 2.0","2026-08-24","passed","2026-08-24","","","",""
"**Test Case ID:** TC-LTU-02
**Title:** First video title navigates to videos page
**Language:** ta

**Description:**
Click the first visible video title in Latest Truck Updates and confirm the videos page opens.

**Expected Result:**
The browser URL matches that video’s path for the selected language.

**Steps:**
1. Open Latest Truck Updates
2. Click the first visible video title
3. Verify the URL is the matching videos page","1886","TC-LTU-02: first video title navigates to videos page","Homepage - LatestTruckUpdates [ta]","2026-08-24","passed","2026-08-24","","","",""
"**Test Case ID:** TC-LMC-06
**Title:** One Check Offers lead from Mini Trucks tab submits successfully
**Language:** en

**Description:**
Open the Mini Trucks tab in Latest Models by Category, click Check Offers once, fill name/mobile/city, enter a 5-digit price/budget only if asked, and submit.

**Expected Result:**
A Thank You confirmation is shown after a successful lead submission from that tab.

**Steps:**
1. Open Latest Models by Category
2. Open the Mini Trucks tab
3. Click Check Offers on one visible card
4. Fill name, mobile and city (and 5-digit price/budget if shown)
5. Submit and verify Thank You confirmation","6482","TC-LMC-06: one Check Offers lead from Mini Trucks tab submits successfully","Homepage - LatestModelsByCategory [en]","2026-08-24","passed","2026-08-24","","","",""
"**Test Case ID:** TC-LTU-04
**Title:** Last video title navigates to videos page
**Language:** en

**Description:**
Click the last (not first) visible video title in Latest Truck Updates and confirm the videos page opens.

**Expected Result:**
The browser URL matches that video’s path for the selected language.

**Steps:**
1. Open Latest Truck Updates
2. Click the last visible video title
3. Verify the URL is the matching videos page","2122","TC-LTU-04: last video title navigates to videos page","Homepage - LatestTruckUpdates [en]","2026-08-24","passed","2026-08-24","","","",""
"**Test Case ID:** TC-TSR-02
**Title:** Check Truck Price lead form shows required validation when submitted empty on Tata Ace
**Language:** en

**Description:**
Open the Tata Ace page, open Check Truck Price, and submit with name, mobile and city all left empty.

**Expected Result:**
The real, page-shown validation messages for name, mobile and location are displayed, and no lead is submitted.

**Steps:**
1. Open the Tata Ace page
2. Click a truck card's ""Check Truck Price"" button to open its lead form
3. Leave name, mobile and city empty and submit
4. Verify all three required-field validation messages are shown","2071","TC-TSR-02: Check Truck Price lead form shows required validation when submitted empty on Tata Ace","CategoryPages - CategoryListingTruckSeries [tataAce] [en] — Tata Ace","2026-08-24","passed","2026-08-24","","","",""
"","7304","TC-NLP-00: page links resolve 200/30x; broken links are logged, not failed","ListingPages - NewListingPages [upcomingTrucks] [en] — Upcoming Trucks","2026-08-24","passed","2026-08-24","","","",""
"**Test Case ID:** TC-VHR-01
**Title:** Check Offers lead submits successfully on Vehicle Report
**Language:** en

**Description:**
Open the Vehicle Report page, open the shared Check Offers lead form, fill name, mobile and city, and submit.

**Expected Result:**
A Thank You confirmation is shown after a successful lead submission. The submitted name is tagged with a page/CTA identifier for CRM traceability.

**Steps:**
1. Open the Vehicle Report page
2. Open the Check Offers lead form
3. Fill name, mobile and city
4. Submit and verify Thank You confirmation","5415","TC-VHR-01: Check Offers lead submits successfully on Vehicle Report","UsedTruck - VehicleReport [en] — Vehicle Report","2026-08-24","passed","2026-08-24","","","",""
"**Test Case ID:** TC-BUS-02
**Title:** Lead form shows required validation when submitted empty on Ashok Leyland Buses
**Language:** en

**Description:**
Open the Ashok Leyland Buses page, open the lead form via ""Check Bus Price"", and submit with name, mobile and city all left empty.

**Expected Result:**
The real, page-shown validation messages for name, mobile and location are displayed, and no lead is submitted.

**Steps:**
1. Open the Ashok Leyland Buses page
2. Click ""Check Bus Price"" to open its lead form
3. Leave name, mobile and city empty and submit
4. Verify all three required-field validation messages are shown","1680","TC-BUS-02: lead form shows required validation when submitted empty on Ashok Leyland Buses","Buses - BusListing [ashokLeylandBuses] [en] — Ashok Leyland Buses","2026-08-24","passed","2026-08-24","","","",""
"**Test Case ID:** TC-CL-03
**Title:** Check Truck Price lead form rejects mobile that is not 10 digits on LPG Trucks
**Language:** en

**Description:**
Open the LPG Trucks page, open Check Truck Price, fill a valid name, an invalid (5-digit) mobile number, and leave city empty, then submit.

**Expected Result:**
The real, page-shown mobile-format and location-required validation messages are displayed, and no lead is submitted.

**Steps:**
1. Open the LPG Trucks page
2. Click a truck card's ""Check Truck Price"" button to open its lead form
3. Fill a valid name and an invalid mobile number
4. Submit with city left empty
5. Verify the mobile-format and location validation messages are shown","1820","TC-CL-03: Check Truck Price lead form rejects mobile that is not 10 digits on LPG Trucks","CategoryPages - CategoryListing [lpg] [en] — LPG Trucks","2026-08-24","passed","2026-08-24","","","",""
"","967","TC-CL-04: Call Now assistance lead submits successfully on Tippers","CategoryPages - CategoryListing [tippers] [en] — Tippers","2026-08-24","skipped","2026-08-24","","","",""
"","11047","TC-PTC-00: page links resolve 200/30x; broken links are logged, not failed","Homepage - PopularTruckComparison [ta]","2026-08-24","passed","2026-08-24","","","",""
"","1599","TC-SRT-15: clears brand selection after switching away and back to Brand tab","Homepage - SearchRightTruck [ta]","2026-08-24","passed","2026-08-24","","","",""
"**Test Case ID:** TC-CL-02
**Title:** Check Truck Price lead form shows required validation when submitted empty on SCV
**Language:** en

**Description:**
Open the SCV page, open Check Truck Price, and submit with name, mobile and city all left empty.

**Expected Result:**
The real, page-shown validation messages for name, mobile and location are displayed, and no lead is submitted.

**Steps:**
1. Open the SCV page
2. Click a truck card's ""Check Truck Price"" button to open its lead form
3. Leave name, mobile and city empty and submit
4. Verify all three required-field validation messages are shown","1826","TC-CL-02: Check Truck Price lead form shows required validation when submitted empty on SCV","CategoryPages - CategoryListing [scv] [en] — SCV","2026-08-24","passed","2026-08-24","","","",""
"**Test Case ID:** TC-BUS-02
**Title:** Lead form shows required validation when submitted empty on Tata Buses
**Language:** en

**Description:**
Open the Tata Buses page, open the lead form via ""Check Bus Price"", and submit with name, mobile and city all left empty.

**Expected Result:**
The real, page-shown validation messages for name, mobile and location are displayed, and no lead is submitted.

**Steps:**
1. Open the Tata Buses page
2. Click ""Check Bus Price"" to open its lead form
3. Leave name, mobile and city empty and submit
4. Verify all three required-field validation messages are shown","3795","TC-BUS-02: lead form shows required validation when submitted empty on Tata Buses","Buses - BusListing [tataBuses] [en] — Tata Buses","2026-08-24","passed","2026-08-24","","","",""
"","9993","TC-BUT-00: page links resolve 200/30x; broken links are logged, not failed","UsedTruck - BuyUsedTrucks [en] — Buy Used Trucks","2026-08-24","passed","2026-08-24","","","",""
"**Test Case ID:** TC-CL-04
**Title:** Call Now assistance lead submits successfully on LNG Trucks
**Language:** en

**Description:**
Open the LNG Trucks page, click the ""Still confused?"" widget's Call Now button to open the assistance lead form, fill model, name, mobile and city, and submit.

**Expected Result:**
The assistance form closes after a successful submission.

**Steps:**
1. Open the LNG Trucks page
2. Click Call Now to open the assistance lead form
3. Fill model, name, mobile and city
4. Submit and verify the assistance form closes","5404","TC-CL-04: Call Now assistance lead submits successfully on LNG Trucks","CategoryPages - CategoryListing [lng] [en] — LNG Trucks","2026-08-24","passed","2026-08-24","","","",""
"**Test Case ID:** TC-NTPDP-02
**Title:** Get Offers lead closes via Cross for Tata Yodha 2.0
**Language:** en

**Description:**
Close the thank-you / lead overlay on Tata Yodha 2.0 PDP using the Cross (Close) control.

**Expected Result:**
The overlay disappears and the product page content is usable.

**Steps:**
1. After thank-you from lead submit
2. Click Close (×)
3. Verify the page hero is usable","1905","TC-NTPDP-02: Get Offers lead closes via Cross for Tata Yodha 2.0","PDP - NewTruckPdp [mostPopular] [en] — Tata Yodha 2.0","2026-08-24","passed","2026-08-24","","","",""
"**Test Case ID:** TC-ECV-03
**Title:** One Check Offers lead submits successfully
**Language:** hi

**Description:**
Open Check Offers once from a card in Electric Commercial Vehicles, fill name, mobile and city, and submit. Only one lead form is exercised for this section.

**Expected Result:**
A Thank You confirmation is shown after a successful lead submission (same outcome users see after Check Offers elsewhere on the homepage).

**Steps:**
1. Open Electric Commercial Vehicles
2. Click Check Offers on one visible card
3. Fill name, mobile and city
4. Submit and verify Thank You confirmation","5481","TC-ECV-03: one Check Offers lead submits successfully","Homepage - ElectricCommercialVehicles [hi]","2026-08-24","passed","2026-08-24","","","",""
"**Test Case ID:** TC-NTPDP-01
**Title:** Get Offers lead opens on launch for Eka 3W Cargo
**Language:** en

**Description:**
Open the New Truck PDP for Eka 3W Cargo. Confirm the Get Offers lead popup appears on page load with the correct offers title.

**Expected Result:**
User sees “Check Latest Offers on Eka 3W Cargo” with name, mobile, city fields and a Get Offers button.

**Steps:**
1. Open Eka 3W Cargo PDP without dismissing the launch popup
2. Verify Get Offers lead title and fields are visible","78","TC-NTPDP-01: Get Offers lead opens on launch for Eka 3W Cargo","PDP - NewTruckPdp [leastPopular] [en] — Eka 3W Cargo","2026-08-24","passed","2026-08-24","","","",""
"**Test Case ID:** TC-CL-03
**Title:** Check Truck Price lead form rejects mobile that is not 10 digits on CNG Trucks
**Language:** en

**Description:**
Open the CNG Trucks page, open Check Truck Price, fill a valid name, an invalid (5-digit) mobile number, and leave city empty, then submit.

**Expected Result:**
The real, page-shown mobile-format and location-required validation messages are displayed, and no lead is submitted.

**Steps:**
1. Open the CNG Trucks page
2. Click a truck card's ""Check Truck Price"" button to open its lead form
3. Fill a valid name and an invalid mobile number
4. Submit with city left empty
5. Verify the mobile-format and location validation messages are shown","3189","TC-CL-03: Check Truck Price lead form rejects mobile that is not 10 digits on CNG Trucks","CategoryPages - CategoryListing [cng] [en] — CNG Trucks","2026-08-24","passed","2026-08-24","","","",""
"","2075","TC-SRT-01: Search The Right Truck section shows tabs, fields and Brand active by default","Homepage - SearchRightTruck [ta]","2026-08-24","passed","2026-08-24","","","",""
"**Test Case ID:** TC-TBR-03
**Title:** Check Truck Price lead form rejects mobile that is not 10 digits on Eicher Trucks
**Language:** en

**Description:**
Open the Eicher Trucks page, open Check Truck Price, fill a valid name, an invalid (5-digit) mobile number, and leave city empty, then submit.

**Expected Result:**
The real, page-shown mobile-format and location-required validation messages are displayed, and no lead is submitted.

**Steps:**
1. Open the Eicher Trucks page
2. Click a truck card's ""Check Truck Price"" button to open its lead form
3. Fill a valid name and an invalid mobile number
4. Submit with city left empty
5. Verify the mobile-format and location validation messages are shown","3250","TC-TBR-03: Check Truck Price lead form rejects mobile that is not 10 digits on Eicher Trucks","CategoryPages - CategoryListingBrands [eicherBrand] [en] — Eicher Trucks","2026-08-24","passed","2026-08-24","","","",""
"","1333","TC-TIY-02: Popular, Latest and Upcoming tabs are visible with Popular active by default","Homepage - TruckInIndia [en]","2026-08-24","passed","2026-08-24","","","",""
"**Test Case ID:** TC-BUS-02
**Title:** Lead form shows required validation when submitted empty on Mahindra Buses
**Language:** en

**Description:**
Open the Mahindra Buses page, open the lead form via ""Check Bus Price"", and submit with name, mobile and city all left empty.

**Expected Result:**
The real, page-shown validation messages for name, mobile and location are displayed, and no lead is submitted.

**Steps:**
1. Open the Mahindra Buses page
2. Click ""Check Bus Price"" to open its lead form
3. Leave name, mobile and city empty and submit
4. Verify all three required-field validation messages are shown","1775","TC-BUS-02: lead form shows required validation when submitted empty on Mahindra Buses","Buses - BusListing [mahindraBuses] [en] — Mahindra Buses","2026-08-24","passed","2026-08-24","","","",""
"**Test Case ID:** TC-CL-02
**Title:** Check Truck Price lead form shows required validation when submitted empty on Trailers
**Language:** en

**Description:**
Open the Trailers page, open Check Truck Price, and submit with name, mobile and city all left empty.

**Expected Result:**
The real, page-shown validation messages for name, mobile and location are displayed, and no lead is submitted.

**Steps:**
1. Open the Trailers page
2. Click a truck card's ""Check Truck Price"" button to open its lead form
3. Leave name, mobile and city empty and submit
4. Verify all three required-field validation messages are shown","1963","TC-CL-02: Check Truck Price lead form shows required validation when submitted empty on Trailers","CategoryPages - CategoryListing [trailers] [en] — Trailers","2026-08-24","passed","2026-08-24","","","",""
"**Test Case ID:** TC-LTU-04
**Title:** Last video title navigates to videos page
**Language:** hi

**Description:**
Click the last (not first) visible video title in Latest Truck Updates and confirm the videos page opens.

**Expected Result:**
The browser URL matches that video’s path for the selected language.

**Steps:**
1. Open Latest Truck Updates
2. Click the last visible video title
3. Verify the URL is the matching videos page","1960","TC-LTU-04: last video title navigates to videos page","Homepage - LatestTruckUpdates [hi]","2026-08-24","passed","2026-08-24","","","",""
"**Test Case ID:** TC-LMC-02
**Title:** First product name on default tab navigates to truck PDP
**Language:** ta

**Description:**
On the default category tab, click the first visible truck product name and confirm the truck product detail page opens.

**Expected Result:**
The browser URL matches that product’s truck PDP path for the selected language.

**Steps:**
1. Open Latest Models by Category
2. Click the first visible product name on the active tab
3. Verify the URL is the matching truck PDP","16960","TC-LMC-02: first product name on default tab navigates to truck PDP","Homepage - LatestModelsByCategory [ta]","2026-08-24","broken","2026-08-24","","","",""
"**Test Case ID:** TC-CVP-03
**Title:** Check Offers lead form shows required validation when submitted empty on CV Permit
**Language:** en

**Description:**
Open the CV Permit page, open Check Offers, and submit with name, mobile and city all left empty.

**Expected Result:**
The real, page-shown validation messages for name, mobile and location are displayed, and no lead is submitted.

**Steps:**
1. Open the CV Permit page
2. Open the Check Offers lead form
3. Leave name, mobile and city empty and submit
4. Verify all three required-field validation messages are shown","1782","TC-CVP-03: Check Offers lead form shows required validation when submitted empty on CV Permit","UsedTruck - CvPermit [en] — CV Permit","2026-08-24","passed","2026-08-24","","","",""
"**Test Case ID:** TC-TSR-02
**Title:** Check Truck Price lead form shows required validation when submitted empty on Ashok Leyland Dost
**Language:** en

**Description:**
Open the Ashok Leyland Dost page, open Check Truck Price, and submit with name, mobile and city all left empty.

**Expected Result:**
The real, page-shown validation messages for name, mobile and location are displayed, and no lead is submitted.

**Steps:**
1. Open the Ashok Leyland Dost page
2. Click a truck card's ""Check Truck Price"" button to open its lead form
3. Leave name, mobile and city empty and submit
4. Verify all three required-field validation messages are shown","1830","TC-TSR-02: Check Truck Price lead form shows required validation when submitted empty on Ashok Leyland Dost","CategoryPages - CategoryListingTruckSeries [ashokLeylandDost] [en] — Ashok Leyland Dost","2026-08-24","passed","2026-08-24","","","",""
"**Test Case ID:** TC-CL-03
**Title:** Check Truck Price lead form rejects mobile that is not 10 digits on 3 Wheeler
**Language:** en

**Description:**
Open the 3 Wheeler page, open Check Truck Price, fill a valid name, an invalid (5-digit) mobile number, and leave city empty, then submit.

**Expected Result:**
The real, page-shown mobile-format and location-required validation messages are displayed, and no lead is submitted.

**Steps:**
1. Open the 3 Wheeler page
2. Click a truck card's ""Check Truck Price"" button to open its lead form
3. Fill a valid name and an invalid mobile number
4. Submit with city left empty
5. Verify the mobile-format and location validation messages are shown","2853","TC-CL-03: Check Truck Price lead form rejects mobile that is not 10 digits on 3 Wheeler","CategoryPages - CategoryListing [threeWheeler] [en] — 3 Wheeler","2026-08-24","passed","2026-08-24","","","",""
"","23283","TC-SRT-02: Verify Only Brand selection navigates to brand page","Homepage - SearchRightTruck [ta]","2026-08-24","passed","2026-08-24","","","",""
"","6","TC-NTPDP-18: Find Perfect Truck block for Eka 3W Cargo","PDP - NewTruckPdp [leastPopular] [en] — Eka 3W Cargo","2026-08-24","skipped","2026-08-24","","Page blocks (same session)","",""
"**Test Case ID:** TC-NTPDP-19
**Title:** Reviews block for Tata Yodha 2.0
**Language:** en

**Description:**
Verify User Reviews / Reviews for Tata Yodha 2.0.

**Expected Result:**
Reviews heading is visible.

**Steps:**
1. Open PDP
2. Scroll to Reviews
3. Verify heading","97","TC-NTPDP-19: Reviews block for Tata Yodha 2.0","PDP - NewTruckPdp [mostPopular] [en] — Tata Yodha 2.0","2026-08-24","passed","2026-08-24","","Page blocks (same session)","",""
"**Test Case ID:** TC-TYR-02
**Title:** Lead form shows required validation when submitted empty on Tyres
**Language:** en

**Description:**
Open the Tyres page, open the lead form via ""View August Offer"", and submit with name, mobile and city all left empty.

**Expected Result:**
The real, page-shown validation messages for name, mobile and location are displayed, and no lead is submitted.

**Steps:**
1. Open the Tyres page
2. Click a tyre card's ""View August Offer"" button to open its lead form
3. Leave name, mobile and city empty and submit
4. Verify all three required-field validation messages are shown","1291","TC-TYR-02: lead form shows required validation when submitted empty on Tyres","UtilityPages - Tyres [en] — Tyres","2026-08-24","passed","2026-08-24","","","",""
"**Test Case ID:** TC-LTU-03
**Title:** No visible video card links to a duplicate video
**Language:** hi

**Description:**
Confirm every visible video title in Latest Truck Updates links to a distinct video.

**Expected Result:**
No two visible video cards share the same href.

**Steps:**
1. Open Latest Truck Updates
2. Verify all visible video links are unique","1615","TC-LTU-03: no visible video card links to a duplicate video","Homepage - LatestTruckUpdates [hi]","2026-08-24","passed","2026-08-24","","","",""
"","2875","TC-TIY-13: Latest tab has no duplicate truck cards","Homepage - TruckInIndia [en]","2026-08-24","passed","2026-08-24","","","",""
"**Test Case ID:** TC-NTPDP-12
**Title:** Compare Alternatives block for Tata Yodha 2.0
**Language:** en

**Description:**
Verify Compare with Alternative section for Tata Yodha 2.0.

**Expected Result:**
Compare Alternatives heading is visible.

**Steps:**
1. Open PDP
2. Scroll to Compare Alternatives
3. Verify heading","69","TC-NTPDP-12: Compare Alternatives block for Tata Yodha 2.0","PDP - NewTruckPdp [mostPopular] [en] — Tata Yodha 2.0","2026-08-24","passed","2026-08-24","","Page blocks (same session)","",""
"","1224","TC-SRT-09: shows budget/brand error when Search is clicked with no budget selected","Homepage - SearchRightTruck [ta]","2026-08-24","passed","2026-08-24","","","",""
"**Test Case ID:** TC-VHR-04
**Title:** Check Offers lead form shows required validation when submitted empty on Vehicle Report
**Language:** en

**Description:**
Open the Vehicle Report page, open Check Offers, and submit with name, mobile and city all left empty.

**Expected Result:**
The real, page-shown validation messages for name, mobile and location are displayed, and no lead is submitted.

**Steps:**
1. Open the Vehicle Report page
2. Open the Check Offers lead form
3. Leave name, mobile and city empty and submit
4. Verify all three required-field validation messages are shown","2166","TC-VHR-04: Check Offers lead form shows required validation when submitted empty on Vehicle Report","UsedTruck - VehicleReport [en] — Vehicle Report","2026-08-24","passed","2026-08-24","","","",""
"**Test Case ID:** TC-TBR-03
**Title:** Check Truck Price lead form rejects mobile that is not 10 digits on Mahindra Trucks
**Language:** en

**Description:**
Open the Mahindra Trucks page, open Check Truck Price, fill a valid name, an invalid (5-digit) mobile number, and leave city empty, then submit.

**Expected Result:**
The real, page-shown mobile-format and location-required validation messages are displayed, and no lead is submitted.

**Steps:**
1. Open the Mahindra Trucks page
2. Click a truck card's ""Check Truck Price"" button to open its lead form
3. Fill a valid name and an invalid mobile number
4. Submit with city left empty
5. Verify the mobile-format and location validation messages are shown","7847","TC-TBR-03: Check Truck Price lead form rejects mobile that is not 10 digits on Mahindra Trucks","CategoryPages - CategoryListingBrands [mahindraBrand] [en] — Mahindra Trucks","2026-08-24","passed","2026-08-24","","","",""
"","12135","TC-CL-00: page links resolve 200/30x; broken links are logged, not failed","CategoryPages - CategoryListing [autoRickshaw] [en] — Auto Rickshaw","2026-08-24","passed","2026-08-24","","","",""
"**Test Case ID:** TC-PTB-02
**Title:** All popular brand cards show name, logo, title and brand URL
**Language:** ta

**Description:**
In the Popular Truck Brands section, verify every expected brand card displays the brand name, logo image, accessible title, and link to that brand’s page.

**Expected Result:**
Each brand from test data appears once with the correct visible name, logo, title attribute, and href pointing to the brand page for that language.

**Steps:**
1. Open the Popular Truck Brands section
2. For each expected brand, verify name, logo, title and URL
3. Confirm the total number of brand cards matches test data","16872","TC-PTB-02: all popular brand cards show name, logo, title and brand URL","Homepage - PopularTruckBrands [ta]","2026-08-24","failed","2026-08-24","","","",""
"**Test Case ID:** TC-TBB-02
**Title:** First news article title navigates to news page
**Language:** en

**Description:**
Click the first visible news article title in The Buzz Board and confirm the news article page opens.

**Expected Result:**
The browser URL matches that article’s news path for the selected language.

**Steps:**
1. Open The Buzz Board
2. Click the first visible article title
3. Verify the URL is the matching news page","2505","TC-TBB-02: first news article title navigates to news page","Homepage - TheBuzzBoard [en]","2026-08-24","passed","2026-08-24","","","",""
"**Test Case ID:** TC-VHR-03
**Title:** Check Vehicle Report lead requests OTP successfully on Vehicle Report
**Language:** en

**Description:**
Open the Vehicle Report page, enter a sample vehicle registration number, click Check Vehicle Report to open its Get Information lead form (a distinct form from Check Offers), fill name, mobile and truck brand, and submit. This form is OTP-gated — there is no configured test OTP in this repo, so completion is verified up to the OTP screen, not full end-to-end submission.

**Expected Result:**
An OTP verification screen (with an Enter OTP field) appears, confirming the lead request succeeded. The submitted name is tagged with a page/CTA identifier for CRM traceability.

**Steps:**
1. Open the Vehicle Report page
2. Enter a sample vehicle registration number
3. Click Check Vehicle Report to open its lead form
4. Fill name, mobile and truck brand
5. Submit and verify the OTP screen appears","2958","TC-VHR-03: Check Vehicle Report lead requests OTP successfully on Vehicle Report","UsedTruck - VehicleReport [en] — Vehicle Report","2026-08-24","passed","2026-08-24","","","",""
"","6162","TC-ECH-00: page links resolve 200/30x; broken links are logged, not failed","UsedTruck - EChallan [en] — E Challan","2026-08-24","passed","2026-08-24","","","",""
"","11859","TC-NLP-00: page links resolve 200/30x; broken links are logged, not failed","ListingPages - NewListingPages [bs6Trucks] [en] — BS6 Trucks","2026-08-24","passed","2026-08-24","","","",""
"**Test Case ID:** TC-NTPDP-22
**Title:** Electric Vehicle Videos for Eka 3W Cargo
**Language:** en

**Description:**
Verify Electric Vehicle Videos when present on Eka 3W Cargo.

**Expected Result:**
Electric Vehicle Videos heading is visible, or skipped.

**Steps:**
1. Open PDP
2. Locate EV Videos if present","39","TC-NTPDP-22: Electric Vehicle Videos for Eka 3W Cargo","PDP - NewTruckPdp [leastPopular] [en] — Eka 3W Cargo","2026-08-24","passed","2026-08-24","","Page blocks (same session)","",""
"**Test Case ID:** TC-EV-03
**Title:** Check Truck Price lead form shows required validation when submitted empty on Electric Commercial Vehicles
**Language:** en

**Description:**
Open the Electric Commercial Vehicles page, open Check Truck Price on a truck card, and submit with name, mobile and city all left empty.

**Expected Result:**
The real, page-shown validation messages for name, mobile and location are displayed, and no lead is submitted.

**Steps:**
1. Open the Electric Commercial Vehicles page
2. Click a truck card's ""Check Truck Price"" button to open its lead form
3. Leave name, mobile and city empty and submit
4. Verify all three required-field validation messages are shown","2371","TC-EV-03: Check Truck Price lead form shows required validation when submitted empty on Electric Commercial Vehicles","CategoryPages - ElectricVehicle [en] — Electric Commercial Vehicles","2026-08-24","passed","2026-08-24","","","",""
"**Test Case ID:** TC-BUT-01
**Title:** Contact Seller lead submits successfully on Buy Used Trucks
**Language:** en

**Description:**
Open the Buy Used Trucks page, open the per-listing ""Get Seller Details"" lead form via Contact Seller on a visible truck card, fill name, mobile and city, and submit.

**Expected Result:**
A Thank You confirmation is shown after a successful lead submission. The submitted name is tagged with a page/CTA identifier for CRM traceability.

**Steps:**
1. Open the Buy Used Trucks page
2. Open the Contact Seller lead form from a visible card
3. Fill name, mobile and city
4. Submit and verify Thank You confirmation","5012","TC-BUT-01: Contact Seller lead submits successfully on Buy Used Trucks","UsedTruck - BuyUsedTrucks [en] — Buy Used Trucks","2026-08-24","passed","2026-08-24","","","",""
"**Test Case ID:** TC-CL-02
**Title:** Check Truck Price lead form shows required validation when submitted empty on Hydrogen Trucks
**Language:** en

**Description:**
Open the Hydrogen Trucks page, open Check Truck Price, and submit with name, mobile and city all left empty.

**Expected Result:**
The real, page-shown validation messages for name, mobile and location are displayed, and no lead is submitted.

**Steps:**
1. Open the Hydrogen Trucks page
2. Click a truck card's ""Check Truck Price"" button to open its lead form
3. Leave name, mobile and city empty and submit
4. Verify all three required-field validation messages are shown","1851","TC-CL-02: Check Truck Price lead form shows required validation when submitted empty on Hydrogen Trucks","CategoryPages - CategoryListing [hydrogen] [en] — Hydrogen Trucks","2026-08-24","passed","2026-08-24","","","",""
"","14159","TC-TBB-00: page links resolve 200/30x; broken links are logged, not failed","Homepage - TheBuzzBoard [en]","2026-08-24","passed","2026-08-24","","","",""
"","3499","TC-TIY-21: Check Offers lead form rejects mobile that is not 10 digits","Homepage - TruckInIndia [en]","2026-08-24","passed","2026-08-24","","","",""
"**Test Case ID:** TC-CL-04
**Title:** Call Now assistance lead submits successfully on LCV
**Language:** en

**Description:**
Open the LCV page, click the ""Still confused?"" widget's Call Now button to open the assistance lead form, fill model, name, mobile and city, and submit.

**Expected Result:**
The assistance form closes after a successful submission.

**Steps:**
1. Open the LCV page
2. Click Call Now to open the assistance lead form
3. Fill model, name, mobile and city
4. Submit and verify the assistance form closes","6272","TC-CL-04: Call Now assistance lead submits successfully on LCV","CategoryPages - CategoryListing [lcv] [en] — LCV","2026-08-24","passed","2026-08-24","","","",""
"**Test Case ID:** TC-FRU-05
**Title:** Last city link navigates to used trucks in that city
**Language:** hi

**Description:**
Click the last (not first) city in Find Reliable Used Trucks Near You and confirm the used-trucks-in-city listing opens.

**Expected Result:**
The browser URL matches that city’s used-truck-in listing for the selected language.

**Steps:**
1. Open Find Reliable Used Trucks Near You
2. Click the last city link
3. Verify the city used-trucks listing URL","2769","TC-FRU-05: last city link navigates to used trucks in that city","Homepage - FindReliableUsedTrucksNearYou [hi]","2026-08-24","passed","2026-08-24","","","",""
"**Test Case ID:** TC-CL-01
**Title:** Check Truck Price lead submits successfully on Hydrogen Trucks
**Language:** en

**Description:**
Open the Hydrogen Trucks page, click a truck card's ""Check Truck Price"" button to open its lead form, fill name, mobile and city, and submit.

**Expected Result:**
A Thank You confirmation is shown after a successful lead submission.

**Steps:**
1. Open the Hydrogen Trucks page
2. Click a truck card's ""Check Truck Price"" button to open its lead form
3. Fill name, mobile and city
4. Submit and verify Thank You confirmation","8416","TC-CL-01: Check Truck Price lead submits successfully on Hydrogen Trucks","CategoryPages - CategoryListing [hydrogen] [en] — Hydrogen Trucks","2026-08-24","passed","2026-08-24","","","",""
"**Test Case ID:** TC-CL-01
**Title:** Check Truck Price lead submits successfully on 4 Wheeler
**Language:** en

**Description:**
Open the 4 Wheeler page, click a truck card's ""Check Truck Price"" button to open its lead form, fill name, mobile and city, and submit.

**Expected Result:**
A Thank You confirmation is shown after a successful lead submission.

**Steps:**
1. Open the 4 Wheeler page
2. Click a truck card's ""Check Truck Price"" button to open its lead form
3. Fill name, mobile and city
4. Submit and verify Thank You confirmation","7861","TC-CL-01: Check Truck Price lead submits successfully on 4 Wheeler","CategoryPages - CategoryListing [fourWheeler] [en] — 4 Wheeler","2026-08-24","passed","2026-08-24","","","",""
"**Test Case ID:** TC-PSH-02
**Title:** First used-truck product name navigates to used PDP
**Language:** hi

**Description:**
Click the first visible used-truck product name in Popular Second Hand Truck and confirm the used-truck detail page opens.

**Expected Result:**
The browser URL matches that listing’s used-truck PDP path for the selected language.

**Steps:**
1. Open Popular Second Hand Truck
2. Click the first visible product name
3. Verify the URL is the matching used-truck PDP","2314","TC-PSH-02: first used-truck product name navigates to used PDP","Homepage - PopularSecondHandTruck [hi]","2026-08-24","passed","2026-08-24","","","",""
"**Test Case ID:** TC-CL-03
**Title:** Check Truck Price lead form rejects mobile that is not 10 digits on 12 Wheeler
**Language:** en

**Description:**
Open the 12 Wheeler page, open Check Truck Price, fill a valid name, an invalid (5-digit) mobile number, and leave city empty, then submit.

**Expected Result:**
The real, page-shown mobile-format and location-required validation messages are displayed, and no lead is submitted.

**Steps:**
1. Open the 12 Wheeler page
2. Click a truck card's ""Check Truck Price"" button to open its lead form
3. Fill a valid name and an invalid mobile number
4. Submit with city left empty
5. Verify the mobile-format and location validation messages are shown","7036","TC-CL-03: Check Truck Price lead form rejects mobile that is not 10 digits on 12 Wheeler","CategoryPages - CategoryListing [twelveWheeler] [en] — 12 Wheeler","2026-08-24","passed","2026-08-24","","","",""
"**Test Case ID:** TC-SEO-05
**Title:** Read Less is not shown before the About Truck Junction content is expanded
**Language:** ta

**Description:**
Confirm the Read Less control is not present while the block is still collapsed.

**Expected Result:**
Read Less does not exist until Read More has been clicked.

**Steps:**
1. Open the About Truck Junction block
2. Verify Read Less is not shown yet","728","TC-SEO-05: Read Less is not shown before the About Truck Junction content is expanded","SEO - HomePageSeoContent [ta]","2026-08-24","passed","2026-08-24","","","",""
"**Test Case ID:** TC-NTPDP-06
**Title:** Hero heading and primary CTAs for Tata Yodha 2.0
**Language:** en

**Description:**
Confirm the product H1 and primary CTAs (Get On Road Price, Check Offers) on Tata Yodha 2.0.

**Expected Result:**
H1 matches the product name; Get On Road Price and Check Offers are visible.

**Steps:**
1. Open PDP and close launch lead
2. Verify H1
3. Verify Get On Road Price and Check Offers","256","TC-NTPDP-06: Hero heading and primary CTAs for Tata Yodha 2.0","PDP - NewTruckPdp [mostPopular] [en] — Tata Yodha 2.0","2026-08-24","passed","2026-08-24","","Page blocks (same session)","",""
"**Test Case ID:** TC-LMC-07
**Title:** One Check Offers lead from एससीवी tab submits successfully
**Language:** hi

**Description:**
Open the एससीवी tab in Latest Models by Category, click Check Offers once, fill name/mobile/city, enter a 5-digit price/budget only if asked, and submit.

**Expected Result:**
A Thank You confirmation is shown after a successful lead submission from that tab.

**Steps:**
1. Open Latest Models by Category
2. Open the एससीवी tab
3. Click Check Offers on one visible card
4. Fill name, mobile and city (and 5-digit price/budget if shown)
5. Submit and verify Thank You confirmation","8379","TC-LMC-07: one Check Offers lead from एससीवी tab submits successfully","Homepage - LatestModelsByCategory [hi]","2026-08-24","passed","2026-08-24","","","",""
"**Test Case ID:** TC-TBB-03
**Title:** No visible article card links to a duplicate news article
**Language:** hi

**Description:**
Confirm every visible article title in The Buzz Board links to a distinct news article.

**Expected Result:**
No two visible article cards share the same href.

**Steps:**
1. Open The Buzz Board
2. Verify all visible article links are unique","919","TC-TBB-03: no visible article card links to a duplicate news article","Homepage - TheBuzzBoard [hi]","2026-08-24","passed","2026-08-24","","","",""
"","9262","TC-CL-00: page links resolve 200/30x; broken links are logged, not failed","CategoryPages - CategoryListing [biFuel] [en] — Bi Fuel Trucks","2026-08-24","passed","2026-08-24","","","",""
"**Test Case ID:** TC-CL-03
**Title:** Check Truck Price lead form rejects mobile that is not 10 digits on 16 Wheeler
**Language:** en

**Description:**
Open the 16 Wheeler page, open Check Truck Price, fill a valid name, an invalid (5-digit) mobile number, and leave city empty, then submit.

**Expected Result:**
The real, page-shown mobile-format and location-required validation messages are displayed, and no lead is submitted.

**Steps:**
1. Open the 16 Wheeler page
2. Click a truck card's ""Check Truck Price"" button to open its lead form
3. Fill a valid name and an invalid mobile number
4. Submit with city left empty
5. Verify the mobile-format and location validation messages are shown","2653","TC-CL-03: Check Truck Price lead form rejects mobile that is not 10 digits on 16 Wheeler","CategoryPages - CategoryListing [sixteenWheeler] [en] — 16 Wheeler","2026-08-24","passed","2026-08-24","","","",""
"**Test Case ID:** TC-PTB-01
**Title:** Popular Truck Brands section is visible with heading
**Language:** en

**Description:**
Open the homepage and locate the Popular Truck Brands section. Confirm the section is shown to the user with the correct section heading for the selected language.

**Expected Result:**
The Popular Truck Brands section is visible and the heading text matches the expected localized heading (for example, “Popular Truck Brands” in English).

**Steps:**
1. Open the homepage for the selected language
2. Scroll to the Popular Truck Brands section
3. Verify the section and heading are visible","2744","TC-PTB-01: Popular Truck Brands section is visible with heading","Homepage - PopularTruckBrands [en]","2026-08-24","passed","2026-08-24","","","",""
"**Test Case ID:** TC-CL-02
**Title:** Check Truck Price lead form shows required validation when submitted empty on 12 Wheeler
**Language:** en

**Description:**
Open the 12 Wheeler page, open Check Truck Price, and submit with name, mobile and city all left empty.

**Expected Result:**
The real, page-shown validation messages for name, mobile and location are displayed, and no lead is submitted.

**Steps:**
1. Open the 12 Wheeler page
2. Click a truck card's ""Check Truck Price"" button to open its lead form
3. Leave name, mobile and city empty and submit
4. Verify all three required-field validation messages are shown","1900","TC-CL-02: Check Truck Price lead form shows required validation when submitted empty on 12 Wheeler","CategoryPages - CategoryListing [twelveWheeler] [en] — 12 Wheeler","2026-08-24","passed","2026-08-24","","","",""
"**Test Case ID:** TC-NTPDP-19
**Title:** Reviews block for Eka 3W Cargo
**Language:** en

**Description:**
Verify User Reviews / Reviews for Eka 3W Cargo.

**Expected Result:**
Reviews heading is visible.

**Steps:**
1. Open PDP
2. Scroll to Reviews
3. Verify heading","51","TC-NTPDP-19: Reviews block for Eka 3W Cargo","PDP - NewTruckPdp [leastPopular] [en] — Eka 3W Cargo","2026-08-24","passed","2026-08-24","","Page blocks (same session)","",""
"","1013","TC-NLP-03: Contact Seller lead submits successfully on BS6 Trucks","ListingPages - NewListingPages [bs6Trucks] [en] — BS6 Trucks","2026-08-24","skipped","2026-08-24","","","",""
"","1768","TC-SRT-14: lists expected budget ranges with localized labels","Homepage - SearchRightTruck [hi]","2026-08-24","passed","2026-08-24","","","",""
"**Test Case ID:** TC-ECV-01
**Title:** Electric Commercial Vehicles section is visible
**Language:** en

**Description:**
Open the homepage and locate the Electric Commercial Vehicles section. Confirm the section is shown with the correct heading for the selected language.

**Expected Result:**
The Electric Commercial Vehicles section is visible and the heading matches the expected localized text (for example, “Electric Commercial Vehicles” in English).

**Steps:**
1. Open the homepage for the selected language
2. Scroll to the Electric Commercial Vehicles section
3. Verify the section and heading are visible","2257","TC-ECV-01: Electric Commercial Vehicles section is visible","Homepage - ElectricCommercialVehicles [en]","2026-08-24","passed","2026-08-24","","","",""
"","1830","TC-SRT-11: lists expected sample brands with localized labels","Homepage - SearchRightTruck [en]","2026-08-24","passed","2026-08-24","","","",""
"**Test Case ID:** TC-LMC-03
**Title:** One Check Offers lead from 3 Wheelers tab submits successfully
**Language:** en

**Description:**
Open the 3 Wheelers tab in Latest Models by Category, click Check Offers once, fill name/mobile/city, enter a 5-digit price/budget only if asked, and submit.

**Expected Result:**
A Thank You confirmation is shown after a successful lead submission from that tab.

**Steps:**
1. Open Latest Models by Category
2. Open the 3 Wheelers tab
3. Click Check Offers on one visible card
4. Fill name, mobile and city (and 5-digit price/budget if shown)
5. Submit and verify Thank You confirmation","6768","TC-LMC-03: one Check Offers lead from 3 Wheelers tab submits successfully","Homepage - LatestModelsByCategory [en]","2026-08-24","passed","2026-08-24","","","",""
"","1733","TC-NLP-02: Check Truck Price lead submits successfully on Upcoming Trucks","ListingPages - NewListingPages [upcomingTrucks] [en] — Upcoming Trucks","2026-08-24","skipped","2026-08-24","","","",""
"**Test Case ID:** TC-CL-02
**Title:** Check Truck Price lead form shows required validation when submitted empty on 8 Wheeler
**Language:** en

**Description:**
Open the 8 Wheeler page, open Check Truck Price, and submit with name, mobile and city all left empty.

**Expected Result:**
The real, page-shown validation messages for name, mobile and location are displayed, and no lead is submitted.

**Steps:**
1. Open the 8 Wheeler page
2. Click a truck card's ""Check Truck Price"" button to open its lead form
3. Leave name, mobile and city empty and submit
4. Verify all three required-field validation messages are shown","1854","TC-CL-02: Check Truck Price lead form shows required validation when submitted empty on 8 Wheeler","CategoryPages - CategoryListing [eightWheeler] [en] — 8 Wheeler","2026-08-24","passed","2026-08-24","","","",""
"**Test Case ID:** TC-PSH-02
**Title:** First used-truck product name navigates to used PDP
**Language:** en

**Description:**
Click the first visible used-truck product name in Popular Second Hand Truck and confirm the used-truck detail page opens.

**Expected Result:**
The browser URL matches that listing’s used-truck PDP path for the selected language.

**Steps:**
1. Open Popular Second Hand Truck
2. Click the first visible product name
3. Verify the URL is the matching used-truck PDP","2065","TC-PSH-02: first used-truck product name navigates to used PDP","Homepage - PopularSecondHandTruck [en]","2026-08-24","passed","2026-08-24","","","",""
"**Test Case ID:** TC-CL-01
**Title:** Check Truck Price lead submits successfully on Transit Mixer
**Language:** en

**Description:**
Open the Transit Mixer page, click a truck card's ""Check Truck Price"" button to open its lead form, fill name, mobile and city, and submit.

**Expected Result:**
A Thank You confirmation is shown after a successful lead submission.

**Steps:**
1. Open the Transit Mixer page
2. Click a truck card's ""Check Truck Price"" button to open its lead form
3. Fill name, mobile and city
4. Submit and verify Thank You confirmation","5069","TC-CL-01: Check Truck Price lead submits successfully on Transit Mixer","CategoryPages - CategoryListing [transitMixer] [en] — Transit Mixer","2026-08-24","passed","2026-08-24","","","",""
"**Test Case ID:** TC-FRU-04
**Title:** No city link shares another city's listing URL
**Language:** hi

**Description:**
Confirm the first two city links do not point at each other's used-truck-in URL.

**Expected Result:**
Each city card links only to its own city listing URL.

**Steps:**
1. Open Find Reliable Used Trucks Near You
2. Verify the first city's link does not use the second city's URL, and vice versa","1208","TC-FRU-04: no city link shares another city's listing URL","Homepage - FindReliableUsedTrucksNearYou [hi]","2026-08-24","passed","2026-08-24","","","",""
"","7477","TC-NTPDP-00: page links resolve 200/30x; broken links are logged, not failed","PDP - NewTruckPdp [leastPopular] [en] — Eka 3W Cargo","2026-08-24","passed","2026-08-24","","","",""
"**Test Case ID:** TC-NLP-04
**Title:** Notify Me lead submits successfully on Upcoming Trucks
**Language:** en

**Description:**
Open the Upcoming Trucks listing page, click Notify Me to open its lead form, fill name, mobile and city, and submit.

**Expected Result:**
A Thank You confirmation is shown after a successful lead submission. The submitted name is tagged with a page/CTA identifier for CRM traceability.

**Steps:**
1. Open the Upcoming Trucks listing page
2. Click Notify Me to open its lead form
3. Fill name, mobile and city
4. Submit and verify the confirmation","5203","TC-NLP-04: Notify Me lead submits successfully on Upcoming Trucks","ListingPages - NewListingPages [upcomingTrucks] [en] — Upcoming Trucks","2026-08-24","passed","2026-08-24","","","",""
"**Test Case ID:** TC-TYR-03
**Title:** Lead form rejects mobile that is not 10 digits on Tyres
**Language:** en

**Description:**
Open the Tyres page, open the lead form via ""View August Offer"", fill a valid name, an invalid (5-digit) mobile number, and leave city empty, then submit.

**Expected Result:**
The real, page-shown mobile-format and location-required validation messages are displayed, and no lead is submitted.

**Steps:**
1. Open the Tyres page
2. Click a tyre card's ""View August Offer"" button to open its lead form
3. Fill a valid name and an invalid mobile number
4. Submit with city left empty
5. Verify the mobile-format and location validation messages are shown","3102","TC-TYR-03: lead form rejects mobile that is not 10 digits on Tyres","UtilityPages - Tyres [en] — Tyres","2026-08-24","passed","2026-08-24","","","",""
"**Test Case ID:** TC-FRU-03
**Title:** First city link navigates to used trucks in that city
**Language:** ta

**Description:**
Click the first city in Find Reliable Used Trucks Near You and confirm the used-trucks-in-city listing opens.

**Expected Result:**
The browser URL matches that city’s used-truck-in listing for the selected language.

**Steps:**
1. Open Find Reliable Used Trucks Near You
2. Click the first city link
3. Verify the city used-trucks listing URL","2535","TC-FRU-03: first city link navigates to used trucks in that city","Homepage - FindReliableUsedTrucksNearYou [ta]","2026-08-24","passed","2026-08-24","","","",""
"**Test Case ID:** TC-CL-02
**Title:** Check Truck Price lead form shows required validation when submitted empty on 14 Wheeler
**Language:** en

**Description:**
Open the 14 Wheeler page, open Check Truck Price, and submit with name, mobile and city all left empty.

**Expected Result:**
The real, page-shown validation messages for name, mobile and location are displayed, and no lead is submitted.

**Steps:**
1. Open the 14 Wheeler page
2. Click a truck card's ""Check Truck Price"" button to open its lead form
3. Leave name, mobile and city empty and submit
4. Verify all three required-field validation messages are shown","1743","TC-CL-02: Check Truck Price lead form shows required validation when submitted empty on 14 Wheeler","CategoryPages - CategoryListing [fourteenWheeler] [en] — 14 Wheeler","2026-08-24","passed","2026-08-24","","","",""
"","7051","TC-CL-00: page links resolve 200/30x; broken links are logged, not failed","CategoryPages - CategoryListing [fourteenWheeler] [en] — 14 Wheeler","2026-08-24","passed","2026-08-24","","","",""
"**Test Case ID:** TC-LMC-01
**Title:** Latest Models by Category section is visible with tabs
**Language:** hi

**Description:**
Open the homepage and locate Latest Models by Category. Confirm the section heading and all category tabs are shown.

**Expected Result:**
The section is visible with the correct heading and tabs for 3 Wheelers, Auto Rickshaw, E Rickshaw, Mini Trucks, and SCV (localized for the language).

**Steps:**
1. Open the homepage for the selected language
2. Scroll to Latest Models by Category
3. Verify heading and all category tabs are visible","5582","TC-LMC-01: Latest Models by Category section is visible with tabs","Homepage - LatestModelsByCategory [hi]","2026-08-24","passed","2026-08-24","","","",""
"","10008","TC-NLP-00: page links resolve 200/30x; broken links are logged, not failed","ListingPages - NewListingPages [popularTrucks] [en] — Popular Truck","2026-08-24","passed","2026-08-24","","","",""
"**Test Case ID:** TC-CL-01
**Title:** Check Truck Price lead submits successfully on Tempo Traveller
**Language:** en

**Description:**
Open the Tempo Traveller page, click a truck card's ""Check Truck Price"" button to open its lead form, fill name, mobile and city, and submit.

**Expected Result:**
A Thank You confirmation is shown after a successful lead submission.

**Steps:**
1. Open the Tempo Traveller page
2. Click a truck card's ""Check Truck Price"" button to open its lead form
3. Fill name, mobile and city
4. Submit and verify Thank You confirmation","5667","TC-CL-01: Check Truck Price lead submits successfully on Tempo Traveller","CategoryPages - CategoryListing [tempoTraveller] [en] — Tempo Traveller","2026-08-24","passed","2026-08-24","","","",""
"","1043","TC-NLP-04: Notify Me lead submits successfully on Best Trucks","ListingPages - NewListingPages [bestTrucks] [en] — Best Trucks","2026-08-24","skipped","2026-08-24","","","",""
"**Test Case ID:** TC-TBR-01
**Title:** Check Truck Price lead submits successfully on Tata Trucks
**Language:** en

**Description:**
Open the Tata Trucks page, click a truck card's ""Check Truck Price"" button to open its lead form, fill name, mobile and city, and submit.

**Expected Result:**
A Thank You confirmation is shown after a successful lead submission.

**Steps:**
1. Open the Tata Trucks page
2. Click a truck card's ""Check Truck Price"" button to open its lead form
3. Fill name, mobile and city
4. Submit and verify Thank You confirmation","7253","TC-TBR-01: Check Truck Price lead submits successfully on Tata Trucks","CategoryPages - CategoryListingBrands [tataBrand] [en] — Tata Trucks","2026-08-24","passed","2026-08-24","","","",""
"**Test Case ID:** TC-TBB-02
**Title:** First news article title navigates to news page
**Language:** hi

**Description:**
Click the first visible news article title in The Buzz Board and confirm the news article page opens.

**Expected Result:**
The browser URL matches that article’s news path for the selected language.

**Steps:**
1. Open The Buzz Board
2. Click the first visible article title
3. Verify the URL is the matching news page","3925","TC-TBB-02: first news article title navigates to news page","Homepage - TheBuzzBoard [hi]","2026-08-24","passed","2026-08-24","","","",""
"","2233","TC-SRT-13: lists expected body types with localized labels","Homepage - SearchRightTruck [en]","2026-08-24","passed","2026-08-24","","","",""
"**Test Case ID:** TC-FRU-05
**Title:** Last city link navigates to used trucks in that city
**Language:** en

**Description:**
Click the last (not first) city in Find Reliable Used Trucks Near You and confirm the used-trucks-in-city listing opens.

**Expected Result:**
The browser URL matches that city’s used-truck-in listing for the selected language.

**Steps:**
1. Open Find Reliable Used Trucks Near You
2. Click the last city link
3. Verify the city used-trucks listing URL","2811","TC-FRU-05: last city link navigates to used trucks in that city","Homepage - FindReliableUsedTrucksNearYou [en]","2026-08-24","passed","2026-08-24","","","",""
"","846","TC-NLP-06: Check Offers lead form shows required validation when submitted empty on Popular Truck","ListingPages - NewListingPages [popularTrucks] [en] — Popular Truck","2026-08-24","skipped","2026-08-24","","","",""
"**Test Case ID:** TC-CL-03
**Title:** Check Truck Price lead form rejects mobile that is not 10 digits on Tippers
**Language:** en

**Description:**
Open the Tippers page, open Check Truck Price, fill a valid name, an invalid (5-digit) mobile number, and leave city empty, then submit.

**Expected Result:**
The real, page-shown mobile-format and location-required validation messages are displayed, and no lead is submitted.

**Steps:**
1. Open the Tippers page
2. Click a truck card's ""Check Truck Price"" button to open its lead form
3. Fill a valid name and an invalid mobile number
4. Submit with city left empty
5. Verify the mobile-format and location validation messages are shown","2020","TC-CL-03: Check Truck Price lead form rejects mobile that is not 10 digits on Tippers","CategoryPages - CategoryListing [tippers] [en] — Tippers","2026-08-24","passed","2026-08-24","","","",""
"**Test Case ID:** TC-CL-01
**Title:** Check Truck Price lead submits successfully on Bi Fuel Trucks
**Language:** en

**Description:**
Open the Bi Fuel Trucks page, click a truck card's ""Check Truck Price"" button to open its lead form, fill name, mobile and city, and submit.

**Expected Result:**
A Thank You confirmation is shown after a successful lead submission.

**Steps:**
1. Open the Bi Fuel Trucks page
2. Click a truck card's ""Check Truck Price"" button to open its lead form
3. Fill name, mobile and city
4. Submit and verify Thank You confirmation","7725","TC-CL-01: Check Truck Price lead submits successfully on Bi Fuel Trucks","CategoryPages - CategoryListing [biFuel] [en] — Bi Fuel Trucks","2026-08-24","passed","2026-08-24","","","",""
"**Test Case ID:** TC-CL-01
**Title:** Check Truck Price lead submits successfully on Mini Trucks
**Language:** en

**Description:**
Open the Mini Trucks page, click a truck card's ""Check Truck Price"" button to open its lead form, fill name, mobile and city, and submit.

**Expected Result:**
A Thank You confirmation is shown after a successful lead submission.

**Steps:**
1. Open the Mini Trucks page
2. Click a truck card's ""Check Truck Price"" button to open its lead form
3. Fill name, mobile and city
4. Submit and verify Thank You confirmation","7015","TC-CL-01: Check Truck Price lead submits successfully on Mini Trucks","CategoryPages - CategoryListing [miniTrucks] [en] — Mini Trucks","2026-08-24","passed","2026-08-24","","","",""
"","7287","TC-BDM-00: page links resolve 200/30x; broken links are logged, not failed","UtilityPages - BodyMakers [en] — Body Makers","2026-08-24","passed","2026-08-24","","","",""
"**Test Case ID:** TC-BUS-03
**Title:** Lead form rejects mobile that is not 10 digits on Ashok Leyland Buses
**Language:** en

**Description:**
Open the Ashok Leyland Buses page, open the lead form via ""Check Bus Price"", fill a valid name, an invalid (5-digit) mobile number, and leave city empty, then submit.

**Expected Result:**
The bus enquiry popup rejects the invalid mobile number in real time (the field reverts to empty), and submitting shows the mobile-required and location-required validation messages, with no lead submitted.

**Steps:**
1. Open the Ashok Leyland Buses page
2. Click ""Check Bus Price"" to open its lead form
3. Fill a valid name and an invalid mobile number
4. Submit with city left empty
5. Verify the mobile-required and location validation messages are shown","2257","TC-BUS-03: lead form rejects mobile that is not 10 digits on Ashok Leyland Buses","Buses - BusListing [ashokLeylandBuses] [en] — Ashok Leyland Buses","2026-08-24","passed","2026-08-24","","","",""
"**Test Case ID:** TC-ECV-03
**Title:** One Check Offers lead submits successfully
**Language:** ta

**Description:**
Open Check Offers once from a card in Electric Commercial Vehicles, fill name, mobile and city, and submit. Only one lead form is exercised for this section.

**Expected Result:**
A Thank You confirmation is shown after a successful lead submission (same outcome users see after Check Offers elsewhere on the homepage).

**Steps:**
1. Open Electric Commercial Vehicles
2. Click Check Offers on one visible card
3. Fill name, mobile and city
4. Submit and verify Thank You confirmation","5793","TC-ECV-03: one Check Offers lead submits successfully","Homepage - ElectricCommercialVehicles [ta]","2026-08-24","passed","2026-08-24","","","",""
"**Test Case ID:** TC-ECV-05
**Title:** Check Offers lead form shows required validation when submitted empty
**Language:** en

**Description:**
Open Check Offers in Electric Commercial Vehicles and submit with name, mobile and city all left empty.

**Expected Result:**
The real, page-shown validation messages for name, mobile and location are displayed, and no lead is submitted.

**Steps:**
1. Open Check Offers on one visible card
2. Leave name, mobile and city empty and submit
3. Verify all three required-field validation messages are shown","2299","TC-ECV-05: Check Offers lead form shows required validation when submitted empty","Homepage - ElectricCommercialVehicles [en]","2026-08-24","passed","2026-08-24","","","",""
"**Test Case ID:** TC-PTB-03
**Title:** No duplicate brand cards appear in Popular Truck Brands
**Language:** hi

**Description:**
Check that the Popular Truck Brands grid does not show the same brand more than once (by URL, title, or visible name).

**Expected Result:**
All brand card URLs, titles, and visible brand names in the section are unique — no duplicate brand appears.

**Steps:**
1. Open the Popular Truck Brands section
2. Collect brand URLs, titles and names from all cards
3. Verify each list has no duplicates","1074","TC-PTB-03: no duplicate brand cards appear in Popular Truck Brands","Homepage - PopularTruckBrands [hi]","2026-08-24","passed","2026-08-24","","","",""
"**Test Case ID:** TC-NLP-01
**Title:** Check Offers lead submits successfully on Latest Trucks
**Language:** en

**Description:**
Open the Latest Trucks listing page, click Check Offers to open its lead form, fill name, mobile and city, and submit.

**Expected Result:**
A Thank You confirmation is shown after a successful lead submission. The submitted name is tagged with a page/CTA identifier for CRM traceability.

**Steps:**
1. Open the Latest Trucks listing page
2. Click Check Offers to open its lead form
3. Fill name, mobile and city
4. Submit and verify the confirmation","6463","TC-NLP-01: Check Offers lead submits successfully on Latest Trucks","ListingPages - NewListingPages [latestTrucks] [en] — Latest Trucks","2026-08-24","passed","2026-08-24","","","",""
"**Test Case ID:** TC-CL-01
**Title:** Check Truck Price lead submits successfully on 8 Wheeler
**Language:** en

**Description:**
Open the 8 Wheeler page, click a truck card's ""Check Truck Price"" button to open its lead form, fill name, mobile and city, and submit.

**Expected Result:**
A Thank You confirmation is shown after a successful lead submission.

**Steps:**
1. Open the 8 Wheeler page
2. Click a truck card's ""Check Truck Price"" button to open its lead form
3. Fill name, mobile and city
4. Submit and verify Thank You confirmation","4646","TC-CL-01: Check Truck Price lead submits successfully on 8 Wheeler","CategoryPages - CategoryListing [eightWheeler] [en] — 8 Wheeler","2026-08-24","passed","2026-08-24","","","",""
"","12534","TC-CL-00: page links resolve 200/30x; broken links are logged, not failed","CategoryPages - CategoryListing [sixteenWheeler] [en] — 16 Wheeler","2026-08-24","passed","2026-08-24","","","",""
"","8109","TC-LTU-00: page links resolve 200/30x; broken links are logged, not failed","Homepage - LatestTruckUpdates [hi]","2026-08-24","passed","2026-08-24","","","",""
"**Test Case ID:** TC-CL-01
**Title:** Check Truck Price lead submits successfully on CNG Trucks
**Language:** en

**Description:**
Open the CNG Trucks page, click a truck card's ""Check Truck Price"" button to open its lead form, fill name, mobile and city, and submit.

**Expected Result:**
A Thank You confirmation is shown after a successful lead submission.

**Steps:**
1. Open the CNG Trucks page
2. Click a truck card's ""Check Truck Price"" button to open its lead form
3. Fill name, mobile and city
4. Submit and verify Thank You confirmation","7898","TC-CL-01: Check Truck Price lead submits successfully on CNG Trucks","CategoryPages - CategoryListing [cng] [en] — CNG Trucks","2026-08-24","passed","2026-08-24","","","",""
"","5931","TC-BUS-00: page links resolve 200/30x; broken links are logged, not failed","Buses - BusListing [mahindraBuses] [en] — Mahindra Buses","2026-08-24","passed","2026-08-24","","","",""
"**Test Case ID:** TC-NTPDP-24
**Title:** FAQ block for Tata Yodha 2.0
**Language:** en

**Description:**
Verify Frequently Asked Questions for Tata Yodha 2.0.

**Expected Result:**
FAQ heading is visible.

**Steps:**
1. Open PDP
2. Scroll to FAQ
3. Verify heading","66","TC-NTPDP-24: FAQ block for Tata Yodha 2.0","PDP - NewTruckPdp [mostPopular] [en] — Tata Yodha 2.0","2026-08-24","passed","2026-08-24","","Page blocks (same session)","",""
"","7186","TC-CNT-00: page links resolve 200/30x; broken links are logged, not failed","UtilityPages - ContentPage [dealers] [en] — Dealers","2026-08-24","passed","2026-08-24","","","",""
"**Test Case ID:** TC-NTPDP-04
**Title:** Get Offers lead shows validation when empty for Tata Yodha 2.0
**Language:** en

**Description:**
Submit the launch Get Offers lead with empty name, mobile and city and confirm required-field messages.

**Expected Result:**
Validation messages appear for name, mobile and location; thank-you is not shown.

**Steps:**
1. With launch Get Offers lead still open from prior step
2. Click Get Offers without filling fields
3. Verify required validation messages","686","TC-NTPDP-04: Get Offers lead shows validation when empty for Tata Yodha 2.0","PDP - NewTruckPdp [mostPopular] [en] — Tata Yodha 2.0","2026-08-24","passed","2026-08-24","","","",""
"**Test Case ID:** TC-TBB-01
**Title:** The Buzz Board section is visible with news articles
**Language:** hi

**Description:**
Open the homepage and locate The Buzz Board. Confirm the section heading and at least one news article title are shown.

**Expected Result:**
The Buzz Board is visible with the correct localized heading and one or more news article titles.

**Steps:**
1. Open the homepage for the selected language
2. Scroll to The Buzz Board
3. Verify heading and article titles are visible","3388","TC-TBB-01: The Buzz Board section is visible with news articles","Homepage - TheBuzzBoard [hi]","2026-08-24","passed","2026-08-24","","","",""
"","7","TC-NTPDP-11: Pros & Cons block for Eka 3W Cargo","PDP - NewTruckPdp [leastPopular] [en] — Eka 3W Cargo","2026-08-24","skipped","2026-08-24","","Page blocks (same session)","",""
"**Test Case ID:** TC-NLP-07
**Title:** Check Offers lead form rejects mobile that is not 10 digits on Latest Trucks
**Language:** en

**Description:**
Open the Latest Trucks listing page, open Check Offers, fill a valid name, an invalid (5-digit) mobile number, and leave city empty, then submit.

**Expected Result:**
The real, page-shown mobile-format and location-required validation messages are displayed, and no lead is submitted.

**Steps:**
1. Open the Latest Trucks listing page
2. Click Check Offers to open its lead form
3. Fill a valid name and an invalid mobile number
4. Submit with city left empty
5. Verify the mobile-format and location validation messages are shown","1848","TC-NLP-07: Check Offers lead form rejects mobile that is not 10 digits on Latest Trucks","ListingPages - NewListingPages [latestTrucks] [en] — Latest Trucks","2026-08-24","passed","2026-08-24","","","",""
"**Test Case ID:** TC-NTPDP-12
**Title:** Compare Alternatives block for Eka 3W Cargo
**Language:** en

**Description:**
Verify Compare with Alternative section for Eka 3W Cargo.

**Expected Result:**
Compare Alternatives heading is visible.

**Steps:**
1. Open PDP
2. Scroll to Compare Alternatives
3. Verify heading","50","TC-NTPDP-12: Compare Alternatives block for Eka 3W Cargo","PDP - NewTruckPdp [leastPopular] [en] — Eka 3W Cargo","2026-08-24","passed","2026-08-24","","Page blocks (same session)","",""
"**Test Case ID:** TC-CL-04
**Title:** Call Now assistance lead submits successfully on Diesel Trucks
**Language:** en

**Description:**
Open the Diesel Trucks page, click the ""Still confused?"" widget's Call Now button to open the assistance lead form, fill model, name, mobile and city, and submit.

**Expected Result:**
The assistance form closes after a successful submission.

**Steps:**
1. Open the Diesel Trucks page
2. Click Call Now to open the assistance lead form
3. Fill model, name, mobile and city
4. Submit and verify the assistance form closes","8731","TC-CL-04: Call Now assistance lead submits successfully on Diesel Trucks","CategoryPages - CategoryListing [diesel] [en] — Diesel Trucks","2026-08-24","passed","2026-08-24","","","",""
"","9627","TC-TIY-00: page links resolve 200/30x; broken links are logged, not failed","Homepage - TruckInIndia [en]","2026-08-24","passed","2026-08-24","","","",""
"**Test Case ID:** TC-PSH-01
**Title:** Popular Second Hand Truck section is visible
**Language:** en

**Description:**
Open the homepage and locate Popular Second Hand Truck. Confirm the section and heading are shown.

**Expected Result:**
The Popular Second Hand Truck section is visible with the correct localized heading.

**Steps:**
1. Open the homepage for the selected language
2. Scroll to Popular Second Hand Truck
3. Verify the section and heading are visible","2518","TC-PSH-01: Popular Second Hand Truck section is visible","Homepage - PopularSecondHandTruck [en]","2026-08-24","passed","2026-08-24","","","",""
"**Test Case ID:** TC-TSR-03
**Title:** Check Truck Price lead form rejects mobile that is not 10 digits on Mahindra Bolero
**Language:** en

**Description:**
Open the Mahindra Bolero page, open Check Truck Price, fill a valid name, an invalid (5-digit) mobile number, and leave city empty, then submit.

**Expected Result:**
The real, page-shown mobile-format and location-required validation messages are displayed, and no lead is submitted.

**Steps:**
1. Open the Mahindra Bolero page
2. Click a truck card's ""Check Truck Price"" button to open its lead form
3. Fill a valid name and an invalid mobile number
4. Submit with city left empty
5. Verify the mobile-format and location validation messages are shown","2069","TC-TSR-03: Check Truck Price lead form rejects mobile that is not 10 digits on Mahindra Bolero","CategoryPages - CategoryListingTruckSeries [mahindraBolero] [en] — Mahindra Bolero","2026-08-24","passed","2026-08-24","","","",""
"**Test Case ID:** TC-BUS-01
**Title:** Lead submits successfully on Latest Buses
**Language:** en

**Description:**
Open the Latest Buses page, click ""Check Bus Price"" to open its lead form, fill name, mobile and city, and submit.

**Expected Result:**
A Thank You confirmation is shown after a successful lead submission.

**Steps:**
1. Open the Latest Buses page
2. Click ""Check Bus Price"" to open its lead form
3. Fill name, mobile and city
4. Submit and verify Thank You confirmation","4833","TC-BUS-01: lead submits successfully on Latest Buses","Buses - BusListing [latestBuses] [en] — Latest Buses","2026-08-24","passed","2026-08-24","","","",""
"","14831","TC-LMC-00: page links resolve 200/30x; broken links are logged, not failed","Homepage - LatestModelsByCategory [en]","2026-08-24","passed","2026-08-24","","","",""
"**Test Case ID:** TC-LMC-06
**Title:** One Check Offers lead from मिनी ट्रक tab submits successfully
**Language:** hi

**Description:**
Open the मिनी ट्रक tab in Latest Models by Category, click Check Offers once, fill name/mobile/city, enter a 5-digit price/budget only if asked, and submit.

**Expected Result:**
A Thank You confirmation is shown after a successful lead submission from that tab.

**Steps:**
1. Open Latest Models by Category
2. Open the मिनी ट्रक tab
3. Click Check Offers on one visible card
4. Fill name, mobile and city (and 5-digit price/budget if shown)
5. Submit and verify Thank You confirmation","5672","TC-LMC-06: one Check Offers lead from मिनी ट्रक tab submits successfully","Homepage - LatestModelsByCategory [hi]","2026-08-24","passed","2026-08-24","","","",""
"","202747","TC-SRT-03: Verify brand and model selection navigates to model PDP page","Homepage - SearchRightTruck [hi]","2026-08-24","passed","2026-08-24","","","",""
"","10372","TC-CL-00: page links resolve 200/30x; broken links are logged, not failed","CategoryPages - CategoryListing [tippers] [en] — Tippers","2026-08-24","passed","2026-08-24","","","",""
"","8848","TC-PTB-00: page links resolve 200/30x; broken links are logged, not failed","Homepage - PopularTruckBrands [en]","2026-08-24","passed","2026-08-24","","","",""
"","5596","TC-SUT-00: page links resolve 200/30x; broken links are logged, not failed","UsedTruck - SellUsedTrucks [en] — Sell Used Trucks","2026-08-24","passed","2026-08-24","","","",""
"","13843","TC-CL-00: page links resolve 200/30x; broken links are logged, not failed","CategoryPages - CategoryListing [lcv] [en] — LCV","2026-08-24","passed","2026-08-24","","","",""
"","10172","TC-CT-00: page links resolve 200/30x; broken links are logged, not failed","Compare - CompareTrucks [en] — Compare Trucks","2026-08-24","passed","2026-08-24","","","",""
"","1581","TC-CL-04: Call Now assistance lead submits successfully on Mini Trucks","CategoryPages - CategoryListing [miniTrucks] [en] — Mini Trucks","2026-08-24","skipped","2026-08-24","","","",""
"**Test Case ID:** TC-PTB-03
**Title:** No duplicate brand cards appear in Popular Truck Brands
**Language:** en

**Description:**
Check that the Popular Truck Brands grid does not show the same brand more than once (by URL, title, or visible name).

**Expected Result:**
All brand card URLs, titles, and visible brand names in the section are unique — no duplicate brand appears.

**Steps:**
1. Open the Popular Truck Brands section
2. Collect brand URLs, titles and names from all cards
3. Verify each list has no duplicates","1150","TC-PTB-03: no duplicate brand cards appear in Popular Truck Brands","Homepage - PopularTruckBrands [en]","2026-08-24","passed","2026-08-24","","","",""
"**Test Case ID:** TC-CL-03
**Title:** Check Truck Price lead form rejects mobile that is not 10 digits on 14 Wheeler
**Language:** en

**Description:**
Open the 14 Wheeler page, open Check Truck Price, fill a valid name, an invalid (5-digit) mobile number, and leave city empty, then submit.

**Expected Result:**
The real, page-shown mobile-format and location-required validation messages are displayed, and no lead is submitted.

**Steps:**
1. Open the 14 Wheeler page
2. Click a truck card's ""Check Truck Price"" button to open its lead form
3. Fill a valid name and an invalid mobile number
4. Submit with city left empty
5. Verify the mobile-format and location validation messages are shown","2505","TC-CL-03: Check Truck Price lead form rejects mobile that is not 10 digits on 14 Wheeler","CategoryPages - CategoryListing [fourteenWheeler] [en] — 14 Wheeler","2026-08-24","passed","2026-08-24","","","",""
"","6403","TC-CNT-00: page links resolve 200/30x; broken links are logged, not failed","UtilityPages - ContentPage [news] [en] — News","2026-08-24","passed","2026-08-24","","","",""
"**Test Case ID:** TC-NTPDP-14
**Title:** Features block for Tata Yodha 2.0
**Language:** en

**Description:**
Verify Features section for Tata Yodha 2.0.

**Expected Result:**
Features heading is visible.

**Steps:**
1. Open PDP
2. Scroll to Features
3. Verify heading","93","TC-NTPDP-14: Features block for Tata Yodha 2.0","PDP - NewTruckPdp [mostPopular] [en] — Tata Yodha 2.0","2026-08-24","passed","2026-08-24","","Page blocks (same session)","",""
"","8532","TC-CL-00: page links resolve 200/30x; broken links are logged, not failed","CategoryPages - CategoryListing [fourWheeler] [en] — 4 Wheeler","2026-08-24","passed","2026-08-24","","","",""
"**Test Case ID:** TC-PTB-06
**Title:** View All Brands link navigates to the brands listing page
**Language:** en

**Description:**
Locate the View All Brands link near the Popular Truck Brands section and open it to confirm it leads to the full brands listing page.

**Expected Result:**
The View All Brands link is visible with the correct label and href, and clicking it navigates to /{language}/brands.

**Steps:**
1. Open the Popular Truck Brands section
2. Verify the View All Brands link label and URL
3. Click View All Brands
4. Verify the brands listing page opens","4496","TC-PTB-06: View All Brands link navigates to the brands listing page","Homepage - PopularTruckBrands [en]","2026-08-24","passed","2026-08-24","","","",""
"","1380","TC-TIY-07: Popular tab has no duplicate truck cards","Homepage - TruckInIndia [en]","2026-08-24","passed","2026-08-24","","","",""
"**Test Case ID:** TC-LMC-03
**Title:** One Check Offers lead from 3 व्हीलर tab submits successfully
**Language:** hi

**Description:**
Open the 3 व्हीलर tab in Latest Models by Category, click Check Offers once, fill name/mobile/city, enter a 5-digit price/budget only if asked, and submit.

**Expected Result:**
A Thank You confirmation is shown after a successful lead submission from that tab.

**Steps:**
1. Open Latest Models by Category
2. Open the 3 व्हीलर tab
3. Click Check Offers on one visible card
4. Fill name, mobile and city (and 5-digit price/budget if shown)
5. Submit and verify Thank You confirmation","7052","TC-LMC-03: one Check Offers lead from 3 व्हीलर tab submits successfully","Homepage - LatestModelsByCategory [hi]","2026-08-24","passed","2026-08-24","","","",""
"**Test Case ID:** TC-CL-03
**Title:** Check Truck Price lead form rejects mobile that is not 10 digits on 8 Wheeler
**Language:** en

**Description:**
Open the 8 Wheeler page, open Check Truck Price, fill a valid name, an invalid (5-digit) mobile number, and leave city empty, then submit.

**Expected Result:**
The real, page-shown mobile-format and location-required validation messages are displayed, and no lead is submitted.

**Steps:**
1. Open the 8 Wheeler page
2. Click a truck card's ""Check Truck Price"" button to open its lead form
3. Fill a valid name and an invalid mobile number
4. Submit with city left empty
5. Verify the mobile-format and location validation messages are shown","1789","TC-CL-03: Check Truck Price lead form rejects mobile that is not 10 digits on 8 Wheeler","CategoryPages - CategoryListing [eightWheeler] [en] — 8 Wheeler","2026-08-24","passed","2026-08-24","","","",""
"**Test Case ID:** TC-SEO-06
**Title:** Read Less collapses the About Truck Junction content back
**Language:** en

**Description:**
Expand via Read More, then click Read Less and confirm the block collapses back (Read More reappears).

**Expected Result:**
After Read Less, the block is collapsed and Read More is visible again.

**Steps:**
1. Open the About Truck Junction block
2. Click Read More, then Read Less
3. Verify Read More is shown again","936","TC-SEO-06: Read Less collapses the About Truck Junction content back","SEO - HomePageSeoContent [en]","2026-08-24","passed","2026-08-24","","","",""
"**Test Case ID:** TC-LMC-02
**Title:** First product name on default tab navigates to truck PDP
**Language:** hi

**Description:**
On the default category tab, click the first visible truck product name and confirm the truck product detail page opens.

**Expected Result:**
The browser URL matches that product’s truck PDP path for the selected language.

**Steps:**
1. Open Latest Models by Category
2. Click the first visible product name on the active tab
3. Verify the URL is the matching truck PDP","16732","TC-LMC-02: first product name on default tab navigates to truck PDP","Homepage - LatestModelsByCategory [hi]","2026-08-24","broken","2026-08-24","","","",""
"**Test Case ID:** TC-BUS-01
**Title:** Lead submits successfully on Ashok Leyland Buses
**Language:** en

**Description:**
Open the Ashok Leyland Buses page, click ""Check Bus Price"" to open its lead form, fill name, mobile and city, and submit.

**Expected Result:**
A Thank You confirmation is shown after a successful lead submission.

**Steps:**
1. Open the Ashok Leyland Buses page
2. Click ""Check Bus Price"" to open its lead form
3. Fill name, mobile and city
4. Submit and verify Thank You confirmation","4515","TC-BUS-01: lead submits successfully on Ashok Leyland Buses","Buses - BusListing [ashokLeylandBuses] [en] — Ashok Leyland Buses","2026-08-24","passed","2026-08-24","","","",""
"**Test Case ID:** TC-NLP-06
**Title:** Check Offers lead form shows required validation when submitted empty on Upcoming Trucks
**Language:** en

**Description:**
Open the Upcoming Trucks listing page, open Check Offers, and submit with name, mobile and city all left empty.

**Expected Result:**
The real, page-shown validation messages for name, mobile and location are displayed, and no lead is submitted.

**Steps:**
1. Open the Upcoming Trucks listing page
2. Click Check Offers to open its lead form
3. Leave name, mobile and city empty and submit
4. Verify all three required-field validation messages are shown","1652","TC-NLP-06: Check Offers lead form shows required validation when submitted empty on Upcoming Trucks","ListingPages - NewListingPages [upcomingTrucks] [en] — Upcoming Trucks","2026-08-24","passed","2026-08-24","","","",""
"**Test Case ID:** TC-NTPDP-06
**Title:** Hero heading and primary CTAs for Eka 3W Cargo
**Language:** en

**Description:**
Confirm the product H1 and primary CTAs (Get On Road Price, Check Offers) on Eka 3W Cargo.

**Expected Result:**
H1 matches the product name; Get On Road Price and Check Offers are visible.

**Steps:**
1. Open PDP and close launch lead
2. Verify H1
3. Verify Get On Road Price and Check Offers","53","TC-NTPDP-06: Hero heading and primary CTAs for Eka 3W Cargo","PDP - NewTruckPdp [leastPopular] [en] — Eka 3W Cargo","2026-08-24","passed","2026-08-24","","Page blocks (same session)","",""
"**Test Case ID:** TC-EV-02
**Title:** Call Now assistance lead submits successfully on Electric Commercial Vehicles
**Language:** en

**Description:**
Open the Electric Commercial Vehicles page, click the ""Still confused?"" widget's Call Now button to open the assistance lead form (a different component from Check Truck Price — placeholder-only inputs, heading ""SHARE YOUR DETAILS TO GET ASSISTANCE""), fill model, name, mobile and city, and submit.

**Expected Result:**
The assistance form closes after a successful submission.

**Steps:**
1. Open the Electric Commercial Vehicles page
2. Click Call Now to open the assistance lead form
3. Fill model, name, mobile and city
4. Submit and verify the assistance form closes","10640","TC-EV-02: Call Now assistance lead submits successfully on Electric Commercial Vehicles","CategoryPages - ElectricVehicle [en] — Electric Commercial Vehicles","2026-08-24","passed","2026-08-24","","","",""
"**Test Case ID:** TC-BR-02
**Title:** Download Brochure lead submits successfully from the ""Popular"" tab on Brochure
**Language:** en

**Description:**
Open the Brochure page, switch the ""Best Selling Trucks"" carousel to the ""Popular"" tab, click a card's Download Brochure button to open its lead form (the same shared Check Offers modal used elsewhere on the page), fill name, mobile and city, and submit. Every tab is its own entry point even though all tabs open the same underlying form.

**Expected Result:**
A Thank You confirmation is shown after a successful lead submission.

**Steps:**
1. Open the Brochure page
2. Switch the Best Selling Trucks carousel to the ""Popular"" tab
3. Click a card's Download Brochure button to open its lead form
4. Fill name, mobile and city
5. Submit and verify Thank You confirmation","4897","TC-BR-02: Download Brochure lead submits successfully from the ""Popular"" tab on Brochure","Brochure - Brochure [en] — Brochure","2026-08-24","passed","2026-08-24","","","",""
"","7670","TC-FRU-00: page links resolve 200/30x; broken links are logged, not failed","Homepage - FindReliableUsedTrucksNearYou [hi]","2026-08-24","passed","2026-08-24","","","",""
"","12300","TC-CL-00: page links resolve 200/30x; broken links are logged, not failed","CategoryPages - CategoryListing [eighteenWheeler] [en] — 18 Wheeler","2026-08-24","passed","2026-08-24","","","",""
"","201793","TC-SRT-03: Verify brand and model selection navigates to model PDP page","Homepage - SearchRightTruck [en]","2026-08-24","passed","2026-08-24","","","",""
"**Test Case ID:** TC-TSR-02
**Title:** Check Truck Price lead form shows required validation when submitted empty on Mahindra Blazo
**Language:** en

**Description:**
Open the Mahindra Blazo page, open Check Truck Price, and submit with name, mobile and city all left empty.

**Expected Result:**
The real, page-shown validation messages for name, mobile and location are displayed, and no lead is submitted.

**Steps:**
1. Open the Mahindra Blazo page
2. Click a truck card's ""Check Truck Price"" button to open its lead form
3. Leave name, mobile and city empty and submit
4. Verify all three required-field validation messages are shown","1932","TC-TSR-02: Check Truck Price lead form shows required validation when submitted empty on Mahindra Blazo","CategoryPages - CategoryListingTruckSeries [mahindraBlazo] [en] — Mahindra Blazo","2026-08-24","passed","2026-08-24","","","",""
"**Test Case ID:** TC-FRU-01
**Title:** Find Reliable Used Trucks Near You section is visible
**Language:** en

**Description:**
Open the homepage and locate Find Reliable Used Trucks Near You. Confirm the section and heading are shown.

**Expected Result:**
The section is visible with the correct localized heading and at least one city link.

**Steps:**
1. Open the homepage for the selected language
2. Scroll to Find Reliable Used Trucks Near You
3. Verify the section and heading are visible","2395","TC-FRU-01: Find Reliable Used Trucks Near You section is visible","Homepage - FindReliableUsedTrucksNearYou [en]","2026-08-24","passed","2026-08-24","","","",""
"","205308","TC-SRT-03: Verify brand and model selection navigates to model PDP page","Homepage - SearchRightTruck [ta]","2026-08-24","passed","2026-08-24","","","",""
"","2083","TC-SRT-10: switches tabs and updates select placeholders","Homepage - SearchRightTruck [ta]","2026-08-24","passed","2026-08-24","","","",""
"**Test Case ID:** TC-TSR-01
**Title:** Check Truck Price lead submits successfully on Mahindra Bolero
**Language:** en

**Description:**
Open the Mahindra Bolero page, click a truck card's ""Check Truck Price"" button to open its lead form, fill name, mobile and city, and submit.

**Expected Result:**
A Thank You confirmation is shown after a successful lead submission.

**Steps:**
1. Open the Mahindra Bolero page
2. Click a truck card's ""Check Truck Price"" button to open its lead form
3. Fill name, mobile and city
4. Submit and verify Thank You confirmation","6143","TC-TSR-01: Check Truck Price lead submits successfully on Mahindra Bolero","CategoryPages - CategoryListingTruckSeries [mahindraBolero] [en] — Mahindra Bolero","2026-08-24","passed","2026-08-24","","","",""
"","6600","TC-CL-00: page links resolve 200/30x; broken links are logged, not failed","CategoryPages - CategoryListing [petrol] [en] — Petrol Trucks","2026-08-24","passed","2026-08-24","","","",""
"**Test Case ID:** TC-PTB-01
**Title:** Popular Truck Brands section is visible with heading
**Language:** hi

**Description:**
Open the homepage and locate the Popular Truck Brands section. Confirm the section is shown to the user with the correct section heading for the selected language.

**Expected Result:**
The Popular Truck Brands section is visible and the heading text matches the expected localized heading (for example, “Popular Truck Brands” in English).

**Steps:**
1. Open the homepage for the selected language
2. Scroll to the Popular Truck Brands section
3. Verify the section and heading are visible","1030","TC-PTB-01: Popular Truck Brands section is visible with heading","Homepage - PopularTruckBrands [hi]","2026-08-24","passed","2026-08-24","","","",""
"**Test Case ID:** TC-ECV-04
**Title:** View All opens electric listing
**Language:** en

**Description:**
In Electric Commercial Vehicles, click View All and confirm the user is taken to the electric vehicles listing page.

**Expected Result:**
The URL is the electric listing path for the language (for example /en/electric in English).

**Steps:**
1. Open Electric Commercial Vehicles
2. Click View All
3. Verify the URL is the electric listing page","2949","TC-ECV-04: View All opens electric listing","Homepage - ElectricCommercialVehicles [en]","2026-08-24","passed","2026-08-24","","","",""
"**Test Case ID:** TC-NTPDP-18
**Title:** Find Perfect Truck block for Tata Yodha 2.0
**Language:** en

**Description:**
Verify Find Perfect Truck when present on Tata Yodha 2.0.

**Expected Result:**
Find Perfect Truck heading is visible, or skipped.

**Steps:**
1. Open PDP
2. Locate Find Perfect Truck if present","86","TC-NTPDP-18: Find Perfect Truck block for Tata Yodha 2.0","PDP - NewTruckPdp [mostPopular] [en] — Tata Yodha 2.0","2026-08-24","passed","2026-08-24","","Page blocks (same session)","",""
"","15332","TC-PTB-00: page links resolve 200/30x; broken links are logged, not failed","Homepage - PopularTruckBrands [hi]","2026-08-24","passed","2026-08-24","","","",""
"**Test Case ID:** TC-ECV-04
**Title:** View All opens electric listing
**Language:** ta

**Description:**
In Electric Commercial Vehicles, click View All and confirm the user is taken to the electric vehicles listing page.

**Expected Result:**
The URL is the electric listing path for the language (for example /en/electric in English).

**Steps:**
1. Open Electric Commercial Vehicles
2. Click View All
3. Verify the URL is the electric listing page","4821","TC-ECV-04: View All opens electric listing","Homepage - ElectricCommercialVehicles [ta]","2026-08-24","passed","2026-08-24","","","",""
"**Test Case ID:** TC-PTC-02
**Title:** First compared truck name navigates to truck PDP
**Language:** ta

**Description:**
Click the first visible truck name in Popular Truck Comparison and confirm that truck’s product detail page opens.

**Expected Result:**
The browser URL matches that truck’s PDP path for the selected language.

**Steps:**
1. Open Popular Truck Comparison
2. Click the first visible truck name
3. Verify the URL is the matching truck PDP","3164","TC-PTC-02: first compared truck name navigates to truck PDP","Homepage - PopularTruckComparison [ta]","2026-08-24","passed","2026-08-24","","","",""
"**Test Case ID:** TC-PTB-05
**Title:** Clicking each popular brand card navigates to that brand page
**Language:** hi

**Description:**
From the Popular Truck Brands section, click each brand card and confirm the user is taken to the correct brand listing page for that brand and language.

**Expected Result:**
After each brand card click, the browser URL path is /{language}/{brand-slug} for that brand (real navigation to the brand page).

**Steps:**
1. Open the Popular Truck Brands section
2. Click each brand card in turn
3. Verify navigation to the matching brand page URL
4. Return to the homepage and continue with the next brand","34500","TC-PTB-05: clicking each popular brand card navigates to that brand page","Homepage - PopularTruckBrands [hi]","2026-08-24","failed","2026-08-24","","","",""
"**Test Case ID:** TC-NTPDP-15
**Title:** Explore brand series block for Tata Yodha 2.0
**Language:** en

**Description:**
Verify Explore … Series when present on Tata Yodha 2.0.

**Expected Result:**
Explore brand series heading is visible, or skipped.

**Steps:**
1. Open PDP
2. Locate Explore series if present","69","TC-NTPDP-15: Explore brand series block for Tata Yodha 2.0","PDP - NewTruckPdp [mostPopular] [en] — Tata Yodha 2.0","2026-08-24","passed","2026-08-24","","Page blocks (same session)","",""
"**Test Case ID:** TC-CL-02
**Title:** Check Truck Price lead form shows required validation when submitted empty on LPG Trucks
**Language:** en

**Description:**
Open the LPG Trucks page, open Check Truck Price, and submit with name, mobile and city all left empty.

**Expected Result:**
The real, page-shown validation messages for name, mobile and location are displayed, and no lead is submitted.

**Steps:**
1. Open the LPG Trucks page
2. Click a truck card's ""Check Truck Price"" button to open its lead form
3. Leave name, mobile and city empty and submit
4. Verify all three required-field validation messages are shown","1631","TC-CL-02: Check Truck Price lead form shows required validation when submitted empty on LPG Trucks","CategoryPages - CategoryListing [lpg] [en] — LPG Trucks","2026-08-24","passed","2026-08-24","","","",""
"**Test Case ID:** TC-CL-01
**Title:** Check Truck Price lead submits successfully on Petrol Trucks
**Language:** en

**Description:**
Open the Petrol Trucks page, click a truck card's ""Check Truck Price"" button to open its lead form, fill name, mobile and city, and submit.

**Expected Result:**
A Thank You confirmation is shown after a successful lead submission.

**Steps:**
1. Open the Petrol Trucks page
2. Click a truck card's ""Check Truck Price"" button to open its lead form
3. Fill name, mobile and city
4. Submit and verify Thank You confirmation","4747","TC-CL-01: Check Truck Price lead submits successfully on Petrol Trucks","CategoryPages - CategoryListing [petrol] [en] — Petrol Trucks","2026-08-24","passed","2026-08-24","","","",""
"**Test Case ID:** TC-CL-02
**Title:** Check Truck Price lead form shows required validation when submitted empty on Petrol Trucks
**Language:** en

**Description:**
Open the Petrol Trucks page, open Check Truck Price, and submit with name, mobile and city all left empty.

**Expected Result:**
The real, page-shown validation messages for name, mobile and location are displayed, and no lead is submitted.

**Steps:**
1. Open the Petrol Trucks page
2. Click a truck card's ""Check Truck Price"" button to open its lead form
3. Leave name, mobile and city empty and submit
4. Verify all three required-field validation messages are shown","2712","TC-CL-02: Check Truck Price lead form shows required validation when submitted empty on Petrol Trucks","CategoryPages - CategoryListing [petrol] [en] — Petrol Trucks","2026-08-24","passed","2026-08-24","","","",""
"","2589","TC-TIY-08: Latest and Upcoming are not active while Popular is selected","Homepage - TruckInIndia [en]","2026-08-24","passed","2026-08-24","","","",""
"","9054","TC-TBR-00: page links resolve 200/30x; broken links are logged, not failed","CategoryPages - CategoryListingBrands [ashokLeylandBrand] [en] — Ashok Leyland Trucks","2026-08-24","passed","2026-08-24","","","",""
"","6605","TC-SRT-05: searches by budget and navigates away from the homepage form","Homepage - SearchRightTruck [en]","2026-08-24","passed","2026-08-24","","","",""
"","9294","TC-CL-00: page links resolve 200/30x; broken links are logged, not failed","CategoryPages - CategoryListing [tenWheeler] [en] — 10 Wheeler","2026-08-24","passed","2026-08-24","","","",""
"**Test Case ID:** TC-CL-02
**Title:** Check Truck Price lead form shows required validation when submitted empty on 4 Wheeler
**Language:** en

**Description:**
Open the 4 Wheeler page, open Check Truck Price, and submit with name, mobile and city all left empty.

**Expected Result:**
The real, page-shown validation messages for name, mobile and location are displayed, and no lead is submitted.

**Steps:**
1. Open the 4 Wheeler page
2. Click a truck card's ""Check Truck Price"" button to open its lead form
3. Leave name, mobile and city empty and submit
4. Verify all three required-field validation messages are shown","1681","TC-CL-02: Check Truck Price lead form shows required validation when submitted empty on 4 Wheeler","CategoryPages - CategoryListing [fourWheeler] [en] — 4 Wheeler","2026-08-24","passed","2026-08-24","","","",""
"","10207","TC-SRT-00: page links resolve 200/30x; broken links are logged, not failed","Homepage - SearchRightTruck [en]","2026-08-24","passed","2026-08-24","","","",""
"","1919","TC-SRT-16: does not navigate when Search is double-clicked with empty Brand tab","Homepage - SearchRightTruck [en]","2026-08-24","passed","2026-08-24","","","",""
"","2726","TC-TIY-09: View All does not keep Popular URL after switching to Latest","Homepage - TruckInIndia [en]","2026-08-24","passed","2026-08-24","","","",""
"**Test Case ID:** TC-CL-02
**Title:** Check Truck Price lead form shows required validation when submitted empty on Tippers
**Language:** en

**Description:**
Open the Tippers page, open Check Truck Price, and submit with name, mobile and city all left empty.

**Expected Result:**
The real, page-shown validation messages for name, mobile and location are displayed, and no lead is submitted.

**Steps:**
1. Open the Tippers page
2. Click a truck card's ""Check Truck Price"" button to open its lead form
3. Leave name, mobile and city empty and submit
4. Verify all three required-field validation messages are shown","6432","TC-CL-02: Check Truck Price lead form shows required validation when submitted empty on Tippers","CategoryPages - CategoryListing [tippers] [en] — Tippers","2026-08-24","passed","2026-08-24","","","",""
"**Test Case ID:** TC-CL-01
**Title:** Check Truck Price lead submits successfully on 6 Wheeler
**Language:** en

**Description:**
Open the 6 Wheeler page, click a truck card's ""Check Truck Price"" button to open its lead form, fill name, mobile and city, and submit.

**Expected Result:**
A Thank You confirmation is shown after a successful lead submission.

**Steps:**
1. Open the 6 Wheeler page
2. Click a truck card's ""Check Truck Price"" button to open its lead form
3. Fill name, mobile and city
4. Submit and verify Thank You confirmation","5432","TC-CL-01: Check Truck Price lead submits successfully on 6 Wheeler","CategoryPages - CategoryListing [sixWheeler] [en] — 6 Wheeler","2026-08-24","passed","2026-08-24","","","",""
"**Test Case ID:** TC-CL-01
**Title:** Check Truck Price lead submits successfully on 18 Wheeler
**Language:** en

**Description:**
Open the 18 Wheeler page, click a truck card's ""Check Truck Price"" button to open its lead form, fill name, mobile and city, and submit.

**Expected Result:**
A Thank You confirmation is shown after a successful lead submission.

**Steps:**
1. Open the 18 Wheeler page
2. Click a truck card's ""Check Truck Price"" button to open its lead form
3. Fill name, mobile and city
4. Submit and verify Thank You confirmation","3882","TC-CL-01: Check Truck Price lead submits successfully on 18 Wheeler","CategoryPages - CategoryListing [eighteenWheeler] [en] — 18 Wheeler","2026-08-24","passed","2026-08-24","","","",""
"**Test Case ID:** TC-BR-04
**Title:** Download Brochure lead submits successfully from the ""Latest"" tab on Brochure
**Language:** en

**Description:**
Open the Brochure page, switch the ""Best Selling Trucks"" carousel to the ""Latest"" tab, click a card's Download Brochure button to open its lead form (the same shared Check Offers modal used elsewhere on the page), fill name, mobile and city, and submit. Every tab is its own entry point even though all tabs open the same underlying form.

**Expected Result:**
A Thank You confirmation is shown after a successful lead submission.

**Steps:**
1. Open the Brochure page
2. Switch the Best Selling Trucks carousel to the ""Latest"" tab
3. Click a card's Download Brochure button to open its lead form
4. Fill name, mobile and city
5. Submit and verify Thank You confirmation","4193","TC-BR-04: Download Brochure lead submits successfully from the ""Latest"" tab on Brochure","Brochure - Brochure [en] — Brochure","2026-08-24","passed","2026-08-24","","","",""
"","6064","TC-CNT-00: page links resolve 200/30x; broken links are logged, not failed","UtilityPages - ContentPage [serviceCenter] [en] — Service Center","2026-08-24","passed","2026-08-24","","","",""
"**Test Case ID:** TC-PSH-01
**Title:** Popular Second Hand Truck section is visible
**Language:** hi

**Description:**
Open the homepage and locate Popular Second Hand Truck. Confirm the section and heading are shown.

**Expected Result:**
The Popular Second Hand Truck section is visible with the correct localized heading.

**Steps:**
1. Open the homepage for the selected language
2. Scroll to Popular Second Hand Truck
3. Verify the section and heading are visible","1439","TC-PSH-01: Popular Second Hand Truck section is visible","Homepage - PopularSecondHandTruck [hi]","2026-08-24","passed","2026-08-24","","","",""
"","9569","TC-LMC-00: page links resolve 200/30x; broken links are logged, not failed","Homepage - LatestModelsByCategory [hi]","2026-08-24","passed","2026-08-24","","","",""
"**Test Case ID:** TC-CL-01
**Title:** Check Truck Price lead submits successfully on 10 Wheeler
**Language:** en

**Description:**
Open the 10 Wheeler page, click a truck card's ""Check Truck Price"" button to open its lead form, fill name, mobile and city, and submit.

**Expected Result:**
A Thank You confirmation is shown after a successful lead submission.

**Steps:**
1. Open the 10 Wheeler page
2. Click a truck card's ""Check Truck Price"" button to open its lead form
3. Fill name, mobile and city
4. Submit and verify Thank You confirmation","4518","TC-CL-01: Check Truck Price lead submits successfully on 10 Wheeler","CategoryPages - CategoryListing [tenWheeler] [en] — 10 Wheeler","2026-08-24","passed","2026-08-24","","","",""
"**Test Case ID:** TC-NLP-02
**Title:** Check Truck Price lead submits successfully on Latest Trucks
**Language:** en

**Description:**
Open the Latest Trucks listing page, click Check Truck Price to open its lead form, fill name, mobile and city, and submit.

**Expected Result:**
A Thank You confirmation is shown after a successful lead submission. The submitted name is tagged with a page/CTA identifier for CRM traceability.

**Steps:**
1. Open the Latest Trucks listing page
2. Click Check Truck Price to open its lead form
3. Fill name, mobile and city
4. Submit and verify the confirmation","4823","TC-NLP-02: Check Truck Price lead submits successfully on Latest Trucks","ListingPages - NewListingPages [latestTrucks] [en] — Latest Trucks","2026-08-24","passed","2026-08-24","","","",""
"**Test Case ID:** TC-PTC-01
**Title:** Popular Truck Comparison section is visible
**Language:** hi

**Description:**
Open the homepage and locate Popular Truck Comparison. Confirm the section and heading are shown.

**Expected Result:**
The Popular Truck Comparison section is visible with the correct localized heading.

**Steps:**
1. Open the homepage for the selected language
2. Scroll to Popular Truck Comparison
3. Verify the section and heading are visible","1221","TC-PTC-01: Popular Truck Comparison section is visible","Homepage - PopularTruckComparison [hi]","2026-08-24","passed","2026-08-24","","","",""
"**Test Case ID:** TC-TMO-03
**Title:** Check Offers lead form rejects mobile that is not 10 digits on Offers
**Language:** en

**Description:**
Open the Offers page, open Check Offers on the default tab, fill a valid name, an invalid (5-digit) mobile number, and leave city empty, then submit.

**Expected Result:**
The real, page-shown mobile-format and location-required validation messages are displayed, and no lead is submitted.

**Steps:**
1. Open the Offers page
2. Click a model card's ""Check Offers"" button
3. Fill a valid name and an invalid mobile number
4. Submit with city left empty
5. Verify the mobile-format and location validation messages are shown","2042","TC-TMO-03: Check Offers lead form rejects mobile that is not 10 digits on Offers","UtilityPages - TabbedModelOffers [offers] [en] — Offers","2026-08-24","passed","2026-08-24","","","",""
"**Test Case ID:** TC-CL-02
**Title:** Check Truck Price lead form shows required validation when submitted empty on 6 Wheeler
**Language:** en

**Description:**
Open the 6 Wheeler page, open Check Truck Price, and submit with name, mobile and city all left empty.

**Expected Result:**
The real, page-shown validation messages for name, mobile and location are displayed, and no lead is submitted.

**Steps:**
1. Open the 6 Wheeler page
2. Click a truck card's ""Check Truck Price"" button to open its lead form
3. Leave name, mobile and city empty and submit
4. Verify all three required-field validation messages are shown","2228","TC-CL-02: Check Truck Price lead form shows required validation when submitted empty on 6 Wheeler","CategoryPages - CategoryListing [sixWheeler] [en] — 6 Wheeler","2026-08-24","passed","2026-08-24","","","",""
"**Test Case ID:** TC-ECV-03
**Title:** One Check Offers lead submits successfully
**Language:** en

**Description:**
Open Check Offers once from a card in Electric Commercial Vehicles, fill name, mobile and city, and submit. Only one lead form is exercised for this section.

**Expected Result:**
A Thank You confirmation is shown after a successful lead submission (same outcome users see after Check Offers elsewhere on the homepage).

**Steps:**
1. Open Electric Commercial Vehicles
2. Click Check Offers on one visible card
3. Fill name, mobile and city
4. Submit and verify Thank You confirmation","5682","TC-ECV-03: one Check Offers lead submits successfully","Homepage - ElectricCommercialVehicles [en]","2026-08-24","passed","2026-08-24","","","",""
"","14855","TC-PTC-00: page links resolve 200/30x; broken links are logged, not failed","Homepage - PopularTruckComparison [en]","2026-08-24","passed","2026-08-24","","","",""
"","9897","TC-SEO-00: page links resolve 200/30x; broken links are logged, not failed","SEO - HomePageSeoContent [en]","2026-08-24","passed","2026-08-24","","","",""
"**Test Case ID:** TC-PTC-05
**Title:** No visible product card links to a duplicate truck
**Language:** hi

**Description:**
Confirm every visible product name in Popular Truck Comparison links to a distinct truck.

**Expected Result:**
No two visible product cards share the same href.

**Steps:**
1. Open Popular Truck Comparison
2. Verify all visible product links are unique","1092","TC-PTC-05: no visible product card links to a duplicate truck","Homepage - PopularTruckComparison [hi]","2026-08-24","passed","2026-08-24","","","",""
"**Test Case ID:** TC-PTB-04
**Title:** No broken brand logos appear in Popular Truck Brands
**Language:** hi

**Description:**
Verify every brand logo image in the Popular Truck Brands section loads successfully and is not broken or missing.

**Expected Result:**
Each brand card logo has a valid image URL and the image finishes loading with a non-zero size (logo is visible to the user).

**Steps:**
1. Open the Popular Truck Brands section
2. For each brand card, check the logo image source
3. Confirm each logo image has loaded successfully","926","TC-PTB-04: no broken brand logos appear in Popular Truck Brands","Homepage - PopularTruckBrands [hi]","2026-08-24","passed","2026-08-24","","","",""
"","5820","TC-BUS-00: page links resolve 200/30x; broken links are logged, not failed","Buses - BusListing [upcomingBuses] [en] — Upcoming Buses","2026-08-24","passed","2026-08-24","","","",""
"**Test Case ID:** TC-BUS-01
**Title:** Lead submits successfully on Mahindra Buses
**Language:** en

**Description:**
Open the Mahindra Buses page, click ""Check Bus Price"" to open its lead form, fill name, mobile and city, and submit.

**Expected Result:**
A Thank You confirmation is shown after a successful lead submission.

**Steps:**
1. Open the Mahindra Buses page
2. Click ""Check Bus Price"" to open its lead form
3. Fill name, mobile and city
4. Submit and verify Thank You confirmation","4438","TC-BUS-01: lead submits successfully on Mahindra Buses","Buses - BusListing [mahindraBuses] [en] — Mahindra Buses","2026-08-24","passed","2026-08-24","","","",""
"**Test Case ID:** TC-CL-02
**Title:** Check Truck Price lead form shows required validation when submitted empty on LCV
**Language:** en

**Description:**
Open the LCV page, open Check Truck Price, and submit with name, mobile and city all left empty.

**Expected Result:**
The real, page-shown validation messages for name, mobile and location are displayed, and no lead is submitted.

**Steps:**
1. Open the LCV page
2. Click a truck card's ""Check Truck Price"" button to open its lead form
3. Leave name, mobile and city empty and submit
4. Verify all three required-field validation messages are shown","2013","TC-CL-02: Check Truck Price lead form shows required validation when submitted empty on LCV","CategoryPages - CategoryListing [lcv] [en] — LCV","2026-08-24","passed","2026-08-24","","","",""
"**Test Case ID:** TC-SEO-01
**Title:** About Truck Junction SEO block is visible with Read More
**Language:** en

**Description:**
Open the homepage and locate the About Truck Junction content block. Confirm the about heading and Read More control are shown.

**Expected Result:**
The About Truck Junction block is visible with the correct localized heading and a Read More button.

**Steps:**
1. Open the homepage for the selected language
2. Scroll to the About Truck Junction block
3. Verify the about heading and Read More are visible","1861","TC-SEO-01: About Truck Junction SEO block is visible with Read More","SEO - HomePageSeoContent [en]","2026-08-24","passed","2026-08-24","","","",""
"**Test Case ID:** TC-CL-04
**Title:** Call Now assistance lead submits successfully on CNG Trucks
**Language:** en

**Description:**
Open the CNG Trucks page, click the ""Still confused?"" widget's Call Now button to open the assistance lead form, fill model, name, mobile and city, and submit.

**Expected Result:**
The assistance form closes after a successful submission.

**Steps:**
1. Open the CNG Trucks page
2. Click Call Now to open the assistance lead form
3. Fill model, name, mobile and city
4. Submit and verify the assistance form closes","5403","TC-CL-04: Call Now assistance lead submits successfully on CNG Trucks","CategoryPages - CategoryListing [cng] [en] — CNG Trucks","2026-08-24","passed","2026-08-24","","","",""
"","1136","TC-CL-04: Call Now assistance lead submits successfully on Transit Mixer","CategoryPages - CategoryListing [transitMixer] [en] — Transit Mixer","2026-08-24","skipped","2026-08-24","","","",""
"","791","TC-CL-04: Call Now assistance lead submits successfully on 4 Wheeler","CategoryPages - CategoryListing [fourWheeler] [en] — 4 Wheeler","2026-08-24","skipped","2026-08-24","","","",""
"","1344","TC-SRT-08: shows body-type/brand error when Search is clicked with no body type selected","Homepage - SearchRightTruck [hi]","2026-08-24","passed","2026-08-24","","","",""
"**Test Case ID:** TC-BR-05
**Title:** Download Brochure lead form shows required validation when submitted empty on Brochure
**Language:** en

**Description:**
Open the Brochure page, click Download Brochure, and submit with name, mobile and city all left empty.

**Expected Result:**
The real, page-shown validation messages for name, mobile and location are displayed, and no lead is submitted.

**Steps:**
1. Open the Brochure page
2. Click Download Brochure to open its lead form
3. Leave name, mobile and city empty and submit
4. Verify all three required-field validation messages are shown","1639","TC-BR-05: Download Brochure lead form shows required validation when submitted empty on Brochure","Brochure - Brochure [en] — Brochure","2026-08-24","passed","2026-08-24","","","",""
"**Test Case ID:** TC-NLP-07
**Title:** Check Offers lead form rejects mobile that is not 10 digits on Upcoming Trucks
**Language:** en

**Description:**
Open the Upcoming Trucks listing page, open Check Offers, fill a valid name, an invalid (5-digit) mobile number, and leave city empty, then submit.

**Expected Result:**
The real, page-shown mobile-format and location-required validation messages are displayed, and no lead is submitted.

**Steps:**
1. Open the Upcoming Trucks listing page
2. Click Check Offers to open its lead form
3. Fill a valid name and an invalid mobile number
4. Submit with city left empty
5. Verify the mobile-format and location validation messages are shown","1816","TC-NLP-07: Check Offers lead form rejects mobile that is not 10 digits on Upcoming Trucks","ListingPages - NewListingPages [upcomingTrucks] [en] — Upcoming Trucks","2026-08-24","passed","2026-08-24","","","",""
"**Test Case ID:** TC-FRU-02
**Title:** All city links show expected name and used-truck-in URL
**Language:** hi

**Description:**
In Find Reliable Used Trucks Near You, verify every expected city appears with the correct name and city listing URL.

**Expected Result:**
Each city from test data is visible with the matching title and /{lang}/used-truck-in-{city} path.

**Steps:**
1. Open Find Reliable Used Trucks Near You
2. For each expected city, verify name and URL
3. Confirm the number of city links matches test data","1021","TC-FRU-02: all city links show expected name and used-truck-in URL","Homepage - FindReliableUsedTrucksNearYou [hi]","2026-08-24","passed","2026-08-24","","","",""
"","6845","TC-CNT-00: page links resolve 200/30x; broken links are logged, not failed","UtilityPages - ContentPage [videos] [en] — Videos","2026-08-24","passed","2026-08-24","","","",""
"**Test Case ID:** TC-FRU-01
**Title:** Find Reliable Used Trucks Near You section is visible
**Language:** hi

**Description:**
Open the homepage and locate Find Reliable Used Trucks Near You. Confirm the section and heading are shown.

**Expected Result:**
The section is visible with the correct localized heading and at least one city link.

**Steps:**
1. Open the homepage for the selected language
2. Scroll to Find Reliable Used Trucks Near You
3. Verify the section and heading are visible","1336","TC-FRU-01: Find Reliable Used Trucks Near You section is visible","Homepage - FindReliableUsedTrucksNearYou [hi]","2026-08-24","passed","2026-08-24","","","",""
"**Test Case ID:** TC-CL-03
**Title:** Check Truck Price lead form rejects mobile that is not 10 digits on Tempo Traveller
**Language:** en

**Description:**
Open the Tempo Traveller page, open Check Truck Price, fill a valid name, an invalid (5-digit) mobile number, and leave city empty, then submit.

**Expected Result:**
The real, page-shown mobile-format and location-required validation messages are displayed, and no lead is submitted.

**Steps:**
1. Open the Tempo Traveller page
2. Click a truck card's ""Check Truck Price"" button to open its lead form
3. Fill a valid name and an invalid mobile number
4. Submit with city left empty
5. Verify the mobile-format and location validation messages are shown","2106","TC-CL-03: Check Truck Price lead form rejects mobile that is not 10 digits on Tempo Traveller","CategoryPages - CategoryListing [tempoTraveller] [en] — Tempo Traveller","2026-08-24","passed","2026-08-24","","","",""
"**Test Case ID:** TC-NTPDP-13
**Title:** Images block for Tata Yodha 2.0
**Language:** en

**Description:**
Verify Images section when present on Tata Yodha 2.0.

**Expected Result:**
Images heading is visible, or skipped if not on this PDP.

**Steps:**
1. Open PDP
2. Locate Images heading if present","78","TC-NTPDP-13: Images block for Tata Yodha 2.0","PDP - NewTruckPdp [mostPopular] [en] — Tata Yodha 2.0","2026-08-24","passed","2026-08-24","","Page blocks (same session)","",""
"**Test Case ID:** TC-BUT-03
**Title:** Contact Seller lead form rejects mobile that is not 10 digits on Buy Used Trucks
**Language:** en

**Description:**
Open the Buy Used Trucks page, open Contact Seller, fill a valid name, an invalid (5-digit) mobile number, and leave city empty, then submit.

**Expected Result:**
The real, page-shown mobile-format and location-required validation messages are displayed, and no lead is submitted.

**Steps:**
1. Open the Buy Used Trucks page
2. Open the Contact Seller lead form from a visible card
3. Fill a valid name and an invalid mobile number
4. Submit with city left empty
5. Verify the mobile-format and location validation messages are shown","2253","TC-BUT-03: Contact Seller lead form rejects mobile that is not 10 digits on Buy Used Trucks","UsedTruck - BuyUsedTrucks [en] — Buy Used Trucks","2026-08-24","passed","2026-08-24","","","",""
"**Test Case ID:** TC-SEO-06
**Title:** Read Less collapses the About Truck Junction content back
**Language:** ta

**Description:**
Expand via Read More, then click Read Less and confirm the block collapses back (Read More reappears).

**Expected Result:**
After Read Less, the block is collapsed and Read More is visible again.

**Steps:**
1. Open the About Truck Junction block
2. Click Read More, then Read Less
3. Verify Read More is shown again","887","TC-SEO-06: Read Less collapses the About Truck Junction content back","SEO - HomePageSeoContent [ta]","2026-08-24","passed","2026-08-24","","","",""
"**Test Case ID:** TC-BDM-01
**Title:** Talk To Dealer lead submits successfully on Body Makers
**Language:** en

**Description:**
Open the Body Makers page, click a dealer card's ""Talk To Dealer"" button to open its lead form, fill name, mobile, city, brand and model, and submit.

**Expected Result:**
A Thank You confirmation is shown after a successful lead submission.

**Steps:**
1. Open the Body Makers page
2. Click a dealer card's ""Talk To Dealer"" button to open its lead form
3. Fill name, mobile, city, brand and model
4. Submit and verify Thank You confirmation","4248","TC-BDM-01: Talk To Dealer lead submits successfully on Body Makers","UtilityPages - BodyMakers [en] — Body Makers","2026-08-24","passed","2026-08-24","","","",""
"","7","TC-NTPDP-21: Videos block for Eka 3W Cargo","PDP - NewTruckPdp [leastPopular] [en] — Eka 3W Cargo","2026-08-24","skipped","2026-08-24","","Page blocks (same session)","",""
"","735","TC-NLP-04: Notify Me lead submits successfully on Find New Trucks","ListingPages - NewListingPages [newTrucks] [en] — Find New Trucks","2026-08-24","skipped","2026-08-24","","","",""
"**Test Case ID:** TC-CL-02
**Title:** Check Truck Price lead form shows required validation when submitted empty on Diesel Trucks
**Language:** en

**Description:**
Open the Diesel Trucks page, open Check Truck Price, and submit with name, mobile and city all left empty.

**Expected Result:**
The real, page-shown validation messages for name, mobile and location are displayed, and no lead is submitted.

**Steps:**
1. Open the Diesel Trucks page
2. Click a truck card's ""Check Truck Price"" button to open its lead form
3. Leave name, mobile and city empty and submit
4. Verify all three required-field validation messages are shown","1938","TC-CL-02: Check Truck Price lead form shows required validation when submitted empty on Diesel Trucks","CategoryPages - CategoryListing [diesel] [en] — Diesel Trucks","2026-08-24","passed","2026-08-24","","","",""
"","8029","TC-TIY-18: Latest Check Offers submits lead and shows Thank You modal","Homepage - TruckInIndia [en]","2026-08-24","passed","2026-08-24","","","",""
"**Test Case ID:** TC-CL-03
**Title:** Check Truck Price lead form rejects mobile that is not 10 digits on 6 Wheeler
**Language:** en

**Description:**
Open the 6 Wheeler page, open Check Truck Price, fill a valid name, an invalid (5-digit) mobile number, and leave city empty, then submit.

**Expected Result:**
The real, page-shown mobile-format and location-required validation messages are displayed, and no lead is submitted.

**Steps:**
1. Open the 6 Wheeler page
2. Click a truck card's ""Check Truck Price"" button to open its lead form
3. Fill a valid name and an invalid mobile number
4. Submit with city left empty
5. Verify the mobile-format and location validation messages are shown","1972","TC-CL-03: Check Truck Price lead form rejects mobile that is not 10 digits on 6 Wheeler","CategoryPages - CategoryListing [sixWheeler] [en] — 6 Wheeler","2026-08-24","passed","2026-08-24","","","",""
"**Test Case ID:** TC-NLP-03
**Title:** Contact Seller lead submits successfully on Best Trucks
**Language:** en

**Description:**
Open the Best Trucks listing page, click Contact Seller to open its lead form, fill name, mobile and city, and submit.

**Expected Result:**
A Thank You confirmation is shown after a successful lead submission. The submitted name is tagged with a page/CTA identifier for CRM traceability.

**Steps:**
1. Open the Best Trucks listing page
2. Click Contact Seller to open its lead form
3. Fill name, mobile and city
4. Submit and verify the confirmation","18863","TC-NLP-03: Contact Seller lead submits successfully on Best Trucks","ListingPages - NewListingPages [bestTrucks] [en] — Best Trucks","2026-08-24","failed","2026-08-24","","","",""
"**Test Case ID:** TC-NLP-01
**Title:** Check Offers lead submits successfully on Best Trucks
**Language:** en

**Description:**
Open the Best Trucks listing page, click Check Offers to open its lead form, fill name, mobile and city, and submit.

**Expected Result:**
A Thank You confirmation is shown after a successful lead submission. The submitted name is tagged with a page/CTA identifier for CRM traceability.

**Steps:**
1. Open the Best Trucks listing page
2. Click Check Offers to open its lead form
3. Fill name, mobile and city
4. Submit and verify the confirmation","6404","TC-NLP-01: Check Offers lead submits successfully on Best Trucks","ListingPages - NewListingPages [bestTrucks] [en] — Best Trucks","2026-08-24","passed","2026-08-24","","","",""
"**Test Case ID:** TC-ECV-04
**Title:** View All opens electric listing
**Language:** hi

**Description:**
In Electric Commercial Vehicles, click View All and confirm the user is taken to the electric vehicles listing page.

**Expected Result:**
The URL is the electric listing path for the language (for example /en/electric in English).

**Steps:**
1. Open Electric Commercial Vehicles
2. Click View All
3. Verify the URL is the electric listing page","2926","TC-ECV-04: View All opens electric listing","Homepage - ElectricCommercialVehicles [hi]","2026-08-24","passed","2026-08-24","","","",""
"**Test Case ID:** TC-CL-03
**Title:** Check Truck Price lead form rejects mobile that is not 10 digits on LCV
**Language:** en

**Description:**
Open the LCV page, open Check Truck Price, fill a valid name, an invalid (5-digit) mobile number, and leave city empty, then submit.

**Expected Result:**
The real, page-shown mobile-format and location-required validation messages are displayed, and no lead is submitted.

**Steps:**
1. Open the LCV page
2. Click a truck card's ""Check Truck Price"" button to open its lead form
3. Fill a valid name and an invalid mobile number
4. Submit with city left empty
5. Verify the mobile-format and location validation messages are shown","2513","TC-CL-03: Check Truck Price lead form rejects mobile that is not 10 digits on LCV","CategoryPages - CategoryListing [lcv] [en] — LCV","2026-08-24","passed","2026-08-24","","","",""
"","1687","TC-SRT-13: lists expected body types with localized labels","Homepage - SearchRightTruck [hi]","2026-08-24","passed","2026-08-24","","","",""
"**Test Case ID:** TC-LMC-01
**Title:** Latest Models by Category section is visible with tabs
**Language:** en

**Description:**
Open the homepage and locate Latest Models by Category. Confirm the section heading and all category tabs are shown.

**Expected Result:**
The section is visible with the correct heading and tabs for 3 Wheelers, Auto Rickshaw, E Rickshaw, Mini Trucks, and SCV (localized for the language).

**Steps:**
1. Open the homepage for the selected language
2. Scroll to Latest Models by Category
3. Verify heading and all category tabs are visible","18401","TC-LMC-01: Latest Models by Category section is visible with tabs","Homepage - LatestModelsByCategory [en]","2026-08-24","broken","2026-08-24","","","",""
"**Test Case ID:** TC-PSH-05
**Title:** No visible product card links to a duplicate used truck
**Language:** en

**Description:**
Confirm every visible product name in Popular Second Hand Truck links to a distinct used truck.

**Expected Result:**
No two visible product cards share the same href.

**Steps:**
1. Open Popular Second Hand Truck
2. Verify all visible product links are unique","2300","TC-PSH-05: no visible product card links to a duplicate used truck","Homepage - PopularSecondHandTruck [en]","2026-08-24","passed","2026-08-24","","","",""
"**Test Case ID:** TC-PSH-03
**Title:** View All Used Trucks opens buy-used-trucks listing
**Language:** ta

**Description:**
Click View All Used Trucks in Popular Second Hand Truck and confirm the used trucks listing opens.

**Expected Result:**
The URL is the buy-used-trucks listing for the language (for example /en/buy-used-trucks).

**Steps:**
1. Open Popular Second Hand Truck
2. Click View All Used Trucks
3. Verify the buy-used-trucks listing URL","2803","TC-PSH-03: View All Used Trucks opens buy-used-trucks listing","Homepage - PopularSecondHandTruck [ta]","2026-08-24","passed","2026-08-24","","","",""
"","1331","TC-NLP-05: Call Now lead submits successfully on Best Trucks","ListingPages - NewListingPages [bestTrucks] [en] — Best Trucks","2026-08-24","skipped","2026-08-24","","","",""
"**Test Case ID:** TC-CT-03
**Title:** Check Offers lead form rejects mobile that is not 10 digits on Compare Trucks
**Language:** en

**Description:**
Open the Compare Trucks page, open the Check Offers lead form, fill a valid name, an invalid (5-digit) mobile number, and leave city empty, then submit.

**Expected Result:**
The real, page-shown mobile-format and location-required validation messages are displayed, and no lead is submitted.

**Steps:**
1. Open the Compare Trucks page
2. Open the Check Offers lead form
3. Fill a valid name and an invalid mobile number
4. Submit with city left empty
5. Verify the mobile-format and location validation messages are shown","1725","TC-CT-03: Check Offers lead form rejects mobile that is not 10 digits on Compare Trucks","Compare - CompareTrucks [en] — Compare Trucks","2026-08-24","passed","2026-08-24","","","",""
"**Test Case ID:** TC-LMC-04
**Title:** One Check Offers lead from ऑटो रिक्शा tab submits successfully
**Language:** hi

**Description:**
Open the ऑटो रिक्शा tab in Latest Models by Category, click Check Offers once, fill name/mobile/city, enter a 5-digit price/budget only if asked, and submit.

**Expected Result:**
A Thank You confirmation is shown after a successful lead submission from that tab.

**Steps:**
1. Open Latest Models by Category
2. Open the ऑटो रिक्शा tab
3. Click Check Offers on one visible card
4. Fill name, mobile and city (and 5-digit price/budget if shown)
5. Submit and verify Thank You confirmation","8396","TC-LMC-04: one Check Offers lead from ऑटो रिक्शा tab submits successfully","Homepage - LatestModelsByCategory [hi]","2026-08-24","passed","2026-08-24","","","",""
"**Test Case ID:** TC-PSH-01
**Title:** Popular Second Hand Truck section is visible
**Language:** ta

**Description:**
Open the homepage and locate Popular Second Hand Truck. Confirm the section and heading are shown.

**Expected Result:**
The Popular Second Hand Truck section is visible with the correct localized heading.

**Steps:**
1. Open the homepage for the selected language
2. Scroll to Popular Second Hand Truck
3. Verify the section and heading are visible","1683","TC-PSH-01: Popular Second Hand Truck section is visible","Homepage - PopularSecondHandTruck [ta]","2026-08-24","passed","2026-08-24","","","",""
"","8859","TC-TBB-00: page links resolve 200/30x; broken links are logged, not failed","Homepage - TheBuzzBoard [hi]","2026-08-24","passed","2026-08-24","","","",""
"**Test Case ID:** TC-PTC-04
**Title:** View All Comparison link does not reuse a product card's URL
**Language:** en

**Description:**
Confirm the View All Comparison link does not accidentally point at the first product card's PDP URL.

**Expected Result:**
View All Comparison and the first product card link to different URLs.

**Steps:**
1. Open Popular Truck Comparison
2. Verify View All's href differs from the first product's href","1549","TC-PTC-04: View All Comparison link does not reuse a product card's URL","Homepage - PopularTruckComparison [en]","2026-08-24","passed","2026-08-24","","","",""
"**Test Case ID:** TC-NTPDP-16
**Title:** Dealers, Service & Spare Parts for Tata Yodha 2.0
**Language:** en

**Description:**
Verify Dealers / Service / Spare Parts when present on Tata Yodha 2.0.

**Expected Result:**
Dealers heading is visible, or skipped.

**Steps:**
1. Open PDP
2. Locate Dealers section if present","65","TC-NTPDP-16: Dealers, Service & Spare Parts for Tata Yodha 2.0","PDP - NewTruckPdp [mostPopular] [en] — Tata Yodha 2.0","2026-08-24","passed","2026-08-24","","Page blocks (same session)","",""
"**Test Case ID:** TC-CL-01
**Title:** Check Truck Price lead submits successfully on Tippers
**Language:** en

**Description:**
Open the Tippers page, click a truck card's ""Check Truck Price"" button to open its lead form, fill name, mobile and city, and submit.

**Expected Result:**
A Thank You confirmation is shown after a successful lead submission.

**Steps:**
1. Open the Tippers page
2. Click a truck card's ""Check Truck Price"" button to open its lead form
3. Fill name, mobile and city
4. Submit and verify Thank You confirmation","5704","TC-CL-01: Check Truck Price lead submits successfully on Tippers","CategoryPages - CategoryListing [tippers] [en] — Tippers","2026-08-24","passed","2026-08-24","","","",""
"**Test Case ID:** TC-NLP-05
**Title:** Call Now lead submits successfully on Find New Trucks
**Language:** en

**Description:**
Open the Find New Trucks listing page, click Call Now to open its lead form, fill name, mobile and city, and submit.

**Expected Result:**
The assistance lead form closes after a successful submission (verified via the real submit network call). The submitted name is tagged with a page/CTA identifier for CRM traceability.

**Steps:**
1. Open the Find New Trucks listing page
2. Click Call Now to open its lead form
3. Fill name, mobile and city
4. Submit and verify the confirmation","18367","TC-NLP-05: Call Now lead submits successfully on Find New Trucks","ListingPages - NewListingPages [newTrucks] [en] — Find New Trucks","2026-08-24","broken","2026-08-24","","","",""
"**Test Case ID:** TC-CL-01
**Title:** Check Truck Price lead submits successfully on 16 Wheeler
**Language:** en

**Description:**
Open the 16 Wheeler page, click a truck card's ""Check Truck Price"" button to open its lead form, fill name, mobile and city, and submit.

**Expected Result:**
A Thank You confirmation is shown after a successful lead submission.

**Steps:**
1. Open the 16 Wheeler page
2. Click a truck card's ""Check Truck Price"" button to open its lead form
3. Fill name, mobile and city
4. Submit and verify Thank You confirmation","4092","TC-CL-01: Check Truck Price lead submits successfully on 16 Wheeler","CategoryPages - CategoryListing [sixteenWheeler] [en] — 16 Wheeler","2026-08-24","passed","2026-08-24","","","",""
"","1120","TC-NLP-07: Check Offers lead form rejects mobile that is not 10 digits on Popular Truck","ListingPages - NewListingPages [popularTrucks] [en] — Popular Truck","2026-08-24","skipped","2026-08-24","","","",""
"**Test Case ID:** TC-CL-04
**Title:** Call Now assistance lead submits successfully on Hydrogen Trucks
**Language:** en

**Description:**
Open the Hydrogen Trucks page, click the ""Still confused?"" widget's Call Now button to open the assistance lead form, fill model, name, mobile and city, and submit.

**Expected Result:**
The assistance form closes after a successful submission.

**Steps:**
1. Open the Hydrogen Trucks page
2. Click Call Now to open the assistance lead form
3. Fill model, name, mobile and city
4. Submit and verify the assistance form closes","5466","TC-CL-04: Call Now assistance lead submits successfully on Hydrogen Trucks","CategoryPages - CategoryListing [hydrogen] [en] — Hydrogen Trucks","2026-08-24","passed","2026-08-24","","","",""
"**Test Case ID:** TC-SEO-02
**Title:** Read More expands the About Truck Junction content
**Language:** en

**Description:**
Click Read More on the About Truck Junction block and confirm the content expands (Read Less is shown).

**Expected Result:**
After Read More, the block is expanded and the Read Less control is visible to the user.

**Steps:**
1. Open the About Truck Junction block
2. Click Read More
3. Verify Read Less is shown","871","TC-SEO-02: Read More expands the About Truck Junction content","SEO - HomePageSeoContent [en]","2026-08-24","passed","2026-08-24","","","",""
"**Test Case ID:** TC-NTPDP-05
**Title:** SecondaryNavbar items for Eka 3W Cargo
**Language:** en

**Description:**
After the launch lead is closed, verify the SecondaryNavbar (sticky jump links) shows every expected item for Eka 3W Cargo.

**Expected Result:**
SecondaryNavbar is visible and each expected link/label (Price, Specification, …) is shown.

**Steps:**
1. Open PDP and close Get Offers lead
2. Locate SecondaryNavbar
3. Verify each expected nav item","99","TC-NTPDP-05: SecondaryNavbar items for Eka 3W Cargo","PDP - NewTruckPdp [leastPopular] [en] — Eka 3W Cargo","2026-08-24","passed","2026-08-24","","Page blocks (same session)","",""
"**Test Case ID:** TC-PTB-07
**Title:** Popular Truck Brands shows no card for a nonexistent brand
**Language:** hi

**Description:**
Confirm no brand card links to a made-up, nonexistent brand slug.

**Expected Result:**
Zero brand cards match a nonexistent brand slug.

**Steps:**
1. Open the Popular Truck Brands section
2. Look for a card linking to a nonexistent brand slug
3. Verify none exists","2067","TC-PTB-07: Popular Truck Brands shows no card for a nonexistent brand","Homepage - PopularTruckBrands [hi]","2026-08-24","passed","2026-08-24","","","",""
"**Test Case ID:** TC-PTC-01
**Title:** Popular Truck Comparison section is visible
**Language:** en

**Description:**
Open the homepage and locate Popular Truck Comparison. Confirm the section and heading are shown.

**Expected Result:**
The Popular Truck Comparison section is visible with the correct localized heading.

**Steps:**
1. Open the homepage for the selected language
2. Scroll to Popular Truck Comparison
3. Verify the section and heading are visible","4071","TC-PTC-01: Popular Truck Comparison section is visible","Homepage - PopularTruckComparison [en]","2026-08-24","passed","2026-08-24","","","",""
"**Test Case ID:** TC-LTU-01
**Title:** Latest Truck Updates section is visible with videos
**Language:** ta

**Description:**
Open the homepage and locate Latest Truck Updates. Confirm the section heading and at least one video title are shown.

**Expected Result:**
Latest Truck Updates is visible with the correct localized heading and one or more video titles.

**Steps:**
1. Open the homepage for the selected language
2. Scroll to Latest Truck Updates
3. Verify heading and video titles are visible","1075","TC-LTU-01: Latest Truck Updates section is visible with videos","Homepage - LatestTruckUpdates [ta]","2026-08-24","passed","2026-08-24","","","",""
"**Test Case ID:** TC-CL-01
**Title:** Check Truck Price lead submits successfully on LCV
**Language:** en

**Description:**
Open the LCV page, click a truck card's ""Check Truck Price"" button to open its lead form, fill name, mobile and city, and submit.

**Expected Result:**
A Thank You confirmation is shown after a successful lead submission.

**Steps:**
1. Open the LCV page
2. Click a truck card's ""Check Truck Price"" button to open its lead form
3. Fill name, mobile and city
4. Submit and verify Thank You confirmation","5257","TC-CL-01: Check Truck Price lead submits successfully on LCV","CategoryPages - CategoryListing [lcv] [en] — LCV","2026-08-24","passed","2026-08-24","","","",""
"","6769","TC-CL-00: page links resolve 200/30x; broken links are logged, not failed","CategoryPages - CategoryListing [eightWheeler] [en] — 8 Wheeler","2026-08-24","passed","2026-08-24","","","",""
"**Test Case ID:** TC-CL-01
**Title:** Check Truck Price lead submits successfully on 14 Wheeler
**Language:** en

**Description:**
Open the 14 Wheeler page, click a truck card's ""Check Truck Price"" button to open its lead form, fill name, mobile and city, and submit.

**Expected Result:**
A Thank You confirmation is shown after a successful lead submission.

**Steps:**
1. Open the 14 Wheeler page
2. Click a truck card's ""Check Truck Price"" button to open its lead form
3. Fill name, mobile and city
4. Submit and verify Thank You confirmation","3897","TC-CL-01: Check Truck Price lead submits successfully on 14 Wheeler","CategoryPages - CategoryListing [fourteenWheeler] [en] — 14 Wheeler","2026-08-24","passed","2026-08-24","","","",""
"**Test Case ID:** TC-PTB-02
**Title:** All popular brand cards show name, logo, title and brand URL
**Language:** en

**Description:**
In the Popular Truck Brands section, verify every expected brand card displays the brand name, logo image, accessible title, and link to that brand’s page.

**Expected Result:**
Each brand from test data appears once with the correct visible name, logo, title attribute, and href pointing to the brand page for that language.

**Steps:**
1. Open the Popular Truck Brands section
2. For each expected brand, verify name, logo, title and URL
3. Confirm the total number of brand cards matches test data","18172","TC-PTB-02: all popular brand cards show name, logo, title and brand URL","Homepage - PopularTruckBrands [en]","2026-08-24","failed","2026-08-24","","","",""
"**Test Case ID:** TC-PTC-05
**Title:** No visible product card links to a duplicate truck
**Language:** ta

**Description:**
Confirm every visible product name in Popular Truck Comparison links to a distinct truck.

**Expected Result:**
No two visible product cards share the same href.

**Steps:**
1. Open Popular Truck Comparison
2. Verify all visible product links are unique","861","TC-PTC-05: no visible product card links to a duplicate truck","Homepage - PopularTruckComparison [ta]","2026-08-24","passed","2026-08-24","","","",""
"**Test Case ID:** TC-PTB-02
**Title:** All popular brand cards show name, logo, title and brand URL
**Language:** hi

**Description:**
In the Popular Truck Brands section, verify every expected brand card displays the brand name, logo image, accessible title, and link to that brand’s page.

**Expected Result:**
Each brand from test data appears once with the correct visible name, logo, title attribute, and href pointing to the brand page for that language.

**Steps:**
1. Open the Popular Truck Brands section
2. For each expected brand, verify name, logo, title and URL
3. Confirm the total number of brand cards matches test data","16646","TC-PTB-02: all popular brand cards show name, logo, title and brand URL","Homepage - PopularTruckBrands [hi]","2026-08-24","failed","2026-08-24","","","",""
"","16220","TC-SEO-00: page links resolve 200/30x; broken links are logged, not failed","SEO - HomePageSeoContent [ta]","2026-08-24","passed","2026-08-24","","","",""
"**Test Case ID:** TC-ECV-02
**Title:** First product name navigates to truck PDP
**Language:** ta

**Description:**
In Electric Commercial Vehicles, click the first visible truck product name (not the image) and confirm the user opens that truck’s product detail page.

**Expected Result:**
The browser URL matches the product’s truck PDP path for the selected language (for example /en/{brand}-truck/{model}).

**Steps:**
1. Open the Electric Commercial Vehicles section
2. Click the first visible product name link
3. Verify the URL is the matching truck PDP","17042","TC-ECV-02: first product name navigates to truck PDP","Homepage - ElectricCommercialVehicles [ta]","2026-08-24","broken","2026-08-24","","","",""
"","1165","TC-CL-04: Call Now assistance lead submits successfully on 14 Wheeler","CategoryPages - CategoryListing [fourteenWheeler] [en] — 14 Wheeler","2026-08-24","skipped","2026-08-24","","","",""
"**Test Case ID:** TC-CL-02
**Title:** Check Truck Price lead form shows required validation when submitted empty on LNG Trucks
**Language:** en

**Description:**
Open the LNG Trucks page, open Check Truck Price, and submit with name, mobile and city all left empty.

**Expected Result:**
The real, page-shown validation messages for name, mobile and location are displayed, and no lead is submitted.

**Steps:**
1. Open the LNG Trucks page
2. Click a truck card's ""Check Truck Price"" button to open its lead form
3. Leave name, mobile and city empty and submit
4. Verify all three required-field validation messages are shown","1869","TC-CL-02: Check Truck Price lead form shows required validation when submitted empty on LNG Trucks","CategoryPages - CategoryListing [lng] [en] — LNG Trucks","2026-08-24","passed","2026-08-24","","","",""
"**Test Case ID:** TC-NTPDP-11
**Title:** Pros & Cons block for Tata Yodha 2.0
**Language:** en

**Description:**
Verify Pros & Cons when present on Tata Yodha 2.0.

**Expected Result:**
Pros & Cons heading is visible, or skipped if not on this PDP.

**Steps:**
1. Open PDP
2. Locate Pros & Cons if present","76","TC-NTPDP-11: Pros & Cons block for Tata Yodha 2.0","PDP - NewTruckPdp [mostPopular] [en] — Tata Yodha 2.0","2026-08-24","passed","2026-08-24","","Page blocks (same session)","",""
"**Test Case ID:** TC-FRU-04
**Title:** No city link shares another city's listing URL
**Language:** en

**Description:**
Confirm the first two city links do not point at each other's used-truck-in URL.

**Expected Result:**
Each city card links only to its own city listing URL.

**Steps:**
1. Open Find Reliable Used Trucks Near You
2. Verify the first city's link does not use the second city's URL, and vice versa","1841","TC-FRU-04: no city link shares another city's listing URL","Homepage - FindReliableUsedTrucksNearYou [en]","2026-08-24","passed","2026-08-24","","","",""
"","1811","TC-SRT-10: switches tabs and updates select placeholders","Homepage - SearchRightTruck [hi]","2026-08-24","passed","2026-08-24","","","",""
"**Test Case ID:** TC-BUS-02
**Title:** Lead form shows required validation when submitted empty on Latest Buses
**Language:** en

**Description:**
Open the Latest Buses page, open the lead form via ""Check Bus Price"", and submit with name, mobile and city all left empty.

**Expected Result:**
The real, page-shown validation messages for name, mobile and location are displayed, and no lead is submitted.

**Steps:**
1. Open the Latest Buses page
2. Click ""Check Bus Price"" to open its lead form
3. Leave name, mobile and city empty and submit
4. Verify all three required-field validation messages are shown","1652","TC-BUS-02: lead form shows required validation when submitted empty on Latest Buses","Buses - BusListing [latestBuses] [en] — Latest Buses","2026-08-24","passed","2026-08-24","","","",""
"","15216","TC-SEO-00: page links resolve 200/30x; broken links are logged, not failed","SEO - HomePageSeoContent [hi]","2026-08-24","passed","2026-08-24","","","",""
"**Test Case ID:** TC-LTU-01
**Title:** Latest Truck Updates section is visible with videos
**Language:** hi

**Description:**
Open the homepage and locate Latest Truck Updates. Confirm the section heading and at least one video title are shown.

**Expected Result:**
Latest Truck Updates is visible with the correct localized heading and one or more video titles.

**Steps:**
1. Open the homepage for the selected language
2. Scroll to Latest Truck Updates
3. Verify heading and video titles are visible","1331","TC-LTU-01: Latest Truck Updates section is visible with videos","Homepage - LatestTruckUpdates [hi]","2026-08-24","passed","2026-08-24","","","",""
"**Test Case ID:** TC-ECH-04
**Title:** Check Offers lead form rejects mobile that is not 10 digits on E Challan
**Language:** en

**Description:**
Open the E Challan page, open Check Offers, fill a valid name, an invalid (5-digit) mobile number, and leave city empty, then submit.

**Expected Result:**
The real, page-shown mobile-format and location-required validation messages are displayed, and no lead is submitted.

**Steps:**
1. Open the E Challan page
2. Open the Check Offers lead form
3. Fill a valid name and an invalid mobile number
4. Submit with city left empty
5. Verify the mobile-format and location validation messages are shown","1775","TC-ECH-04: Check Offers lead form rejects mobile that is not 10 digits on E Challan","UsedTruck - EChallan [en] — E Challan","2026-08-24","passed","2026-08-24","","","",""
"**Test Case ID:** TC-CL-03
**Title:** Check Truck Price lead form rejects mobile that is not 10 digits on Petrol Trucks
**Language:** en

**Description:**
Open the Petrol Trucks page, open Check Truck Price, fill a valid name, an invalid (5-digit) mobile number, and leave city empty, then submit.

**Expected Result:**
The real, page-shown mobile-format and location-required validation messages are displayed, and no lead is submitted.

**Steps:**
1. Open the Petrol Trucks page
2. Click a truck card's ""Check Truck Price"" button to open its lead form
3. Fill a valid name and an invalid mobile number
4. Submit with city left empty
5. Verify the mobile-format and location validation messages are shown","2317","TC-CL-03: Check Truck Price lead form rejects mobile that is not 10 digits on Petrol Trucks","CategoryPages - CategoryListing [petrol] [en] — Petrol Trucks","2026-08-24","passed","2026-08-24","","","",""
"","2206","TC-CL-04: Call Now assistance lead submits successfully on 10 Wheeler","CategoryPages - CategoryListing [tenWheeler] [en] — 10 Wheeler","2026-08-24","skipped","2026-08-24","","","",""
"","17785","TC-BR-00: page links resolve 200/30x; broken links are logged, not failed","Brochure - Brochure [en] — Brochure","2026-08-24","passed","2026-08-24","","","",""
"**Test Case ID:** TC-CL-02
**Title:** Check Truck Price lead form shows required validation when submitted empty on Auto Rickshaw
**Language:** en

**Description:**
Open the Auto Rickshaw page, open Check Truck Price, and submit with name, mobile and city all left empty.

**Expected Result:**
The real, page-shown validation messages for name, mobile and location are displayed, and no lead is submitted.

**Steps:**
1. Open the Auto Rickshaw page
2. Click a truck card's ""Check Truck Price"" button to open its lead form
3. Leave name, mobile and city empty and submit
4. Verify all three required-field validation messages are shown","2338","TC-CL-02: Check Truck Price lead form shows required validation when submitted empty on Auto Rickshaw","CategoryPages - CategoryListing [autoRickshaw] [en] — Auto Rickshaw","2026-08-24","passed","2026-08-24","","","",""
"","857","TC-CL-04: Call Now assistance lead submits successfully on 18 Wheeler","CategoryPages - CategoryListing [eighteenWheeler] [en] — 18 Wheeler","2026-08-24","skipped","2026-08-24","","","",""
"","2913","TC-SRT-12: loads model options for a brand including top models from test data","Homepage - SearchRightTruck [en]","2026-08-24","passed","2026-08-24","","","",""
"","10429","TC-CL-00: page links resolve 200/30x; broken links are logged, not failed","CategoryPages - CategoryListing [lng] [en] — LNG Trucks","2026-08-24","passed","2026-08-24","","","",""
"**Test Case ID:** TC-PSH-04
**Title:** View All Used Trucks link does not reuse a product card's URL
**Language:** en

**Description:**
Confirm the View All Used Trucks link does not accidentally point at the first product card's PDP URL.

**Expected Result:**
View All Used Trucks and the first product card link to different URLs.

**Steps:**
1. Open Popular Second Hand Truck
2. Verify View All's href differs from the first product's href","1580","TC-PSH-04: View All Used Trucks link does not reuse a product card's URL","Homepage - PopularSecondHandTruck [en]","2026-08-24","passed","2026-08-24","","","",""
"","16891","TC-TSR-00: page links resolve 200/30x; broken links are logged, not failed","CategoryPages - CategoryListingTruckSeries [tataAce] [en] — Tata Ace","2026-08-24","passed","2026-08-24","","","",""
"**Test Case ID:** TC-TBB-01
**Title:** The Buzz Board section is visible with news articles
**Language:** en

**Description:**
Open the homepage and locate The Buzz Board. Confirm the section heading and at least one news article title are shown.

**Expected Result:**
The Buzz Board is visible with the correct localized heading and one or more news article titles.

**Steps:**
1. Open the homepage for the selected language
2. Scroll to The Buzz Board
3. Verify heading and article titles are visible","5205","TC-TBB-01: The Buzz Board section is visible with news articles","Homepage - TheBuzzBoard [en]","2026-08-24","passed","2026-08-24","","","",""
"**Test Case ID:** TC-PTC-02
**Title:** First compared truck name navigates to truck PDP
**Language:** hi

**Description:**
Click the first visible truck name in Popular Truck Comparison and confirm that truck’s product detail page opens.

**Expected Result:**
The browser URL matches that truck’s PDP path for the selected language.

**Steps:**
1. Open Popular Truck Comparison
2. Click the first visible truck name
3. Verify the URL is the matching truck PDP","2886","TC-PTC-02: first compared truck name navigates to truck PDP","Homepage - PopularTruckComparison [hi]","2026-08-24","passed","2026-08-24","","","",""
"**Test Case ID:** TC-NTPDP-14
**Title:** Features block for Eka 3W Cargo
**Language:** en

**Description:**
Verify Features section for Eka 3W Cargo.

**Expected Result:**
Features heading is visible.

**Steps:**
1. Open PDP
2. Scroll to Features
3. Verify heading","61","TC-NTPDP-14: Features block for Eka 3W Cargo","PDP - NewTruckPdp [leastPopular] [en] — Eka 3W Cargo","2026-08-24","passed","2026-08-24","","Page blocks (same session)","",""
"","9030","TC-CL-00: page links resolve 200/30x; broken links are logged, not failed","CategoryPages - CategoryListing [hcv] [en] — HCV","2026-08-24","passed","2026-08-24","","","",""
"","1862","TC-TIY-06: switching to Upcoming updates View All label and URL for upcoming trucks","Homepage - TruckInIndia [en]","2026-08-24","passed","2026-08-24","","","",""
"**Test Case ID:** TC-CVP-04
**Title:** Check Offers lead form rejects mobile that is not 10 digits on CV Permit
**Language:** en

**Description:**
Open the CV Permit page, open Check Offers, fill a valid name, an invalid (5-digit) mobile number, and leave city empty, then submit.

**Expected Result:**
The real, page-shown mobile-format and location-required validation messages are displayed, and no lead is submitted.

**Steps:**
1. Open the CV Permit page
2. Open the Check Offers lead form
3. Fill a valid name and an invalid mobile number
4. Submit with city left empty
5. Verify the mobile-format and location validation messages are shown","1754","TC-CVP-04: Check Offers lead form rejects mobile that is not 10 digits on CV Permit","UsedTruck - CvPermit [en] — CV Permit","2026-08-24","passed","2026-08-24","","","",""
"","6349","TC-CNT-00: page links resolve 200/30x; broken links are logged, not failed","UtilityPages - ContentPage [brandAndTonnage] [en] — Brand And Tonnage","2026-08-24","passed","2026-08-24","","","",""
"","8544","TC-BUS-00: page links resolve 200/30x; broken links are logged, not failed","Buses - BusListing [tataBuses] [en] — Tata Buses","2026-08-24","passed","2026-08-24","","","",""
"","1584","TC-CL-04: Call Now assistance lead submits successfully on 12 Wheeler","CategoryPages - CategoryListing [twelveWheeler] [en] — 12 Wheeler","2026-08-24","skipped","2026-08-24","","","",""
"**Test Case ID:** TC-CL-01
**Title:** Check Truck Price lead submits successfully on HCV
**Language:** en

**Description:**
Open the HCV page, click a truck card's ""Check Truck Price"" button to open its lead form, fill name, mobile and city, and submit.

**Expected Result:**
A Thank You confirmation is shown after a successful lead submission.

**Steps:**
1. Open the HCV page
2. Click a truck card's ""Check Truck Price"" button to open its lead form
3. Fill name, mobile and city
4. Submit and verify Thank You confirmation","4108","TC-CL-01: Check Truck Price lead submits successfully on HCV","CategoryPages - CategoryListing [hcv] [en] — HCV","2026-08-24","passed","2026-08-24","","","",""
"**Test Case ID:** TC-SUT-03
**Title:** Wizard rejects fewer than 2 uploaded photos on Sell Used Trucks
**Language:** en

**Description:**
Complete Steps 1 and 2, then on Step 3 upload only one photo (the site requires a minimum of 2) and click Next.

**Expected Result:**
The real ""Please upload atleast 2 images for your listing"" validation message is shown, and the wizard stays on Step 3 — the Full Name field (Step 4) never appears.

**Steps:**
1. Open the Sell Used Trucks page
2. Complete Step 1 (brand) and Step 2 (model/year/km/price)
3. Upload only one photo on Step 3 and click Next
4. Verify the minimum-2-images validation message is shown","3312","TC-SUT-03: wizard rejects fewer than 2 uploaded photos on Sell Used Trucks","UsedTruck - SellUsedTrucks [en] — Sell Used Trucks","2026-08-24","passed","2026-08-24","","","",""
"**Test Case ID:** TC-ECH-03
**Title:** Check Offers lead form shows required validation when submitted empty on E Challan
**Language:** en

**Description:**
Open the E Challan page, open Check Offers, and submit with name, mobile and city all left empty.

**Expected Result:**
The real, page-shown validation messages for name, mobile and location are displayed, and no lead is submitted.

**Steps:**
1. Open the E Challan page
2. Open the Check Offers lead form
3. Leave name, mobile and city empty and submit
4. Verify all three required-field validation messages are shown","1660","TC-ECH-03: Check Offers lead form shows required validation when submitted empty on E Challan","UsedTruck - EChallan [en] — E Challan","2026-08-24","passed","2026-08-24","","","",""
"**Test Case ID:** TC-NTPDP-25
**Title:** Book Free Test Drive CTA for Tata Yodha 2.0
**Language:** en

**Description:**
Confirm Book Free Test Drive is shown on Tata Yodha 2.0.

**Expected Result:**
Book Free Test Drive control is visible.

**Steps:**
1. Open PDP
2. Locate Book Free Test Drive
3. Verify visible","95","TC-NTPDP-25: Book Free Test Drive CTA for Tata Yodha 2.0","PDP - NewTruckPdp [mostPopular] [en] — Tata Yodha 2.0","2026-08-24","passed","2026-08-24","","Page blocks (same session)","",""
"**Test Case ID:** TC-NLP-05
**Title:** Call Now lead submits successfully on BS6 Trucks
**Language:** en

**Description:**
Open the BS6 Trucks listing page, click Call Now to open its lead form, fill name, mobile and city, and submit.

**Expected Result:**
The assistance lead form closes after a successful submission (verified via the real submit network call). The submitted name is tagged with a page/CTA identifier for CRM traceability.

**Steps:**
1. Open the BS6 Trucks listing page
2. Click Call Now to open its lead form
3. Fill name, mobile and city
4. Submit and verify the confirmation","18462","TC-NLP-05: Call Now lead submits successfully on BS6 Trucks","ListingPages - NewListingPages [bs6Trucks] [en] — BS6 Trucks","2026-08-24","broken","2026-08-24","","","",""
"**Test Case ID:** TC-CL-04
**Title:** Call Now assistance lead submits successfully on Petrol Trucks
**Language:** en

**Description:**
Open the Petrol Trucks page, click the ""Still confused?"" widget's Call Now button to open the assistance lead form, fill model, name, mobile and city, and submit.

**Expected Result:**
The assistance form closes after a successful submission.

**Steps:**
1. Open the Petrol Trucks page
2. Click Call Now to open the assistance lead form
3. Fill model, name, mobile and city
4. Submit and verify the assistance form closes","9434","TC-CL-04: Call Now assistance lead submits successfully on Petrol Trucks","CategoryPages - CategoryListing [petrol] [en] — Petrol Trucks","2026-08-24","passed","2026-08-24","","","",""
"","6733","TC-CL-04: Call Now assistance lead submits successfully on 22 Wheeler","CategoryPages - CategoryListing [twentyTwoWheeler] [en] — 22 Wheeler","2026-08-24","skipped","2026-08-24","","","",""
"**Test Case ID:** TC-ECV-02
**Title:** First product name navigates to truck PDP
**Language:** hi

**Description:**
In Electric Commercial Vehicles, click the first visible truck product name (not the image) and confirm the user opens that truck’s product detail page.

**Expected Result:**
The browser URL matches the product’s truck PDP path for the selected language (for example /en/{brand}-truck/{model}).

**Steps:**
1. Open the Electric Commercial Vehicles section
2. Click the first visible product name link
3. Verify the URL is the matching truck PDP","16670","TC-ECV-02: first product name navigates to truck PDP","Homepage - ElectricCommercialVehicles [hi]","2026-08-24","broken","2026-08-24","","","",""
"","867","TC-NLP-03: Contact Seller lead submits successfully on Upcoming Trucks","ListingPages - NewListingPages [upcomingTrucks] [en] — Upcoming Trucks","2026-08-24","skipped","2026-08-24","","","",""
"**Test Case ID:** TC-CL-04
**Title:** Call Now assistance lead submits successfully on Bi Fuel Trucks
**Language:** en

**Description:**
Open the Bi Fuel Trucks page, click the ""Still confused?"" widget's Call Now button to open the assistance lead form, fill model, name, mobile and city, and submit.

**Expected Result:**
The assistance form closes after a successful submission.

**Steps:**
1. Open the Bi Fuel Trucks page
2. Click Call Now to open the assistance lead form
3. Fill model, name, mobile and city
4. Submit and verify the assistance form closes","6187","TC-CL-04: Call Now assistance lead submits successfully on Bi Fuel Trucks","CategoryPages - CategoryListing [biFuel] [en] — Bi Fuel Trucks","2026-08-24","passed","2026-08-24","","","",""
"**Test Case ID:** TC-TMO-02
**Title:** Check Offers lead form shows required validation when submitted empty on Offers
**Language:** en

**Description:**
Open the Offers page, open Check Offers on the default tab, and submit with name, mobile and city all left empty.

**Expected Result:**
The real, page-shown validation messages for name, mobile and location are displayed, and no lead is submitted.

**Steps:**
1. Open the Offers page
2. Click a model card's ""Check Offers"" button
3. Leave name, mobile and city empty and submit
4. Verify all three required-field validation messages are shown","1805","TC-TMO-02: Check Offers lead form shows required validation when submitted empty on Offers","UtilityPages - TabbedModelOffers [offers] [en] — Offers","2026-08-24","passed","2026-08-24","","","",""
"**Test Case ID:** TC-CL-02
**Title:** Check Truck Price lead form shows required validation when submitted empty on 22 Wheeler
**Language:** en

**Description:**
Open the 22 Wheeler page, open Check Truck Price, and submit with name, mobile and city all left empty.

**Expected Result:**
The real, page-shown validation messages for name, mobile and location are displayed, and no lead is submitted.

**Steps:**
1. Open the 22 Wheeler page
2. Click a truck card's ""Check Truck Price"" button to open its lead form
3. Leave name, mobile and city empty and submit
4. Verify all three required-field validation messages are shown","1721","TC-CL-02: Check Truck Price lead form shows required validation when submitted empty on 22 Wheeler","CategoryPages - CategoryListing [twentyTwoWheeler] [en] — 22 Wheeler","2026-08-24","passed","2026-08-24","","","",""
"**Test Case ID:** TC-CVP-01
**Title:** Check Offers lead submits successfully on CV Permit
**Language:** en

**Description:**
Open the CV Permit page, open the shared Check Offers lead form, fill name, mobile and city, and submit.

**Expected Result:**
A Thank You confirmation is shown after a successful lead submission. The submitted name is tagged with a page/CTA identifier for CRM traceability.

**Steps:**
1. Open the CV Permit page
2. Open the Check Offers lead form
3. Fill name, mobile and city
4. Submit and verify Thank You confirmation","4981","TC-CVP-01: Check Offers lead submits successfully on CV Permit","UsedTruck - CvPermit [en] — CV Permit","2026-08-24","passed","2026-08-24","","","",""
"","11166","TC-BUS-00: page links resolve 200/30x; broken links are logged, not failed","Buses - BusListing [latestBuses] [en] — Latest Buses","2026-08-24","passed","2026-08-24","","","",""
"**Test Case ID:** TC-PTB-05
**Title:** Clicking each popular brand card navigates to that brand page
**Language:** ta

**Description:**
From the Popular Truck Brands section, click each brand card and confirm the user is taken to the correct brand listing page for that brand and language.

**Expected Result:**
After each brand card click, the browser URL path is /{language}/{brand-slug} for that brand (real navigation to the brand page).

**Steps:**
1. Open the Popular Truck Brands section
2. Click each brand card in turn
3. Verify navigation to the matching brand page URL
4. Return to the homepage and continue with the next brand","40321","TC-PTB-05: clicking each popular brand card navigates to that brand page","Homepage - PopularTruckBrands [ta]","2026-08-24","failed","2026-08-24","","","",""
"**Test Case ID:** TC-TYR-01
**Title:** View August Offer lead submits successfully on Tyres
**Language:** en

**Description:**
Open the Tyres page, click a tyre card's ""View August Offer"" button to open its lead form, fill name, mobile and city, and submit.

**Expected Result:**
A Thank You confirmation is shown after a successful lead submission.

**Steps:**
1. Open the Tyres page
2. Click a tyre card's ""View August Offer"" button to open its lead form
3. Fill name, mobile and city
4. Submit and verify Thank You confirmation","18098","TC-TYR-01: View August Offer lead submits successfully on Tyres","UtilityPages - Tyres [en] — Tyres","2026-08-24","failed","2026-08-24","","","",""
"","8355","TC-NLP-00: page links resolve 200/30x; broken links are logged, not failed","ListingPages - NewListingPages [newTrucks] [en] — Find New Trucks","2026-08-24","passed","2026-08-24","","","",""
"**Test Case ID:** TC-TBR-01
**Title:** Check Truck Price lead submits successfully on Eicher Trucks
**Language:** en

**Description:**
Open the Eicher Trucks page, click a truck card's ""Check Truck Price"" button to open its lead form, fill name, mobile and city, and submit.

**Expected Result:**
A Thank You confirmation is shown after a successful lead submission.

**Steps:**
1. Open the Eicher Trucks page
2. Click a truck card's ""Check Truck Price"" button to open its lead form
3. Fill name, mobile and city
4. Submit and verify Thank You confirmation","7090","TC-TBR-01: Check Truck Price lead submits successfully on Eicher Trucks","CategoryPages - CategoryListingBrands [eicherBrand] [en] — Eicher Trucks","2026-08-24","passed","2026-08-24","","","",""
"","3588","TC-SRT-05: searches by budget and navigates away from the homepage form","Homepage - SearchRightTruck [ta]","2026-08-24","passed","2026-08-24","","","",""
"**Test Case ID:** TC-NLP-05
**Title:** Call Now lead submits successfully on Latest Trucks
**Language:** en

**Description:**
Open the Latest Trucks listing page, click Call Now to open its lead form, fill name, mobile and city, and submit.

**Expected Result:**
The assistance lead form closes after a successful submission (verified via the real submit network call). The submitted name is tagged with a page/CTA identifier for CRM traceability.

**Steps:**
1. Open the Latest Trucks listing page
2. Click Call Now to open its lead form
3. Fill name, mobile and city
4. Submit and verify the confirmation","18275","TC-NLP-05: Call Now lead submits successfully on Latest Trucks","ListingPages - NewListingPages [latestTrucks] [en] — Latest Trucks","2026-08-24","broken","2026-08-24","","","",""
"**Test Case ID:** TC-LMC-11
**Title:** Check Offers lead form rejects mobile that is not 10 digits
**Language:** en

**Description:**
On the default 3 Wheelers tab, open Check Offers, fill a valid name, an invalid (5-digit) mobile number, and leave city empty, then submit.

**Expected Result:**
The real, page-shown mobile-format and location-required validation messages are displayed, and no lead is submitted.

**Steps:**
1. Open the default 3 Wheelers tab
2. Open Check Offers on one visible card
3. Fill a valid name and an invalid mobile number
4. Submit with city left empty
5. Verify the mobile-format and location validation messages are shown","3310","TC-LMC-11: Check Offers lead form rejects mobile that is not 10 digits","Homepage - LatestModelsByCategory [en]","2026-08-24","passed","2026-08-24","","","",""
"","10524","TC-PSH-00: page links resolve 200/30x; broken links are logged, not failed","Homepage - PopularSecondHandTruck [en]","2026-08-24","passed","2026-08-24","","","",""
"","1574","TC-SRT-15: clears brand selection after switching away and back to Brand tab","Homepage - SearchRightTruck [hi]","2026-08-24","passed","2026-08-24","","","",""
"**Test Case ID:** TC-LTU-04
**Title:** Last video title navigates to videos page
**Language:** ta

**Description:**
Click the last (not first) visible video title in Latest Truck Updates and confirm the videos page opens.

**Expected Result:**
The browser URL matches that video’s path for the selected language.

**Steps:**
1. Open Latest Truck Updates
2. Click the last visible video title
3. Verify the URL is the matching videos page","1848","TC-LTU-04: last video title navigates to videos page","Homepage - LatestTruckUpdates [ta]","2026-08-24","passed","2026-08-24","","","",""
"**Test Case ID:** TC-EV-01
**Title:** Check Truck Price lead submits successfully on Electric Commercial Vehicles
**Language:** en

**Description:**
Open the Electric Commercial Vehicles page, click a truck card's ""Check Truck Price"" button to open its lead form (the same shared Check Offers modal used elsewhere on the site), fill name, mobile and city, and submit.

**Expected Result:**
A Thank You confirmation is shown after a successful lead submission.

**Steps:**
1. Open the Electric Commercial Vehicles page
2. Click a truck card's ""Check Truck Price"" button to open its lead form
3. Fill name, mobile and city
4. Submit and verify Thank You confirmation","6122","TC-EV-01: Check Truck Price lead submits successfully on Electric Commercial Vehicles","CategoryPages - ElectricVehicle [en] — Electric Commercial Vehicles","2026-08-24","passed","2026-08-24","","","",""
"","1492","TC-SRT-11: lists expected sample brands with localized labels","Homepage - SearchRightTruck [ta]","2026-08-24","passed","2026-08-24","","","",""
"**Test Case ID:** TC-NTPDP-07
**Title:** Key Specs block for Tata Yodha 2.0
**Language:** en

**Description:**
Scroll to Key Specs and verify expected spec labels for Tata Yodha 2.0.

**Expected Result:**
Key Specs heading and each expected label (GVW, Payload, …) are visible.

**Steps:**
1. Open PDP
2. Scroll to Key Specs
3. Verify heading and spec labels","420","TC-NTPDP-07: Key Specs block for Tata Yodha 2.0","PDP - NewTruckPdp [mostPopular] [en] — Tata Yodha 2.0","2026-08-24","passed","2026-08-24","","Page blocks (same session)","",""
"**Test Case ID:** TC-TBR-02
**Title:** Check Truck Price lead form shows required validation when submitted empty on Ashok Leyland Trucks
**Language:** en

**Description:**
Open the Ashok Leyland Trucks page, open Check Truck Price, and submit with name, mobile and city all left empty.

**Expected Result:**
The real, page-shown validation messages for name, mobile and location are displayed, and no lead is submitted.

**Steps:**
1. Open the Ashok Leyland Trucks page
2. Click a truck card's ""Check Truck Price"" button to open its lead form
3. Leave name, mobile and city empty and submit
4. Verify all three required-field validation messages are shown","2545","TC-TBR-02: Check Truck Price lead form shows required validation when submitted empty on Ashok Leyland Trucks","CategoryPages - CategoryListingBrands [ashokLeylandBrand] [en] — Ashok Leyland Trucks","2026-08-24","passed","2026-08-24","","","",""
"**Test Case ID:** TC-BUS-02
**Title:** Lead form shows required validation when submitted empty on SML ISUZU Buses
**Language:** en

**Description:**
Open the SML ISUZU Buses page, open the lead form via ""Check Bus Price"", and submit with name, mobile and city all left empty.

**Expected Result:**
The real, page-shown validation messages for name, mobile and location are displayed, and no lead is submitted.

**Steps:**
1. Open the SML ISUZU Buses page
2. Click ""Check Bus Price"" to open its lead form
3. Leave name, mobile and city empty and submit
4. Verify all three required-field validation messages are shown","4573","TC-BUS-02: lead form shows required validation when submitted empty on SML ISUZU Buses","Buses - BusListing [smlIsuzuBuses] [en] — SML ISUZU Buses","2026-08-24","passed","2026-08-24","","","",""
"","2335","TC-SRT-06: navigates via Find All Trucks to the new trucks listing","Homepage - SearchRightTruck [en]","2026-08-24","passed","2026-08-24","","","",""
"","3443","TC-SRT-04: searches by body type and lands on a body-type result URL","Homepage - SearchRightTruck [en]","2026-08-24","passed","2026-08-24","","","",""
"","1977","TC-SRT-12: loads model options for a brand including top models from test data","Homepage - SearchRightTruck [hi]","2026-08-24","passed","2026-08-24","","","",""
"**Test Case ID:** TC-CL-03
**Title:** Check Truck Price lead form rejects mobile that is not 10 digits on LNG Trucks
**Language:** en

**Description:**
Open the LNG Trucks page, open Check Truck Price, fill a valid name, an invalid (5-digit) mobile number, and leave city empty, then submit.

**Expected Result:**
The real, page-shown mobile-format and location-required validation messages are displayed, and no lead is submitted.

**Steps:**
1. Open the LNG Trucks page
2. Click a truck card's ""Check Truck Price"" button to open its lead form
3. Fill a valid name and an invalid mobile number
4. Submit with city left empty
5. Verify the mobile-format and location validation messages are shown","1947","TC-CL-03: Check Truck Price lead form rejects mobile that is not 10 digits on LNG Trucks","CategoryPages - CategoryListing [lng] [en] — LNG Trucks","2026-08-24","passed","2026-08-24","","","",""
"","5","TC-NTPDP-20: News block for Eka 3W Cargo","PDP - NewTruckPdp [leastPopular] [en] — Eka 3W Cargo","2026-08-24","skipped","2026-08-24","","Page blocks (same session)","",""
"**Test Case ID:** TC-PTC-02
**Title:** First compared truck name navigates to truck PDP
**Language:** en

**Description:**
Click the first visible truck name in Popular Truck Comparison and confirm that truck’s product detail page opens.

**Expected Result:**
The browser URL matches that truck’s PDP path for the selected language.

**Steps:**
1. Open Popular Truck Comparison
2. Click the first visible truck name
3. Verify the URL is the matching truck PDP","3738","TC-PTC-02: first compared truck name navigates to truck PDP","Homepage - PopularTruckComparison [en]","2026-08-24","passed","2026-08-24","","","",""
"","9078","TC-NLP-00: page links resolve 200/30x; broken links are logged, not failed","ListingPages - NewListingPages [latestTrucks] [en] — Latest Trucks","2026-08-24","passed","2026-08-24","","","",""
"**Test Case ID:** TC-PSH-03
**Title:** View All Used Trucks opens buy-used-trucks listing
**Language:** en

**Description:**
Click View All Used Trucks in Popular Second Hand Truck and confirm the used trucks listing opens.

**Expected Result:**
The URL is the buy-used-trucks listing for the language (for example /en/buy-used-trucks).

**Steps:**
1. Open Popular Second Hand Truck
2. Click View All Used Trucks
3. Verify the buy-used-trucks listing URL","2840","TC-PSH-03: View All Used Trucks opens buy-used-trucks listing","Homepage - PopularSecondHandTruck [en]","2026-08-24","passed","2026-08-24","","","",""
"","12629","TC-CL-00: page links resolve 200/30x; broken links are logged, not failed","CategoryPages - CategoryListing [cng] [en] — CNG Trucks","2026-08-24","passed","2026-08-24","","","",""
"**Test Case ID:** TC-PTB-06
**Title:** View All Brands link navigates to the brands listing page
**Language:** hi

**Description:**
Locate the View All Brands link near the Popular Truck Brands section and open it to confirm it leads to the full brands listing page.

**Expected Result:**
The View All Brands link is visible with the correct label and href, and clicking it navigates to /{language}/brands.

**Steps:**
1. Open the Popular Truck Brands section
2. Verify the View All Brands link label and URL
3. Click View All Brands
4. Verify the brands listing page opens","4368","TC-PTB-06: View All Brands link navigates to the brands listing page","Homepage - PopularTruckBrands [hi]","2026-08-24","passed","2026-08-24","","","",""
"","2228","TC-CL-04: Call Now assistance lead submits successfully on 8 Wheeler","CategoryPages - CategoryListing [eightWheeler] [en] — 8 Wheeler","2026-08-24","skipped","2026-08-24","","","",""
"","2133","TC-SRT-01: Search The Right Truck section shows tabs, fields and Brand active by default","Homepage - SearchRightTruck [hi]","2026-08-24","passed","2026-08-24","","","",""
"","7844","TC-TMO-00: page links resolve 200/30x; broken links are logged, not failed","UtilityPages - TabbedModelOffers [offers] [en] — Offers","2026-08-24","passed","2026-08-24","","","",""
"**Test Case ID:** TC-CL-03
**Title:** Check Truck Price lead form rejects mobile that is not 10 digits on Pickups
**Language:** en

**Description:**
Open the Pickups page, open Check Truck Price, fill a valid name, an invalid (5-digit) mobile number, and leave city empty, then submit.

**Expected Result:**
The real, page-shown mobile-format and location-required validation messages are displayed, and no lead is submitted.

**Steps:**
1. Open the Pickups page
2. Click a truck card's ""Check Truck Price"" button to open its lead form
3. Fill a valid name and an invalid mobile number
4. Submit with city left empty
5. Verify the mobile-format and location validation messages are shown","2128","TC-CL-03: Check Truck Price lead form rejects mobile that is not 10 digits on Pickups","CategoryPages - CategoryListing [pickups] [en] — Pickups","2026-08-24","passed","2026-08-24","","","",""
"**Test Case ID:** TC-LTU-02
**Title:** First video title navigates to videos page
**Language:** hi

**Description:**
Click the first visible video title in Latest Truck Updates and confirm the videos page opens.

**Expected Result:**
The browser URL matches that video’s path for the selected language.

**Steps:**
1. Open Latest Truck Updates
2. Click the first visible video title
3. Verify the URL is the matching videos page","1878","TC-LTU-02: first video title navigates to videos page","Homepage - LatestTruckUpdates [hi]","2026-08-24","passed","2026-08-24","","","",""
"**Test Case ID:** TC-LMC-07
**Title:** One Check Offers lead from சிறிய வணிக வாகனங்கள் tab submits successfully
**Language:** ta

**Description:**
Open the சிறிய வணிக வாகனங்கள் tab in Latest Models by Category, click Check Offers once, fill name/mobile/city, enter a 5-digit price/budget only if asked, and submit.

**Expected Result:**
A Thank You confirmation is shown after a successful lead submission from that tab.

**Steps:**
1. Open Latest Models by Category
2. Open the சிறிய வணிக வாகனங்கள் tab
3. Click Check Offers on one visible card
4. Fill name, mobile and city (and 5-digit price/budget if shown)
5. Submit and verify Thank You confirmation","5510","TC-LMC-07: one Check Offers lead from சிறிய வணிக வாகனங்கள் tab submits successfully","Homepage - LatestModelsByCategory [ta]","2026-08-24","passed","2026-08-24","","","",""
"**Test Case ID:** TC-TBB-04
**Title:** Last news article title navigates to news page
**Language:** en

**Description:**
Click the last (not first) visible news article title in The Buzz Board and confirm the news article page opens.

**Expected Result:**
The browser URL matches that article’s news path for the selected language.

**Steps:**
1. Open The Buzz Board
2. Click the last visible article title
3. Verify the URL is the matching news page","2756","TC-TBB-04: last news article title navigates to news page","Homepage - TheBuzzBoard [en]","2026-08-24","passed","2026-08-24","","","",""
"","995","TC-CL-04: Call Now assistance lead submits successfully on Pickups","CategoryPages - CategoryListing [pickups] [en] — Pickups","2026-08-24","skipped","2026-08-24","","","",""
"**Test Case ID:** TC-CVP-02
**Title:** Check Permit Info lead requests OTP successfully on CV Permit
**Language:** en

**Description:**
Open the CV Permit page, enter a sample vehicle registration number, click Check Permit Info to open its Get Information lead form (a distinct form from Check Offers), fill name, mobile and truck brand, and submit. This form is OTP-gated — there is no configured test OTP in this repo, so completion is verified up to the OTP screen, not full end-to-end submission.

**Expected Result:**
An OTP verification screen (with an Enter OTP field) appears, confirming the lead request succeeded. The submitted name is tagged with a page/CTA identifier for CRM traceability.

**Steps:**
1. Open the CV Permit page
2. Enter a sample vehicle registration number
3. Click Check Permit Info to open its lead form
4. Fill name, mobile and truck brand
5. Submit and verify the OTP screen appears","3110","TC-CVP-02: Check Permit Info lead requests OTP successfully on CV Permit","UsedTruck - CvPermit [en] — CV Permit","2026-08-24","passed","2026-08-24","","","",""
"**Test Case ID:** TC-CL-02
**Title:** Check Truck Price lead form shows required validation when submitted empty on CNG Trucks
**Language:** en

**Description:**
Open the CNG Trucks page, open Check Truck Price, and submit with name, mobile and city all left empty.

**Expected Result:**
The real, page-shown validation messages for name, mobile and location are displayed, and no lead is submitted.

**Steps:**
1. Open the CNG Trucks page
2. Click a truck card's ""Check Truck Price"" button to open its lead form
3. Leave name, mobile and city empty and submit
4. Verify all three required-field validation messages are shown","2853","TC-CL-02: Check Truck Price lead form shows required validation when submitted empty on CNG Trucks","CategoryPages - CategoryListing [cng] [en] — CNG Trucks","2026-08-24","passed","2026-08-24","","","",""
"**Test Case ID:** TC-NTPDP-25
**Title:** Book Free Test Drive CTA for Eka 3W Cargo
**Language:** en

**Description:**
Confirm Book Free Test Drive is shown on Eka 3W Cargo.

**Expected Result:**
Book Free Test Drive control is visible.

**Steps:**
1. Open PDP
2. Locate Book Free Test Drive
3. Verify visible","62","TC-NTPDP-25: Book Free Test Drive CTA for Eka 3W Cargo","PDP - NewTruckPdp [leastPopular] [en] — Eka 3W Cargo","2026-08-24","passed","2026-08-24","","Page blocks (same session)","",""
"**Test Case ID:** TC-TSR-02
**Title:** Check Truck Price lead form shows required validation when submitted empty on Ashok Leyland Boss
**Language:** en

**Description:**
Open the Ashok Leyland Boss page, open Check Truck Price, and submit with name, mobile and city all left empty.

**Expected Result:**
The real, page-shown validation messages for name, mobile and location are displayed, and no lead is submitted.

**Steps:**
1. Open the Ashok Leyland Boss page
2. Click a truck card's ""Check Truck Price"" button to open its lead form
3. Leave name, mobile and city empty and submit
4. Verify all three required-field validation messages are shown","1890","TC-TSR-02: Check Truck Price lead form shows required validation when submitted empty on Ashok Leyland Boss","CategoryPages - CategoryListingTruckSeries [ashokLeylandBoss] [en] — Ashok Leyland Boss","2026-08-24","passed","2026-08-24","","","",""
"","8724","TC-CL-00: page links resolve 200/30x; broken links are logged, not failed","CategoryPages - CategoryListing [threeWheeler] [en] — 3 Wheeler","2026-08-24","passed","2026-08-24","","","",""
"**Test Case ID:** TC-TMO-03
**Title:** Check Offers lead form rejects mobile that is not 10 digits on Select Your Truck
**Language:** en

**Description:**
Open the Select Your Truck page, open Check Offers on the default tab, fill a valid name, an invalid (5-digit) mobile number, and leave city empty, then submit.

**Expected Result:**
The real, page-shown mobile-format and location-required validation messages are displayed, and no lead is submitted.

**Steps:**
1. Open the Select Your Truck page
2. Click a model card's ""Check Offers"" button
3. Fill a valid name and an invalid mobile number
4. Submit with city left empty
5. Verify the mobile-format and location validation messages are shown","1797","TC-TMO-03: Check Offers lead form rejects mobile that is not 10 digits on Select Your Truck","UtilityPages - TabbedModelOffers [selectYourTruck] [en] — Select Your Truck","2026-08-24","passed","2026-08-24","","","",""
"**Test Case ID:** TC-FRU-03
**Title:** First city link navigates to used trucks in that city
**Language:** hi

**Description:**
Click the first city in Find Reliable Used Trucks Near You and confirm the used-trucks-in-city listing opens.

**Expected Result:**
The browser URL matches that city’s used-truck-in listing for the selected language.

**Steps:**
1. Open Find Reliable Used Trucks Near You
2. Click the first city link
3. Verify the city used-trucks listing URL","2454","TC-FRU-03: first city link navigates to used trucks in that city","Homepage - FindReliableUsedTrucksNearYou [hi]","2026-08-24","passed","2026-08-24","","","",""
"","18","TC-NTPDP-10: Expert Review block for Eka 3W Cargo","PDP - NewTruckPdp [leastPopular] [en] — Eka 3W Cargo","2026-08-24","skipped","2026-08-24","","Page blocks (same session)","",""
"","9152","TC-SRT-00: page links resolve 200/30x; broken links are logged, not failed","Homepage - SearchRightTruck [ta]","2026-08-24","passed","2026-08-24","","","",""
"**Test Case ID:** TC-CT-01
**Title:** Check Offers lead submits successfully on Compare Trucks
**Language:** en

**Description:**
Open the Compare Trucks page, open the shared Check Offers lead form, fill name, mobile and city, and submit.

**Expected Result:**
A Thank You confirmation is shown after a successful lead submission (the same shared Check Offers lead form used elsewhere on the site). The submitted name is tagged with a page/CTA identifier for CRM traceability.

**Steps:**
1. Open the Compare Trucks page
2. Open the Check Offers lead form
3. Fill name, mobile and city
4. Submit and verify Thank You confirmation","7097","TC-CT-01: Check Offers lead submits successfully on Compare Trucks","Compare - CompareTrucks [en] — Compare Trucks","2026-08-24","passed","2026-08-24","","","",""
"**Test Case ID:** TC-PSH-02
**Title:** First used-truck product name navigates to used PDP
**Language:** ta

**Description:**
Click the first visible used-truck product name in Popular Second Hand Truck and confirm the used-truck detail page opens.

**Expected Result:**
The browser URL matches that listing’s used-truck PDP path for the selected language.

**Steps:**
1. Open Popular Second Hand Truck
2. Click the first visible product name
3. Verify the URL is the matching used-truck PDP","2309","TC-PSH-02: first used-truck product name navigates to used PDP","Homepage - PopularSecondHandTruck [ta]","2026-08-24","passed","2026-08-24","","","",""
"**Test Case ID:** TC-PTB-04
**Title:** No broken brand logos appear in Popular Truck Brands
**Language:** ta

**Description:**
Verify every brand logo image in the Popular Truck Brands section loads successfully and is not broken or missing.

**Expected Result:**
Each brand card logo has a valid image URL and the image finishes loading with a non-zero size (logo is visible to the user).

**Steps:**
1. Open the Popular Truck Brands section
2. For each brand card, check the logo image source
3. Confirm each logo image has loaded successfully","1530","TC-PTB-04: no broken brand logos appear in Popular Truck Brands","Homepage - PopularTruckBrands [ta]","2026-08-24","passed","2026-08-24","","","",""
"","2637","TC-SRT-06: navigates via Find All Trucks to the new trucks listing","Homepage - SearchRightTruck [hi]","2026-08-24","passed","2026-08-24","","","",""
"**Test Case ID:** TC-BUT-02
**Title:** Contact Seller lead form shows required validation when submitted empty on Buy Used Trucks
**Language:** en

**Description:**
Open the Buy Used Trucks page, open Contact Seller on a visible card, and submit with name, mobile and city all left empty.

**Expected Result:**
The real, page-shown validation messages for name, mobile and location are displayed, and no lead is submitted.

**Steps:**
1. Open the Buy Used Trucks page
2. Open the Contact Seller lead form from a visible card
3. Leave name, mobile and city empty and submit
4. Verify all three required-field validation messages are shown","2125","TC-BUT-02: Contact Seller lead form shows required validation when submitted empty on Buy Used Trucks","UsedTruck - BuyUsedTrucks [en] — Buy Used Trucks","2026-08-24","passed","2026-08-24","","","",""
"**Test Case ID:** TC-LMC-08
**Title:** View All on default tab opens matching category listing
**Language:** en

**Description:**
On the default 3 Wheelers tab, click View All and confirm the user lands on the matching category listing page.

**Expected Result:**
The URL matches the View All path for 3 Wheelers (for example /en/3-wheeler in English).

**Steps:**
1. Open Latest Models by Category on the default tab
2. Click View All
3. Verify the category listing URL","4404","TC-LMC-08: View All on default tab opens matching category listing","Homepage - LatestModelsByCategory [en]","2026-08-24","passed","2026-08-24","","","",""
"**Test Case ID:** TC-NTPDP-10
**Title:** Expert Review block for Tata Yodha 2.0
**Language:** en

**Description:**
Verify Expert Review when present on Tata Yodha 2.0.

**Expected Result:**
Expert Review heading is visible, or skipped if not on this PDP.

**Steps:**
1. Open PDP
2. Locate Expert Review if present","73","TC-NTPDP-10: Expert Review block for Tata Yodha 2.0","PDP - NewTruckPdp [mostPopular] [en] — Tata Yodha 2.0","2026-08-24","passed","2026-08-24","","Page blocks (same session)","",""
"","7880","TC-CL-00: page links resolve 200/30x; broken links are logged, not failed","CategoryPages - CategoryListing [miniTrucks] [en] — Mini Trucks","2026-08-24","passed","2026-08-24","","","",""
"**Test Case ID:** TC-SEO-05
**Title:** Read Less is not shown before the About Truck Junction content is expanded
**Language:** en

**Description:**
Confirm the Read Less control is not present while the block is still collapsed.

**Expected Result:**
Read Less does not exist until Read More has been clicked.

**Steps:**
1. Open the About Truck Junction block
2. Verify Read Less is not shown yet","1054","TC-SEO-05: Read Less is not shown before the About Truck Junction content is expanded","SEO - HomePageSeoContent [en]","2026-08-24","passed","2026-08-24","","","",""
"","6025","TC-CNT-00: page links resolve 200/30x; broken links are logged, not failed","UtilityPages - ContentPage [spareParts] [en] — Spare Parts","2026-08-24","passed","2026-08-24","","","",""
"","12892","TC-CVP-00: page links resolve 200/30x; broken links are logged, not failed","UsedTruck - CvPermit [en] — CV Permit","2026-08-24","passed","2026-08-24","","","",""
"","7563","TC-CL-00: page links resolve 200/30x; broken links are logged, not failed","CategoryPages - CategoryListing [twelveWheeler] [en] — 12 Wheeler","2026-08-24","passed","2026-08-24","","","",""
"","6373","TC-VHR-00: page links resolve 200/30x; broken links are logged, not failed","UsedTruck - VehicleReport [en] — Vehicle Report","2026-08-24","passed","2026-08-24","","","",""
"**Test Case ID:** TC-SEO-02
**Title:** Read More expands the About Truck Junction content
**Language:** hi

**Description:**
Click Read More on the About Truck Junction block and confirm the content expands (Read Less is shown).

**Expected Result:**
After Read More, the block is expanded and the Read Less control is visible to the user.

**Steps:**
1. Open the About Truck Junction block
2. Click Read More
3. Verify Read Less is shown","858","TC-SEO-02: Read More expands the About Truck Junction content","SEO - HomePageSeoContent [hi]","2026-08-24","passed","2026-08-24","","","",""
"**Test Case ID:** TC-CL-02
**Title:** Check Truck Price lead form shows required validation when submitted empty on 18 Wheeler
**Language:** en

**Description:**
Open the 18 Wheeler page, open Check Truck Price, and submit with name, mobile and city all left empty.

**Expected Result:**
The real, page-shown validation messages for name, mobile and location are displayed, and no lead is submitted.

**Steps:**
1. Open the 18 Wheeler page
2. Click a truck card's ""Check Truck Price"" button to open its lead form
3. Leave name, mobile and city empty and submit
4. Verify all three required-field validation messages are shown","1857","TC-CL-02: Check Truck Price lead form shows required validation when submitted empty on 18 Wheeler","CategoryPages - CategoryListing [eighteenWheeler] [en] — 18 Wheeler","2026-08-24","passed","2026-08-24","","","",""
"**Test Case ID:** TC-NTPDP-09
**Title:** About block for Tata Yodha 2.0
**Language:** en

**Description:**
Verify the About section for Tata Yodha 2.0.

**Expected Result:**
About heading is visible.

**Steps:**
1. Open PDP
2. Scroll to About
3. Verify heading","86","TC-NTPDP-09: About block for Tata Yodha 2.0","PDP - NewTruckPdp [mostPopular] [en] — Tata Yodha 2.0","2026-08-24","passed","2026-08-24","","Page blocks (same session)","",""
"","1340","TC-SRT-09: shows budget/brand error when Search is clicked with no budget selected","Homepage - SearchRightTruck [en]","2026-08-24","passed","2026-08-24","","","",""
"**Test Case ID:** TC-ECV-01
**Title:** Electric Commercial Vehicles section is visible
**Language:** hi

**Description:**
Open the homepage and locate the Electric Commercial Vehicles section. Confirm the section is shown with the correct heading for the selected language.

**Expected Result:**
The Electric Commercial Vehicles section is visible and the heading matches the expected localized text (for example, “Electric Commercial Vehicles” in English).

**Steps:**
1. Open the homepage for the selected language
2. Scroll to the Electric Commercial Vehicles section
3. Verify the section and heading are visible","1023","TC-ECV-01: Electric Commercial Vehicles section is visible","Homepage - ElectricCommercialVehicles [hi]","2026-08-24","passed","2026-08-24","","","",""
"**Test Case ID:** TC-LMC-04
**Title:** One Check Offers lead from ஆட்டோ ரிக்ஷா tab submits successfully
**Language:** ta

**Description:**
Open the ஆட்டோ ரிக்ஷா tab in Latest Models by Category, click Check Offers once, fill name/mobile/city, enter a 5-digit price/budget only if asked, and submit.

**Expected Result:**
A Thank You confirmation is shown after a successful lead submission from that tab.

**Steps:**
1. Open Latest Models by Category
2. Open the ஆட்டோ ரிக்ஷா tab
3. Click Check Offers on one visible card
4. Fill name, mobile and city (and 5-digit price/budget if shown)
5. Submit and verify Thank You confirmation","8492","TC-LMC-04: one Check Offers lead from ஆட்டோ ரிக்ஷா tab submits successfully","Homepage - LatestModelsByCategory [ta]","2026-08-24","passed","2026-08-24","","","",""
"**Test Case ID:** TC-CL-03
**Title:** Check Truck Price lead form rejects mobile that is not 10 digits on SCV
**Language:** en

**Description:**
Open the SCV page, open Check Truck Price, fill a valid name, an invalid (5-digit) mobile number, and leave city empty, then submit.

**Expected Result:**
The real, page-shown mobile-format and location-required validation messages are displayed, and no lead is submitted.

**Steps:**
1. Open the SCV page
2. Click a truck card's ""Check Truck Price"" button to open its lead form
3. Fill a valid name and an invalid mobile number
4. Submit with city left empty
5. Verify the mobile-format and location validation messages are shown","2151","TC-CL-03: Check Truck Price lead form rejects mobile that is not 10 digits on SCV","CategoryPages - CategoryListing [scv] [en] — SCV","2026-08-24","passed","2026-08-24","","","",""
"**Test Case ID:** TC-NTPDP-03
**Title:** Get Offers lead submits successfully for Tata Yodha 2.0
**Language:** en

**Description:**
Fill name, mobile and city on the open Get Offers lead for Tata Yodha 2.0 and submit.

**Expected Result:**
User sees the thank-you confirmation after submitting Get Offers.

**Steps:**
1. On the same launch Get Offers lead after validation
2. Enter name, mobile and city
3. Click Get Offers
4. Verify thank-you message","2776","TC-NTPDP-03: Get Offers lead submits successfully for Tata Yodha 2.0","PDP - NewTruckPdp [mostPopular] [en] — Tata Yodha 2.0","2026-08-24","passed","2026-08-24","","","",""
"**Test Case ID:** TC-LMC-08
**Title:** View All on default tab opens matching category listing
**Language:** ta

**Description:**
On the default 3 Wheelers tab, click View All and confirm the user lands on the matching category listing page.

**Expected Result:**
The URL matches the View All path for 3 Wheelers (for example /en/3-wheeler in English).

**Steps:**
1. Open Latest Models by Category on the default tab
2. Click View All
3. Verify the category listing URL","4860","TC-LMC-08: View All on default tab opens matching category listing","Homepage - LatestModelsByCategory [ta]","2026-08-24","passed","2026-08-24","","","",""
"**Test Case ID:** TC-NLP-03
**Title:** Contact Seller lead submits successfully on Popular Truck
**Language:** en

**Description:**
Open the Popular Truck listing page, click Contact Seller to open its lead form, fill name, mobile and city, and submit.

**Expected Result:**
A Thank You confirmation is shown after a successful lead submission. The submitted name is tagged with a page/CTA identifier for CRM traceability.

**Steps:**
1. Open the Popular Truck listing page
2. Click Contact Seller to open its lead form
3. Fill name, mobile and city
4. Submit and verify the confirmation","18065","TC-NLP-03: Contact Seller lead submits successfully on Popular Truck","ListingPages - NewListingPages [popularTrucks] [en] — Popular Truck","2026-08-24","failed","2026-08-24","","","",""
"**Test Case ID:** TC-NTPDP-07
**Title:** Key Specs block for Eka 3W Cargo
**Language:** en

**Description:**
Scroll to Key Specs and verify expected spec labels for Eka 3W Cargo.

**Expected Result:**
Key Specs heading and each expected label (GVW, Payload, …) are visible.

**Steps:**
1. Open PDP
2. Scroll to Key Specs
3. Verify heading and spec labels","293","TC-NTPDP-07: Key Specs block for Eka 3W Cargo","PDP - NewTruckPdp [leastPopular] [en] — Eka 3W Cargo","2026-08-24","passed","2026-08-24","","Page blocks (same session)","",""
"**Test Case ID:** TC-PTC-04
**Title:** View All Comparison link does not reuse a product card's URL
**Language:** hi

**Description:**
Confirm the View All Comparison link does not accidentally point at the first product card's PDP URL.

**Expected Result:**
View All Comparison and the first product card link to different URLs.

**Steps:**
1. Open Popular Truck Comparison
2. Verify View All's href differs from the first product's href","1810","TC-PTC-04: View All Comparison link does not reuse a product card's URL","Homepage - PopularTruckComparison [hi]","2026-08-24","passed","2026-08-24","","","",""
"**Test Case ID:** TC-SEO-01
**Title:** About Truck Junction SEO block is visible with Read More
**Language:** hi

**Description:**
Open the homepage and locate the About Truck Junction content block. Confirm the about heading and Read More control are shown.

**Expected Result:**
The About Truck Junction block is visible with the correct localized heading and a Read More button.

**Steps:**
1. Open the homepage for the selected language
2. Scroll to the About Truck Junction block
3. Verify the about heading and Read More are visible","843","TC-SEO-01: About Truck Junction SEO block is visible with Read More","SEO - HomePageSeoContent [hi]","2026-08-24","passed","2026-08-24","","","",""
"","5648","TC-BUS-00: page links resolve 200/30x; broken links are logged, not failed","Buses - BusListing [eicherBuses] [en] — Eicher Buses","2026-08-24","passed","2026-08-24","","","",""
"","7327","TC-CL-00: page links resolve 200/30x; broken links are logged, not failed","CategoryPages - CategoryListing [lpg] [en] — LPG Trucks","2026-08-24","passed","2026-08-24","","","",""
"","20920","TC-SRT-02: Verify Only Brand selection navigates to brand page","Homepage - SearchRightTruck [hi]","2026-08-24","passed","2026-08-24","","","",""
"**Test Case ID:** TC-PTC-03
**Title:** View All Comparison opens compare listing
**Language:** hi

**Description:**
Click View All Comparison in Popular Truck Comparison and confirm the compare listing opens.

**Expected Result:**
The URL is the compare listing for the language (for example /en/compare).

**Steps:**
1. Open Popular Truck Comparison
2. Click View All Comparison
3. Verify the compare listing URL","2581","TC-PTC-03: View All Comparison opens compare listing","Homepage - PopularTruckComparison [hi]","2026-08-24","passed","2026-08-24","","","",""
"","7553","TC-CL-00: page links resolve 200/30x; broken links are logged, not failed","CategoryPages - CategoryListing [pickups] [en] — Pickups","2026-08-24","passed","2026-08-24","","","",""
"**Test Case ID:** TC-BUS-01
**Title:** Lead submits successfully on New Buses
**Language:** en

**Description:**
Open the New Buses page, click ""Check Bus Price"" to open its lead form, fill name, mobile and city, and submit.

**Expected Result:**
A Thank You confirmation is shown after a successful lead submission.

**Steps:**
1. Open the New Buses page
2. Click ""Check Bus Price"" to open its lead form
3. Fill name, mobile and city
4. Submit and verify Thank You confirmation","10585","TC-BUS-01: lead submits successfully on New Buses","Buses - BusListing [newBuses] [en] — New Buses","2026-08-24","passed","2026-08-24","","","",""
"","22003","TC-SRT-02: Verify Only Brand selection navigates to brand page","Homepage - SearchRightTruck [en]","2026-08-24","passed","2026-08-24","","","",""
"**Test Case ID:** TC-CL-03
**Title:** Check Truck Price lead form rejects mobile that is not 10 digits on 10 Wheeler
**Language:** en

**Description:**
Open the 10 Wheeler page, open Check Truck Price, fill a valid name, an invalid (5-digit) mobile number, and leave city empty, then submit.

**Expected Result:**
The real, page-shown mobile-format and location-required validation messages are displayed, and no lead is submitted.

**Steps:**
1. Open the 10 Wheeler page
2. Click a truck card's ""Check Truck Price"" button to open its lead form
3. Fill a valid name and an invalid mobile number
4. Submit with city left empty
5. Verify the mobile-format and location validation messages are shown","2452","TC-CL-03: Check Truck Price lead form rejects mobile that is not 10 digits on 10 Wheeler","CategoryPages - CategoryListing [tenWheeler] [en] — 10 Wheeler","2026-08-24","passed","2026-08-24","","","",""
"**Test Case ID:** TC-CL-01
**Title:** Check Truck Price lead submits successfully on SCV
**Language:** en

**Description:**
Open the SCV page, click a truck card's ""Check Truck Price"" button to open its lead form, fill name, mobile and city, and submit.

**Expected Result:**
A Thank You confirmation is shown after a successful lead submission.

**Steps:**
1. Open the SCV page
2. Click a truck card's ""Check Truck Price"" button to open its lead form
3. Fill name, mobile and city
4. Submit and verify Thank You confirmation","4852","TC-CL-01: Check Truck Price lead submits successfully on SCV","CategoryPages - CategoryListing [scv] [en] — SCV","2026-08-24","passed","2026-08-24","","","",""
"**Test Case ID:** TC-BUS-01
**Title:** Lead submits successfully on SML ISUZU Buses
**Language:** en

**Description:**
Open the SML ISUZU Buses page, click ""Check Bus Price"" to open its lead form, fill name, mobile and city, and submit.

**Expected Result:**
A Thank You confirmation is shown after a successful lead submission.

**Steps:**
1. Open the SML ISUZU Buses page
2. Click ""Check Bus Price"" to open its lead form
3. Fill name, mobile and city
4. Submit and verify Thank You confirmation","6943","TC-BUS-01: lead submits successfully on SML ISUZU Buses","Buses - BusListing [smlIsuzuBuses] [en] — SML ISUZU Buses","2026-08-24","passed","2026-08-24","","","",""
"","16262","TC-CL-00: page links resolve 200/30x; broken links are logged, not failed","CategoryPages - CategoryListing [scv] [en] — SCV","2026-08-24","passed","2026-08-24","","","",""
"**Test Case ID:** TC-TSR-02
**Title:** Check Truck Price lead form shows required validation when submitted empty on Mahindra Bolero
**Language:** en

**Description:**
Open the Mahindra Bolero page, open Check Truck Price, and submit with name, mobile and city all left empty.

**Expected Result:**
The real, page-shown validation messages for name, mobile and location are displayed, and no lead is submitted.

**Steps:**
1. Open the Mahindra Bolero page
2. Click a truck card's ""Check Truck Price"" button to open its lead form
3. Leave name, mobile and city empty and submit
4. Verify all three required-field validation messages are shown","4747","TC-TSR-02: Check Truck Price lead form shows required validation when submitted empty on Mahindra Bolero","CategoryPages - CategoryListingTruckSeries [mahindraBolero] [en] — Mahindra Bolero","2026-08-24","passed","2026-08-24","","","",""
"**Test Case ID:** TC-PTB-04
**Title:** No broken brand logos appear in Popular Truck Brands
**Language:** en

**Description:**
Verify every brand logo image in the Popular Truck Brands section loads successfully and is not broken or missing.

**Expected Result:**
Each brand card logo has a valid image URL and the image finishes loading with a non-zero size (logo is visible to the user).

**Steps:**
1. Open the Popular Truck Brands section
2. For each brand card, check the logo image source
3. Confirm each logo image has loaded successfully","1000","TC-PTB-04: no broken brand logos appear in Popular Truck Brands","Homepage - PopularTruckBrands [en]","2026-08-24","passed","2026-08-24","","","",""
"**Test Case ID:** TC-LMC-06
**Title:** One Check Offers lead from மினி டிரக்குகள் tab submits successfully
**Language:** ta

**Description:**
Open the மினி டிரக்குகள் tab in Latest Models by Category, click Check Offers once, fill name/mobile/city, enter a 5-digit price/budget only if asked, and submit.

**Expected Result:**
A Thank You confirmation is shown after a successful lead submission from that tab.

**Steps:**
1. Open Latest Models by Category
2. Open the மினி டிரக்குகள் tab
3. Click Check Offers on one visible card
4. Fill name, mobile and city (and 5-digit price/budget if shown)
5. Submit and verify Thank You confirmation","7421","TC-LMC-06: one Check Offers lead from மினி டிரக்குகள் tab submits successfully","Homepage - LatestModelsByCategory [ta]","2026-08-24","passed","2026-08-24","","","",""
"**Test Case ID:** TC-FRU-01
**Title:** Find Reliable Used Trucks Near You section is visible
**Language:** ta

**Description:**
Open the homepage and locate Find Reliable Used Trucks Near You. Confirm the section and heading are shown.

**Expected Result:**
The section is visible with the correct localized heading and at least one city link.

**Steps:**
1. Open the homepage for the selected language
2. Scroll to Find Reliable Used Trucks Near You
3. Verify the section and heading are visible","1337","TC-FRU-01: Find Reliable Used Trucks Near You section is visible","Homepage - FindReliableUsedTrucksNearYou [ta]","2026-08-24","passed","2026-08-24","","","",""
"**Test Case ID:** TC-CT-02
**Title:** Check Offers lead form shows required validation when submitted empty on Compare Trucks
**Language:** en

**Description:**
Open the Compare Trucks page, open the Check Offers lead form, and submit with name, mobile and city all left empty.

**Expected Result:**
The real, page-shown validation messages for name, mobile and location are displayed, and no lead is submitted.

**Steps:**
1. Open the Compare Trucks page
2. Open the Check Offers lead form
3. Leave name, mobile and city empty and submit
4. Verify all three required-field validation messages are shown","1369","TC-CT-02: Check Offers lead form shows required validation when submitted empty on Compare Trucks","Compare - CompareTrucks [en] — Compare Trucks","2026-08-24","passed","2026-08-24","","","",""
"**Test Case ID:** TC-EV-04
**Title:** Check Truck Price lead form rejects mobile that is not 10 digits on Electric Commercial Vehicles
**Language:** en

**Description:**
Open the Electric Commercial Vehicles page, open Check Truck Price, fill a valid name, an invalid (5-digit) mobile number, and leave city empty, then submit.

**Expected Result:**
The real, page-shown mobile-format and location-required validation messages are displayed, and no lead is submitted.

**Steps:**
1. Open the Electric Commercial Vehicles page
2. Click a truck card's ""Check Truck Price"" button to open its lead form
3. Fill a valid name and an invalid mobile number
4. Submit with city left empty
5. Verify the mobile-format and location validation messages are shown","3122","TC-EV-04: Check Truck Price lead form rejects mobile that is not 10 digits on Electric Commercial Vehicles","CategoryPages - ElectricVehicle [en] — Electric Commercial Vehicles","2026-08-24","passed","2026-08-24","","","",""
"**Test Case ID:** TC-TSR-01
**Title:** Check Truck Price lead submits successfully on Ashok Leyland Boss
**Language:** en

**Description:**
Open the Ashok Leyland Boss page, click a truck card's ""Check Truck Price"" button to open its lead form, fill name, mobile and city, and submit.

**Expected Result:**
A Thank You confirmation is shown after a successful lead submission.

**Steps:**
1. Open the Ashok Leyland Boss page
2. Click a truck card's ""Check Truck Price"" button to open its lead form
3. Fill name, mobile and city
4. Submit and verify Thank You confirmation","5518","TC-TSR-01: Check Truck Price lead submits successfully on Ashok Leyland Boss","CategoryPages - CategoryListingTruckSeries [ashokLeylandBoss] [en] — Ashok Leyland Boss","2026-08-24","passed","2026-08-24","","","",""
"**Test Case ID:** TC-NLP-07
**Title:** Check Offers lead form rejects mobile that is not 10 digits on Best Trucks
**Language:** en

**Description:**
Open the Best Trucks listing page, open Check Offers, fill a valid name, an invalid (5-digit) mobile number, and leave city empty, then submit.

**Expected Result:**
The real, page-shown mobile-format and location-required validation messages are displayed, and no lead is submitted.

**Steps:**
1. Open the Best Trucks listing page
2. Click Check Offers to open its lead form
3. Fill a valid name and an invalid mobile number
4. Submit with city left empty
5. Verify the mobile-format and location validation messages are shown","3909","TC-NLP-07: Check Offers lead form rejects mobile that is not 10 digits on Best Trucks","ListingPages - NewListingPages [bestTrucks] [en] — Best Trucks","2026-08-24","passed","2026-08-24","","","",""
"","8981","TC-TMO-00: page links resolve 200/30x; broken links are logged, not failed","UtilityPages - TabbedModelOffers [selectYourTruck] [en] — Select Your Truck","2026-08-24","passed","2026-08-24","","","",""
"","6275","TC-CNT-00: page links resolve 200/30x; broken links are logged, not failed","UtilityPages - ContentPage [webStory] [en] — Web Story","2026-08-24","passed","2026-08-24","","","",""
"**Test Case ID:** TC-NLP-01
**Title:** Check Offers lead submits successfully on Find New Trucks
**Language:** en

**Description:**
Open the Find New Trucks listing page, click Check Offers to open its lead form, fill name, mobile and city, and submit.

**Expected Result:**
A Thank You confirmation is shown after a successful lead submission. The submitted name is tagged with a page/CTA identifier for CRM traceability.

**Steps:**
1. Open the Find New Trucks listing page
2. Click Check Offers to open its lead form
3. Fill name, mobile and city
4. Submit and verify the confirmation","6302","TC-NLP-01: Check Offers lead submits successfully on Find New Trucks","ListingPages - NewListingPages [newTrucks] [en] — Find New Trucks","2026-08-24","passed","2026-08-24","","","",""
"**Test Case ID:** TC-CL-01
**Title:** Check Truck Price lead submits successfully on 3 Wheeler
**Language:** en

**Description:**
Open the 3 Wheeler page, click a truck card's ""Check Truck Price"" button to open its lead form, fill name, mobile and city, and submit.

**Expected Result:**
A Thank You confirmation is shown after a successful lead submission.

**Steps:**
1. Open the 3 Wheeler page
2. Click a truck card's ""Check Truck Price"" button to open its lead form
3. Fill name, mobile and city
4. Submit and verify Thank You confirmation","7909","TC-CL-01: Check Truck Price lead submits successfully on 3 Wheeler","CategoryPages - CategoryListing [threeWheeler] [en] — 3 Wheeler","2026-08-24","passed","2026-08-24","","","",""
"**Test Case ID:** TC-TSR-01
**Title:** Check Truck Price lead submits successfully on Mahindra Blazo
**Language:** en

**Description:**
Open the Mahindra Blazo page, click a truck card's ""Check Truck Price"" button to open its lead form, fill name, mobile and city, and submit.

**Expected Result:**
A Thank You confirmation is shown after a successful lead submission.

**Steps:**
1. Open the Mahindra Blazo page
2. Click a truck card's ""Check Truck Price"" button to open its lead form
3. Fill name, mobile and city
4. Submit and verify Thank You confirmation","9739","TC-TSR-01: Check Truck Price lead submits successfully on Mahindra Blazo","CategoryPages - CategoryListingTruckSeries [mahindraBlazo] [en] — Mahindra Blazo","2026-08-24","passed","2026-08-24","","","",""
"**Test Case ID:** TC-PTC-04
**Title:** View All Comparison link does not reuse a product card's URL
**Language:** ta

**Description:**
Confirm the View All Comparison link does not accidentally point at the first product card's PDP URL.

**Expected Result:**
View All Comparison and the first product card link to different URLs.

**Steps:**
1. Open Popular Truck Comparison
2. Verify View All's href differs from the first product's href","979","TC-PTC-04: View All Comparison link does not reuse a product card's URL","Homepage - PopularTruckComparison [ta]","2026-08-24","passed","2026-08-24","","","",""
"**Test Case ID:** TC-CL-03
**Title:** Check Truck Price lead form rejects mobile that is not 10 digits on Bi Fuel Trucks
**Language:** en

**Description:**
Open the Bi Fuel Trucks page, open Check Truck Price, fill a valid name, an invalid (5-digit) mobile number, and leave city empty, then submit.

**Expected Result:**
The real, page-shown mobile-format and location-required validation messages are displayed, and no lead is submitted.

**Steps:**
1. Open the Bi Fuel Trucks page
2. Click a truck card's ""Check Truck Price"" button to open its lead form
3. Fill a valid name and an invalid mobile number
4. Submit with city left empty
5. Verify the mobile-format and location validation messages are shown","2047","TC-CL-03: Check Truck Price lead form rejects mobile that is not 10 digits on Bi Fuel Trucks","CategoryPages - CategoryListing [biFuel] [en] — Bi Fuel Trucks","2026-08-24","passed","2026-08-24","","","",""
"**Test Case ID:** TC-FRU-02
**Title:** All city links show expected name and used-truck-in URL
**Language:** en

**Description:**
In Find Reliable Used Trucks Near You, verify every expected city appears with the correct name and city listing URL.

**Expected Result:**
Each city from test data is visible with the matching title and /{lang}/used-truck-in-{city} path.

**Steps:**
1. Open Find Reliable Used Trucks Near You
2. For each expected city, verify name and URL
3. Confirm the number of city links matches test data","1333","TC-FRU-02: all city links show expected name and used-truck-in URL","Homepage - FindReliableUsedTrucksNearYou [en]","2026-08-24","passed","2026-08-24","","","",""
"**Test Case ID:** TC-BUS-03
**Title:** Lead form rejects mobile that is not 10 digits on Upcoming Buses
**Language:** en

**Description:**
Open the Upcoming Buses page, open the lead form via ""Notify Me"", fill a valid name, an invalid (5-digit) mobile number, and leave city empty, then submit.

**Expected Result:**
The bus enquiry popup rejects the invalid mobile number in real time (the field reverts to empty), and submitting shows the mobile-required and location-required validation messages, with no lead submitted.

**Steps:**
1. Open the Upcoming Buses page
2. Click ""Notify Me"" to open its lead form
3. Fill a valid name and an invalid mobile number
4. Submit with city left empty
5. Verify the mobile-required and location validation messages are shown","2079","TC-BUS-03: lead form rejects mobile that is not 10 digits on Upcoming Buses","Buses - BusListing [upcomingBuses] [en] — Upcoming Buses","2026-08-24","passed","2026-08-24","","","",""
"**Test Case ID:** TC-TSR-03
**Title:** Check Truck Price lead form rejects mobile that is not 10 digits on Mahindra Blazo
**Language:** en

**Description:**
Open the Mahindra Blazo page, open Check Truck Price, fill a valid name, an invalid (5-digit) mobile number, and leave city empty, then submit.

**Expected Result:**
The real, page-shown mobile-format and location-required validation messages are displayed, and no lead is submitted.

**Steps:**
1. Open the Mahindra Blazo page
2. Click a truck card's ""Check Truck Price"" button to open its lead form
3. Fill a valid name and an invalid mobile number
4. Submit with city left empty
5. Verify the mobile-format and location validation messages are shown","3229","TC-TSR-03: Check Truck Price lead form rejects mobile that is not 10 digits on Mahindra Blazo","CategoryPages - CategoryListingTruckSeries [mahindraBlazo] [en] — Mahindra Blazo","2026-08-24","passed","2026-08-24","","","",""
"**Test Case ID:** TC-TSR-01
**Title:** Check Truck Price lead submits successfully on Ashok Leyland Dost
**Language:** en

**Description:**
Open the Ashok Leyland Dost page, click a truck card's ""Check Truck Price"" button to open its lead form, fill name, mobile and city, and submit.

**Expected Result:**
A Thank You confirmation is shown after a successful lead submission.

**Steps:**
1. Open the Ashok Leyland Dost page
2. Click a truck card's ""Check Truck Price"" button to open its lead form
3. Fill name, mobile and city
4. Submit and verify Thank You confirmation","7013","TC-TSR-01: Check Truck Price lead submits successfully on Ashok Leyland Dost","CategoryPages - CategoryListingTruckSeries [ashokLeylandDost] [en] — Ashok Leyland Dost","2026-08-24","passed","2026-08-24","","","",""
"","2019","TC-TIY-01: section is visible with dynamic year heading Truck in India {year}","Homepage - TruckInIndia [en]","2026-08-24","passed","2026-08-24","","","",""
"**Test Case ID:** TC-NLP-02
**Title:** Check Truck Price lead submits successfully on Best Trucks
**Language:** en

**Description:**
Open the Best Trucks listing page, click Check Truck Price to open its lead form, fill name, mobile and city, and submit.

**Expected Result:**
A Thank You confirmation is shown after a successful lead submission. The submitted name is tagged with a page/CTA identifier for CRM traceability.

**Steps:**
1. Open the Best Trucks listing page
2. Click Check Truck Price to open its lead form
3. Fill name, mobile and city
4. Submit and verify the confirmation","4932","TC-NLP-02: Check Truck Price lead submits successfully on Best Trucks","ListingPages - NewListingPages [bestTrucks] [en] — Best Trucks","2026-08-24","passed","2026-08-24","","","",""
"**Test Case ID:** TC-PSH-04
**Title:** View All Used Trucks link does not reuse a product card's URL
**Language:** hi

**Description:**
Confirm the View All Used Trucks link does not accidentally point at the first product card's PDP URL.

**Expected Result:**
View All Used Trucks and the first product card link to different URLs.

**Steps:**
1. Open Popular Second Hand Truck
2. Verify View All's href differs from the first product's href","1151","TC-PSH-04: View All Used Trucks link does not reuse a product card's URL","Homepage - PopularSecondHandTruck [hi]","2026-08-24","passed","2026-08-24","","","",""
"","1556","TC-TIY-15: every visible Popular card has title, price and Check Offers CTA","Homepage - TruckInIndia [en]","2026-08-24","passed","2026-08-24","","","",""
"**Test Case ID:** TC-TBR-03
**Title:** Check Truck Price lead form rejects mobile that is not 10 digits on Ashok Leyland Trucks
**Language:** en

**Description:**
Open the Ashok Leyland Trucks page, open Check Truck Price, fill a valid name, an invalid (5-digit) mobile number, and leave city empty, then submit.

**Expected Result:**
The real, page-shown mobile-format and location-required validation messages are displayed, and no lead is submitted.

**Steps:**
1. Open the Ashok Leyland Trucks page
2. Click a truck card's ""Check Truck Price"" button to open its lead form
3. Fill a valid name and an invalid mobile number
4. Submit with city left empty
5. Verify the mobile-format and location validation messages are shown","2697","TC-TBR-03: Check Truck Price lead form rejects mobile that is not 10 digits on Ashok Leyland Trucks","CategoryPages - CategoryListingBrands [ashokLeylandBrand] [en] — Ashok Leyland Trucks","2026-08-24","passed","2026-08-24","","","",""
"","3576","TC-TIY-20: Check Offers lead form shows required validation when submitted empty","Homepage - TruckInIndia [en]","2026-08-24","passed","2026-08-24","","","",""
"","15732","TC-ECV-00: page links resolve 200/30x; broken links are logged, not failed","Homepage - ElectricCommercialVehicles [ta]","2026-08-24","passed","2026-08-24","","","",""
"","1535","TC-SRT-09: shows budget/brand error when Search is clicked with no budget selected","Homepage - SearchRightTruck [hi]","2026-08-24","passed","2026-08-24","","","",""
"**Test Case ID:** TC-PTC-03
**Title:** View All Comparison opens compare listing
**Language:** ta

**Description:**
Click View All Comparison in Popular Truck Comparison and confirm the compare listing opens.

**Expected Result:**
The URL is the compare listing for the language (for example /en/compare).

**Steps:**
1. Open Popular Truck Comparison
2. Click View All Comparison
3. Verify the compare listing URL","3537","TC-PTC-03: View All Comparison opens compare listing","Homepage - PopularTruckComparison [ta]","2026-08-24","passed","2026-08-24","","","",""
"**Test Case ID:** TC-SUT-01
**Title:** Sell truck wizard requests OTP successfully on Sell Used Trucks
**Language:** en

**Description:**
Walk the full 4-step Sell Used Trucks wizard: pick a brand, fill model/year/kilometers driven/expected price, upload two images, and submit seller contact info (name/mobile/state/district). This wizard is OTP-gated at the final step — there is no configured test OTP in this repo, so completion is verified up to the OTP screen, not full listing creation.

**Expected Result:**
Each step advances successfully with the given inputs, and a ""Verify and sell your Truck"" OTP verification screen (with an Enter OTP field) appears after submitting contact info. The submitted name is tagged with a page identifier for CRM traceability.

**Steps:**
1. Open the Sell Used Trucks page
2. Step 1: pick a truck brand
3. Step 2: fill model, year, kilometers driven and expected price
4. Step 3: upload two placeholder images
5. Step 4: fill name, mobile, state and district
6. Verify the OTP screen appears","7927","TC-SUT-01: Sell truck wizard requests OTP successfully on Sell Used Trucks","UsedTruck - SellUsedTrucks [en] — Sell Used Trucks","2026-08-24","broken","2026-08-24","","","",""
"**Test Case ID:** TC-NLP-01
**Title:** Check Offers lead submits successfully on Upcoming Trucks
**Language:** en

**Description:**
Open the Upcoming Trucks listing page, click Check Offers to open its lead form, fill name, mobile and city, and submit.

**Expected Result:**
A Thank You confirmation is shown after a successful lead submission. The submitted name is tagged with a page/CTA identifier for CRM traceability.

**Steps:**
1. Open the Upcoming Trucks listing page
2. Click Check Offers to open its lead form
3. Fill name, mobile and city
4. Submit and verify the confirmation","5340","TC-NLP-01: Check Offers lead submits successfully on Upcoming Trucks","ListingPages - NewListingPages [upcomingTrucks] [en] — Upcoming Trucks","2026-08-24","passed","2026-08-24","","","",""
"**Test Case ID:** TC-FRU-02
**Title:** All city links show expected name and used-truck-in URL
**Language:** ta

**Description:**
In Find Reliable Used Trucks Near You, verify every expected city appears with the correct name and city listing URL.

**Expected Result:**
Each city from test data is visible with the matching title and /{lang}/used-truck-in-{city} path.

**Steps:**
1. Open Find Reliable Used Trucks Near You
2. For each expected city, verify name and URL
3. Confirm the number of city links matches test data","1006","TC-FRU-02: all city links show expected name and used-truck-in URL","Homepage - FindReliableUsedTrucksNearYou [ta]","2026-08-24","passed","2026-08-24","","","",""
"**Test Case ID:** TC-CL-02
**Title:** Check Truck Price lead form shows required validation when submitted empty on 10 Wheeler
**Language:** en

**Description:**
Open the 10 Wheeler page, open Check Truck Price, and submit with name, mobile and city all left empty.

**Expected Result:**
The real, page-shown validation messages for name, mobile and location are displayed, and no lead is submitted.

**Steps:**
1. Open the 10 Wheeler page
2. Click a truck card's ""Check Truck Price"" button to open its lead form
3. Leave name, mobile and city empty and submit
4. Verify all three required-field validation messages are shown","2552","TC-CL-02: Check Truck Price lead form shows required validation when submitted empty on 10 Wheeler","CategoryPages - CategoryListing [tenWheeler] [en] — 10 Wheeler","2026-08-24","passed","2026-08-24","","","",""
"**Test Case ID:** TC-LMC-04
**Title:** One Check Offers lead from Auto Rickshaw tab submits successfully
**Language:** en

**Description:**
Open the Auto Rickshaw tab in Latest Models by Category, click Check Offers once, fill name/mobile/city, enter a 5-digit price/budget only if asked, and submit.

**Expected Result:**
A Thank You confirmation is shown after a successful lead submission from that tab.

**Steps:**
1. Open Latest Models by Category
2. Open the Auto Rickshaw tab
3. Click Check Offers on one visible card
4. Fill name, mobile and city (and 5-digit price/budget if shown)
5. Submit and verify Thank You confirmation","10655","TC-LMC-04: one Check Offers lead from Auto Rickshaw tab submits successfully","Homepage - LatestModelsByCategory [en]","2026-08-24","passed","2026-08-24","","","",""
"**Test Case ID:** TC-CL-03
**Title:** Check Truck Price lead form rejects mobile that is not 10 digits on Mini Trucks
**Language:** en

**Description:**
Open the Mini Trucks page, open Check Truck Price, fill a valid name, an invalid (5-digit) mobile number, and leave city empty, then submit.

**Expected Result:**
The real, page-shown mobile-format and location-required validation messages are displayed, and no lead is submitted.

**Steps:**
1. Open the Mini Trucks page
2. Click a truck card's ""Check Truck Price"" button to open its lead form
3. Fill a valid name and an invalid mobile number
4. Submit with city left empty
5. Verify the mobile-format and location validation messages are shown","2206","TC-CL-03: Check Truck Price lead form rejects mobile that is not 10 digits on Mini Trucks","CategoryPages - CategoryListing [miniTrucks] [en] — Mini Trucks","2026-08-24","passed","2026-08-24","","","",""
"**Test Case ID:** TC-BDM-02
**Title:** Lead form shows required validation when submitted empty on Body Makers
**Language:** en

**Description:**
Open the Body Makers page, open the lead form via ""Talk To Dealer"", and submit with every field left empty.

**Expected Result:**
The real, page-shown validation messages for name, mobile, location, brand and model are displayed, and no lead is submitted.

**Steps:**
1. Open the Body Makers page
2. Click a dealer card's ""Talk To Dealer"" button to open its lead form
3. Leave every field empty and submit
4. Verify all five required-field validation messages are shown","1511","TC-BDM-02: lead form shows required validation when submitted empty on Body Makers","UtilityPages - BodyMakers [en] — Body Makers","2026-08-24","passed","2026-08-24","","","",""
"**Test Case ID:** TC-TBR-02
**Title:** Check Truck Price lead form shows required validation when submitted empty on Tata Trucks
**Language:** en

**Description:**
Open the Tata Trucks page, open Check Truck Price, and submit with name, mobile and city all left empty.

**Expected Result:**
The real, page-shown validation messages for name, mobile and location are displayed, and no lead is submitted.

**Steps:**
1. Open the Tata Trucks page
2. Click a truck card's ""Check Truck Price"" button to open its lead form
3. Leave name, mobile and city empty and submit
4. Verify all three required-field validation messages are shown","3421","TC-TBR-02: Check Truck Price lead form shows required validation when submitted empty on Tata Trucks","CategoryPages - CategoryListingBrands [tataBrand] [en] — Tata Trucks","2026-08-24","passed","2026-08-24","","","",""
"**Test Case ID:** TC-LTU-03
**Title:** No visible video card links to a duplicate video
**Language:** ta

**Description:**
Confirm every visible video title in Latest Truck Updates links to a distinct video.

**Expected Result:**
No two visible video cards share the same href.

**Steps:**
1. Open Latest Truck Updates
2. Verify all visible video links are unique","944","TC-LTU-03: no visible video card links to a duplicate video","Homepage - LatestTruckUpdates [ta]","2026-08-24","passed","2026-08-24","","","",""
"","1437","TC-SRT-13: lists expected body types with localized labels","Homepage - SearchRightTruck [ta]","2026-08-24","passed","2026-08-24","","","",""
"**Test Case ID:** TC-CL-01
**Title:** Check Truck Price lead submits successfully on LNG Trucks
**Language:** en

**Description:**
Open the LNG Trucks page, click a truck card's ""Check Truck Price"" button to open its lead form, fill name, mobile and city, and submit.

**Expected Result:**
A Thank You confirmation is shown after a successful lead submission.

**Steps:**
1. Open the LNG Trucks page
2. Click a truck card's ""Check Truck Price"" button to open its lead form
3. Fill name, mobile and city
4. Submit and verify Thank You confirmation","4880","TC-CL-01: Check Truck Price lead submits successfully on LNG Trucks","CategoryPages - CategoryListing [lng] [en] — LNG Trucks","2026-08-24","passed","2026-08-24","","","",""
"","13217","TC-CL-00: page links resolve 200/30x; broken links are logged, not failed","CategoryPages - CategoryListing [sixWheeler] [en] — 6 Wheeler","2026-08-24","passed","2026-08-24","","","",""
"","9040","TC-ECV-00: page links resolve 200/30x; broken links are logged, not failed","Homepage - ElectricCommercialVehicles [hi]","2026-08-24","passed","2026-08-24","","","",""
"**Test Case ID:** TC-CL-02
**Title:** Check Truck Price lead form shows required validation when submitted empty on 3 Wheeler
**Language:** en

**Description:**
Open the 3 Wheeler page, open Check Truck Price, and submit with name, mobile and city all left empty.

**Expected Result:**
The real, page-shown validation messages for name, mobile and location are displayed, and no lead is submitted.

**Steps:**
1. Open the 3 Wheeler page
2. Click a truck card's ""Check Truck Price"" button to open its lead form
3. Leave name, mobile and city empty and submit
4. Verify all three required-field validation messages are shown","2340","TC-CL-02: Check Truck Price lead form shows required validation when submitted empty on 3 Wheeler","CategoryPages - CategoryListing [threeWheeler] [en] — 3 Wheeler","2026-08-24","passed","2026-08-24","","","",""
"**Test Case ID:** TC-TSR-03
**Title:** Check Truck Price lead form rejects mobile that is not 10 digits on Tata Ace
**Language:** en

**Description:**
Open the Tata Ace page, open Check Truck Price, fill a valid name, an invalid (5-digit) mobile number, and leave city empty, then submit.

**Expected Result:**
The real, page-shown mobile-format and location-required validation messages are displayed, and no lead is submitted.

**Steps:**
1. Open the Tata Ace page
2. Click a truck card's ""Check Truck Price"" button to open its lead form
3. Fill a valid name and an invalid mobile number
4. Submit with city left empty
5. Verify the mobile-format and location validation messages are shown","2118","TC-TSR-03: Check Truck Price lead form rejects mobile that is not 10 digits on Tata Ace","CategoryPages - CategoryListingTruckSeries [tataAce] [en] — Tata Ace","2026-08-24","passed","2026-08-24","","","",""
"**Test Case ID:** TC-LMC-09
**Title:** Switching tabs updates View All destination URL
**Language:** hi

**Description:**
Switch through each category tab and confirm View All points to the correct listing URL for that tab.

**Expected Result:**
For every tab, View All href matches the expected category listing path from test data.

**Steps:**
1. Open Latest Models by Category
2. Open each category tab
3. Verify View All href for that tab","2060","TC-LMC-09: switching tabs updates View All destination URL","Homepage - LatestModelsByCategory [hi]","2026-08-24","passed","2026-08-24","","","",""
"**Test Case ID:** TC-LMC-01
**Title:** Latest Models by Category section is visible with tabs
**Language:** ta

**Description:**
Open the homepage and locate Latest Models by Category. Confirm the section heading and all category tabs are shown.

**Expected Result:**
The section is visible with the correct heading and tabs for 3 Wheelers, Auto Rickshaw, E Rickshaw, Mini Trucks, and SCV (localized for the language).

**Steps:**
1. Open the homepage for the selected language
2. Scroll to Latest Models by Category
3. Verify heading and all category tabs are visible","21347","TC-LMC-01: Latest Models by Category section is visible with tabs","Homepage - LatestModelsByCategory [ta]","2026-08-24","broken","2026-08-24","","","",""
"","6827","TC-BUS-00: page links resolve 200/30x; broken links are logged, not failed","Buses - BusListing [popularBuses] [en] — Popular Buses","2026-08-24","passed","2026-08-24","","","",""
"","6010","TC-BUS-00: page links resolve 200/30x; broken links are logged, not failed","Buses - BusListing [newBuses] [en] — New Buses","2026-08-24","passed","2026-08-24","","","",""
"","987","TC-CL-04: Call Now assistance lead submits successfully on Auto Rickshaw","CategoryPages - CategoryListing [autoRickshaw] [en] — Auto Rickshaw","2026-08-24","skipped","2026-08-24","","","",""
"**Test Case ID:** TC-PTB-06
**Title:** View All Brands link navigates to the brands listing page
**Language:** ta

**Description:**
Locate the View All Brands link near the Popular Truck Brands section and open it to confirm it leads to the full brands listing page.

**Expected Result:**
The View All Brands link is visible with the correct label and href, and clicking it navigates to /{language}/brands.

**Steps:**
1. Open the Popular Truck Brands section
2. Verify the View All Brands link label and URL
3. Click View All Brands
4. Verify the brands listing page opens","4470","TC-PTB-06: View All Brands link navigates to the brands listing page","Homepage - PopularTruckBrands [ta]","2026-08-24","passed","2026-08-24","","","",""
"","9650","TC-PSH-00: page links resolve 200/30x; broken links are logged, not failed","Homepage - PopularSecondHandTruck [ta]","2026-08-24","passed","2026-08-24","","","",""
"","3033","TC-TIY-05: switching to Latest updates View All label and URL for latest trucks","Homepage - TruckInIndia [en]","2026-08-24","passed","2026-08-24","","","",""
"**Test Case ID:** TC-LMC-05
**Title:** One Check Offers lead from மின்சார ரிக்ஷா tab submits successfully
**Language:** ta

**Description:**
Open the மின்சார ரிக்ஷா tab in Latest Models by Category, click Check Offers once, fill name/mobile/city, enter a 5-digit price/budget only if asked, and submit.

**Expected Result:**
A Thank You confirmation is shown after a successful lead submission from that tab.

**Steps:**
1. Open Latest Models by Category
2. Open the மின்சார ரிக்ஷா tab
3. Click Check Offers on one visible card
4. Fill name, mobile and city (and 5-digit price/budget if shown)
5. Submit and verify Thank You confirmation","11950","TC-LMC-05: one Check Offers lead from மின்சார ரிக்ஷா tab submits successfully","Homepage - LatestModelsByCategory [ta]","2026-08-24","passed","2026-08-24","","","",""
"**Test Case ID:** TC-CL-03
**Title:** Check Truck Price lead form rejects mobile that is not 10 digits on HCV
**Language:** en

**Description:**
Open the HCV page, open Check Truck Price, fill a valid name, an invalid (5-digit) mobile number, and leave city empty, then submit.

**Expected Result:**
The real, page-shown mobile-format and location-required validation messages are displayed, and no lead is submitted.

**Steps:**
1. Open the HCV page
2. Click a truck card's ""Check Truck Price"" button to open its lead form
3. Fill a valid name and an invalid mobile number
4. Submit with city left empty
5. Verify the mobile-format and location validation messages are shown","2023","TC-CL-03: Check Truck Price lead form rejects mobile that is not 10 digits on HCV","CategoryPages - CategoryListing [hcv] [en] — HCV","2026-08-24","passed","2026-08-24","","","",""
"**Test Case ID:** TC-LMC-09
**Title:** Switching tabs updates View All destination URL
**Language:** ta

**Description:**
Switch through each category tab and confirm View All points to the correct listing URL for that tab.

**Expected Result:**
For every tab, View All href matches the expected category listing path from test data.

**Steps:**
1. Open Latest Models by Category
2. Open each category tab
3. Verify View All href for that tab","1762","TC-LMC-09: switching tabs updates View All destination URL","Homepage - LatestModelsByCategory [ta]","2026-08-24","passed","2026-08-24","","","",""
"","1248","TC-SRT-11: lists expected sample brands with localized labels","Homepage - SearchRightTruck [hi]","2026-08-24","passed","2026-08-24","","","",""
"**Test Case ID:** TC-CL-03
**Title:** Check Truck Price lead form rejects mobile that is not 10 digits on Trailers
**Language:** en

**Description:**
Open the Trailers page, open Check Truck Price, fill a valid name, an invalid (5-digit) mobile number, and leave city empty, then submit.

**Expected Result:**
The real, page-shown mobile-format and location-required validation messages are displayed, and no lead is submitted.

**Steps:**
1. Open the Trailers page
2. Click a truck card's ""Check Truck Price"" button to open its lead form
3. Fill a valid name and an invalid mobile number
4. Submit with city left empty
5. Verify the mobile-format and location validation messages are shown","2667","TC-CL-03: Check Truck Price lead form rejects mobile that is not 10 digits on Trailers","CategoryPages - CategoryListing [trailers] [en] — Trailers","2026-08-24","passed","2026-08-24","","","",""
"**Test Case ID:** TC-TMO-01
**Title:** Check Offers lead submits successfully on every tab of Select Your Truck
**Language:** en

**Description:**
Open the Select Your Truck page, and for each tab in ""Popular Models by Application"", click a model card's ""Check Offers"" button, fill name, mobile and city, and submit.

**Expected Result:**
A Thank You confirmation is shown after each tab's lead submission.

**Steps:**
1. Open the Select Your Truck page
2. For each tab in ""Popular Models by Application"": select the tab, click a model card's ""Check Offers"" button
3. Fill name, mobile and city
4. Submit and verify Thank You confirmation, then close and move to the next tab","72611","TC-TMO-01: Check Offers lead submits successfully on every tab of Select Your Truck","UtilityPages - TabbedModelOffers [selectYourTruck] [en] — Select Your Truck","2026-08-24","passed","2026-08-24","","","",""
"**Test Case ID:** TC-CL-01
**Title:** Check Truck Price lead submits successfully on Trailers
**Language:** en

**Description:**
Open the Trailers page, click a truck card's ""Check Truck Price"" button to open its lead form, fill name, mobile and city, and submit.

**Expected Result:**
A Thank You confirmation is shown after a successful lead submission.

**Steps:**
1. Open the Trailers page
2. Click a truck card's ""Check Truck Price"" button to open its lead form
3. Fill name, mobile and city
4. Submit and verify Thank You confirmation","8099","TC-CL-01: Check Truck Price lead submits successfully on Trailers","CategoryPages - CategoryListing [trailers] [en] — Trailers","2026-08-24","passed","2026-08-24","","","",""
"**Test Case ID:** TC-ECH-01
**Title:** Check Offers lead submits successfully on E Challan
**Language:** en

**Description:**
Open the E Challan page, open the shared Check Offers lead form, fill name, mobile and city, and submit.

**Expected Result:**
A Thank You confirmation is shown after a successful lead submission. The submitted name is tagged with a page/CTA identifier for CRM traceability.

**Steps:**
1. Open the E Challan page
2. Open the Check Offers lead form
3. Fill name, mobile and city
4. Submit and verify Thank You confirmation","6725","TC-ECH-01: Check Offers lead submits successfully on E Challan","UsedTruck - EChallan [en] — E Challan","2026-08-24","passed","2026-08-24","","","",""
"","15","TC-NTPDP-08: EMI block for Eka 3W Cargo","PDP - NewTruckPdp [leastPopular] [en] — Eka 3W Cargo","2026-08-24","skipped","2026-08-24","","Page blocks (same session)","",""
"","10088","TC-PTC-00: page links resolve 200/30x; broken links are logged, not failed","Homepage - PopularTruckComparison [hi]","2026-08-24","passed","2026-08-24","","","",""
"**Test Case ID:** TC-TBR-03
**Title:** Check Truck Price lead form rejects mobile that is not 10 digits on Tata Trucks
**Language:** en

**Description:**
Open the Tata Trucks page, open Check Truck Price, fill a valid name, an invalid (5-digit) mobile number, and leave city empty, then submit.

**Expected Result:**
The real, page-shown mobile-format and location-required validation messages are displayed, and no lead is submitted.

**Steps:**
1. Open the Tata Trucks page
2. Click a truck card's ""Check Truck Price"" button to open its lead form
3. Fill a valid name and an invalid mobile number
4. Submit with city left empty
5. Verify the mobile-format and location validation messages are shown","6966","TC-TBR-03: Check Truck Price lead form rejects mobile that is not 10 digits on Tata Trucks","CategoryPages - CategoryListingBrands [tataBrand] [en] — Tata Trucks","2026-08-24","passed","2026-08-24","","","",""
"**Test Case ID:** TC-CL-02
**Title:** Check Truck Price lead form shows required validation when submitted empty on 16 Wheeler
**Language:** en

**Description:**
Open the 16 Wheeler page, open Check Truck Price, and submit with name, mobile and city all left empty.

**Expected Result:**
The real, page-shown validation messages for name, mobile and location are displayed, and no lead is submitted.

**Steps:**
1. Open the 16 Wheeler page
2. Click a truck card's ""Check Truck Price"" button to open its lead form
3. Leave name, mobile and city empty and submit
4. Verify all three required-field validation messages are shown","1715","TC-CL-02: Check Truck Price lead form shows required validation when submitted empty on 16 Wheeler","CategoryPages - CategoryListing [sixteenWheeler] [en] — 16 Wheeler","2026-08-24","passed","2026-08-24","","","",""
"","9295","TC-LMC-00: page links resolve 200/30x; broken links are logged, not failed","Homepage - LatestModelsByCategory [ta]","2026-08-24","passed","2026-08-24","","","",""
"**Test Case ID:** TC-BR-06
**Title:** Download Brochure lead form rejects mobile that is not 10 digits on Brochure
**Language:** en

**Description:**
Open the Brochure page, click Download Brochure, fill a valid name, an invalid (5-digit) mobile number, and leave city empty, then submit.

**Expected Result:**
The real, page-shown mobile-format and location-required validation messages are displayed, and no lead is submitted.

**Steps:**
1. Open the Brochure page
2. Click Download Brochure to open its lead form
3. Fill a valid name and an invalid mobile number
4. Submit with city left empty
5. Verify the mobile-format and location validation messages are shown","2685","TC-BR-06: Download Brochure lead form rejects mobile that is not 10 digits on Brochure","Brochure - Brochure [en] — Brochure","2026-08-24","passed","2026-08-24","","","",""
"**Test Case ID:** TC-BUS-02
**Title:** Lead form shows required validation when submitted empty on Upcoming Buses
**Language:** en

**Description:**
Open the Upcoming Buses page, open the lead form via ""Notify Me"", and submit with name, mobile and city all left empty.

**Expected Result:**
The real, page-shown validation messages for name, mobile and location are displayed, and no lead is submitted.

**Steps:**
1. Open the Upcoming Buses page
2. Click ""Notify Me"" to open its lead form
3. Leave name, mobile and city empty and submit
4. Verify all three required-field validation messages are shown","1505","TC-BUS-02: lead form shows required validation when submitted empty on Upcoming Buses","Buses - BusListing [upcomingBuses] [en] — Upcoming Buses","2026-08-24","passed","2026-08-24","","","",""
"**Test Case ID:** TC-LMC-02
**Title:** First product name on default tab navigates to truck PDP
**Language:** en

**Description:**
On the default category tab, click the first visible truck product name and confirm the truck product detail page opens.

**Expected Result:**
The browser URL matches that product’s truck PDP path for the selected language.

**Steps:**
1. Open Latest Models by Category
2. Click the first visible product name on the active tab
3. Verify the URL is the matching truck PDP","17198","TC-LMC-02: first product name on default tab navigates to truck PDP","Homepage - LatestModelsByCategory [en]","2026-08-24","broken","2026-08-24","","","",""
"**Test Case ID:** TC-BUS-01
**Title:** Lead submits successfully on Eicher Buses
**Language:** en

**Description:**
Open the Eicher Buses page, click ""Check Bus Price"" to open its lead form, fill name, mobile and city, and submit.

**Expected Result:**
A Thank You confirmation is shown after a successful lead submission.

**Steps:**
1. Open the Eicher Buses page
2. Click ""Check Bus Price"" to open its lead form
3. Fill name, mobile and city
4. Submit and verify Thank You confirmation","5148","TC-BUS-01: lead submits successfully on Eicher Buses","Buses - BusListing [eicherBuses] [en] — Eicher Buses","2026-08-24","passed","2026-08-24","","","",""
"","6","TC-NTPDP-13: Images block for Eka 3W Cargo","PDP - NewTruckPdp [leastPopular] [en] — Eka 3W Cargo","2026-08-24","skipped","2026-08-24","","Page blocks (same session)","",""
"**Test Case ID:** TC-PSH-04
**Title:** View All Used Trucks link does not reuse a product card's URL
**Language:** ta

**Description:**
Confirm the View All Used Trucks link does not accidentally point at the first product card's PDP URL.

**Expected Result:**
View All Used Trucks and the first product card link to different URLs.

**Steps:**
1. Open Popular Second Hand Truck
2. Verify View All's href differs from the first product's href","1580","TC-PSH-04: View All Used Trucks link does not reuse a product card's URL","Homepage - PopularSecondHandTruck [ta]","2026-08-24","passed","2026-08-24","","","",""
"**Test Case ID:** TC-CL-03
**Title:** Check Truck Price lead form rejects mobile that is not 10 digits on Diesel Trucks
**Language:** en

**Description:**
Open the Diesel Trucks page, open Check Truck Price, fill a valid name, an invalid (5-digit) mobile number, and leave city empty, then submit.

**Expected Result:**
The real, page-shown mobile-format and location-required validation messages are displayed, and no lead is submitted.

**Steps:**
1. Open the Diesel Trucks page
2. Click a truck card's ""Check Truck Price"" button to open its lead form
3. Fill a valid name and an invalid mobile number
4. Submit with city left empty
5. Verify the mobile-format and location validation messages are shown","3014","TC-CL-03: Check Truck Price lead form rejects mobile that is not 10 digits on Diesel Trucks","CategoryPages - CategoryListing [diesel] [en] — Diesel Trucks","2026-08-24","passed","2026-08-24","","","",""
"**Test Case ID:** TC-NLP-06
**Title:** Check Offers lead form shows required validation when submitted empty on Find New Trucks
**Language:** en

**Description:**
Open the Find New Trucks listing page, open Check Offers, and submit with name, mobile and city all left empty.

**Expected Result:**
The real, page-shown validation messages for name, mobile and location are displayed, and no lead is submitted.

**Steps:**
1. Open the Find New Trucks listing page
2. Click Check Offers to open its lead form
3. Leave name, mobile and city empty and submit
4. Verify all three required-field validation messages are shown","1691","TC-NLP-06: Check Offers lead form shows required validation when submitted empty on Find New Trucks","ListingPages - NewListingPages [newTrucks] [en] — Find New Trucks","2026-08-24","passed","2026-08-24","","","",""
"**Test Case ID:** TC-PSH-05
**Title:** No visible product card links to a duplicate used truck
**Language:** ta

**Description:**
Confirm every visible product name in Popular Second Hand Truck links to a distinct used truck.

**Expected Result:**
No two visible product cards share the same href.

**Steps:**
1. Open Popular Second Hand Truck
2. Verify all visible product links are unique","1157","TC-PSH-05: no visible product card links to a duplicate used truck","Homepage - PopularSecondHandTruck [ta]","2026-08-24","passed","2026-08-24","","","",""
"**Test Case ID:** TC-CL-04
**Title:** Call Now assistance lead submits successfully on ICV
**Language:** en

**Description:**
Open the ICV page, click the ""Still confused?"" widget's Call Now button to open the assistance lead form, fill model, name, mobile and city, and submit.

**Expected Result:**
The assistance form closes after a successful submission.

**Steps:**
1. Open the ICV page
2. Click Call Now to open the assistance lead form
3. Fill model, name, mobile and city
4. Submit and verify the assistance form closes","5943","TC-CL-04: Call Now assistance lead submits successfully on ICV","CategoryPages - CategoryListing [icv] [en] — ICV","2026-08-24","passed","2026-08-24","","","",""
"","10017","TC-ECV-00: page links resolve 200/30x; broken links are logged, not failed","Homepage - ElectricCommercialVehicles [en]","2026-08-24","passed","2026-08-24","","","",""
"","1502","TC-CL-04: Call Now assistance lead submits successfully on 3 Wheeler","CategoryPages - CategoryListing [threeWheeler] [en] — 3 Wheeler","2026-08-24","skipped","2026-08-24","","","",""
"","13673","TC-NTPDP-00: page links resolve 200/30x; broken links are logged, not failed","PDP - NewTruckPdp [mostPopular] [en] — Tata Yodha 2.0","2026-08-24","passed","2026-08-24","","","",""
"**Test Case ID:** TC-FRU-03
**Title:** First city link navigates to used trucks in that city
**Language:** en

**Description:**
Click the first city in Find Reliable Used Trucks Near You and confirm the used-trucks-in-city listing opens.

**Expected Result:**
The browser URL matches that city’s used-truck-in listing for the selected language.

**Steps:**
1. Open Find Reliable Used Trucks Near You
2. Click the first city link
3. Verify the city used-trucks listing URL","2890","TC-FRU-03: first city link navigates to used trucks in that city","Homepage - FindReliableUsedTrucksNearYou [en]","2026-08-24","passed","2026-08-24","","","",""
"","1902","TC-SRT-07: shows brand/model error when Search is clicked with no brand selection","Homepage - SearchRightTruck [en]","2026-08-24","passed","2026-08-24","","","",""
"**Test Case ID:** TC-ECH-02
**Title:** Check Challan lead requests OTP successfully on E Challan
**Language:** en

**Description:**
Open the E Challan page, enter a sample vehicle registration number, click Check Challan to open its Get Information lead form (a distinct form from Check Offers), fill name, mobile and truck brand, and submit. This form is OTP-gated — there is no configured test OTP in this repo, so completion is verified up to the OTP screen, not full end-to-end submission.

**Expected Result:**
An OTP verification screen (with an Enter OTP field) appears, confirming the lead request succeeded. The submitted name is tagged with a page/CTA identifier for CRM traceability.

**Steps:**
1. Open the E Challan page
2. Enter a sample vehicle registration number
3. Click Check Challan to open its lead form
4. Fill name, mobile and truck brand
5. Submit and verify the OTP screen appears","3050","TC-ECH-02: Check Challan lead requests OTP successfully on E Challan","UsedTruck - EChallan [en] — E Challan","2026-08-24","passed","2026-08-24","","","",""
"**Test Case ID:** TC-BUS-03
**Title:** Lead form rejects mobile that is not 10 digits on Popular Buses
**Language:** en

**Description:**
Open the Popular Buses page, open the lead form via ""Check Bus Price"", fill a valid name, an invalid (5-digit) mobile number, and leave city empty, then submit.

**Expected Result:**
The bus enquiry popup rejects the invalid mobile number in real time (the field reverts to empty), and submitting shows the mobile-required and location-required validation messages, with no lead submitted.

**Steps:**
1. Open the Popular Buses page
2. Click ""Check Bus Price"" to open its lead form
3. Fill a valid name and an invalid mobile number
4. Submit with city left empty
5. Verify the mobile-required and location validation messages are shown","1953","TC-BUS-03: lead form rejects mobile that is not 10 digits on Popular Buses","Buses - BusListing [popularBuses] [en] — Popular Buses","2026-08-24","passed","2026-08-24","","","",""
"","6808","TC-SRT-04: searches by body type and lands on a body-type result URL","Homepage - SearchRightTruck [ta]","2026-08-24","passed","2026-08-24","","","",""
"","1434","TC-TIY-04: View All Popular Trucks link shows label, arrow and popular URL","Homepage - TruckInIndia [en]","2026-08-24","passed","2026-08-24","","","",""
"**Test Case ID:** TC-CL-01
**Title:** Check Truck Price lead submits successfully on Pickups
**Language:** en

**Description:**
Open the Pickups page, click a truck card's ""Check Truck Price"" button to open its lead form, fill name, mobile and city, and submit.

**Expected Result:**
A Thank You confirmation is shown after a successful lead submission.

**Steps:**
1. Open the Pickups page
2. Click a truck card's ""Check Truck Price"" button to open its lead form
3. Fill name, mobile and city
4. Submit and verify Thank You confirmation","11136","TC-CL-01: Check Truck Price lead submits successfully on Pickups","CategoryPages - CategoryListing [pickups] [en] — Pickups","2026-08-24","passed","2026-08-24","","","",""
"**Test Case ID:** TC-CL-02
**Title:** Check Truck Price lead form shows required validation when submitted empty on Mini Trucks
**Language:** en

**Description:**
Open the Mini Trucks page, open Check Truck Price, and submit with name, mobile and city all left empty.

**Expected Result:**
The real, page-shown validation messages for name, mobile and location are displayed, and no lead is submitted.

**Steps:**
1. Open the Mini Trucks page
2. Click a truck card's ""Check Truck Price"" button to open its lead form
3. Leave name, mobile and city empty and submit
4. Verify all three required-field validation messages are shown","1812","TC-CL-02: Check Truck Price lead form shows required validation when submitted empty on Mini Trucks","CategoryPages - CategoryListing [miniTrucks] [en] — Mini Trucks","2026-08-24","passed","2026-08-24","","","",""
"**Test Case ID:** TC-NLP-02
**Title:** Check Truck Price lead submits successfully on BS6 Trucks
**Language:** en

**Description:**
Open the BS6 Trucks listing page, click Check Truck Price to open its lead form, fill name, mobile and city, and submit.

**Expected Result:**
A Thank You confirmation is shown after a successful lead submission. The submitted name is tagged with a page/CTA identifier for CRM traceability.

**Steps:**
1. Open the BS6 Trucks listing page
2. Click Check Truck Price to open its lead form
3. Fill name, mobile and city
4. Submit and verify the confirmation","5380","TC-NLP-02: Check Truck Price lead submits successfully on BS6 Trucks","ListingPages - NewListingPages [bs6Trucks] [en] — BS6 Trucks","2026-08-24","passed","2026-08-24","","","",""
"","3776","TC-SRT-12: loads model options for a brand including top models from test data","Homepage - SearchRightTruck [ta]","2026-08-24","passed","2026-08-24","","","",""
"**Test Case ID:** TC-CL-01
**Title:** Check Truck Price lead submits successfully on 12 Wheeler
**Language:** en

**Description:**
Open the 12 Wheeler page, click a truck card's ""Check Truck Price"" button to open its lead form, fill name, mobile and city, and submit.

**Expected Result:**
A Thank You confirmation is shown after a successful lead submission.

**Steps:**
1. Open the 12 Wheeler page
2. Click a truck card's ""Check Truck Price"" button to open its lead form
3. Fill name, mobile and city
4. Submit and verify Thank You confirmation","5729","TC-CL-01: Check Truck Price lead submits successfully on 12 Wheeler","CategoryPages - CategoryListing [twelveWheeler] [en] — 12 Wheeler","2026-08-24","passed","2026-08-24","","","",""
"","1072","TC-SRT-07: shows brand/model error when Search is clicked with no brand selection","Homepage - SearchRightTruck [ta]","2026-08-24","passed","2026-08-24","","","",""
"**Test Case ID:** TC-NTPDP-17
**Title:** Price in India block for Tata Yodha 2.0
**Language:** en

**Description:**
Verify Price in India section for Tata Yodha 2.0.

**Expected Result:**
Price in India heading is visible.

**Steps:**
1. Open PDP
2. Scroll to Price in India
3. Verify heading","35","TC-NTPDP-17: Price in India block for Tata Yodha 2.0","PDP - NewTruckPdp [mostPopular] [en] — Tata Yodha 2.0","2026-08-24","passed","2026-08-24","","Page blocks (same session)","",""
"","2960","TC-TIY-16: View All link always includes an arrow icon for each tab","Homepage - TruckInIndia [en]","2026-08-24","passed","2026-08-24","","","",""
"**Test Case ID:** TC-SEO-06
**Title:** Read Less collapses the About Truck Junction content back
**Language:** hi

**Description:**
Expand via Read More, then click Read Less and confirm the block collapses back (Read More reappears).

**Expected Result:**
After Read Less, the block is collapsed and Read More is visible again.

**Steps:**
1. Open the About Truck Junction block
2. Click Read More, then Read Less
3. Verify Read More is shown again","938","TC-SEO-06: Read Less collapses the About Truck Junction content back","SEO - HomePageSeoContent [hi]","2026-08-24","passed","2026-08-24","","","",""
"","5911","TC-SRT-04: searches by body type and lands on a body-type result URL","Homepage - SearchRightTruck [hi]","2026-08-24","passed","2026-08-24","","","",""
"","9175","TC-PSH-00: page links resolve 200/30x; broken links are logged, not failed","Homepage - PopularSecondHandTruck [hi]","2026-08-24","passed","2026-08-24","","","",""
"**Test Case ID:** TC-FRU-05
**Title:** Last city link navigates to used trucks in that city
**Language:** ta

**Description:**
Click the last (not first) city in Find Reliable Used Trucks Near You and confirm the used-trucks-in-city listing opens.

**Expected Result:**
The browser URL matches that city’s used-truck-in listing for the selected language.

**Steps:**
1. Open Find Reliable Used Trucks Near You
2. Click the last city link
3. Verify the city used-trucks listing URL","5504","TC-FRU-05: last city link navigates to used trucks in that city","Homepage - FindReliableUsedTrucksNearYou [ta]","2026-08-24","passed","2026-08-24","","","",""
"","2613","TC-TIY-12: tab cycle Popular → Latest → Upcoming → Popular restores Popular View All link","Homepage - TruckInIndia [en]","2026-08-24","passed","2026-08-24","","","",""
"","9556","TC-TSR-00: page links resolve 200/30x; broken links are logged, not failed","CategoryPages - CategoryListingTruckSeries [mahindraBolero] [en] — Mahindra Bolero","2026-08-24","passed","2026-08-24","","","",""
"","5336","TC-BUS-00: page links resolve 200/30x; broken links are logged, not failed","Buses - BusListing [smlIsuzuBuses] [en] — SML ISUZU Buses","2026-08-24","passed","2026-08-24","","","",""
"**Test Case ID:** TC-BUS-01
**Title:** Lead submits successfully on Upcoming Buses
**Language:** en

**Description:**
Open the Upcoming Buses page, click ""Notify Me"" to open its lead form, fill name, mobile and city, and submit.

**Expected Result:**
A Thank You confirmation is shown after a successful lead submission.

**Steps:**
1. Open the Upcoming Buses page
2. Click ""Notify Me"" to open its lead form
3. Fill name, mobile and city
4. Submit and verify Thank You confirmation","7023","TC-BUS-01: lead submits successfully on Upcoming Buses","Buses - BusListing [upcomingBuses] [en] — Upcoming Buses","2026-08-24","passed","2026-08-24","","","",""
"**Test Case ID:** TC-CL-02
**Title:** Check Truck Price lead form shows required validation when submitted empty on Tempo Traveller
**Language:** en

**Description:**
Open the Tempo Traveller page, open Check Truck Price, and submit with name, mobile and city all left empty.

**Expected Result:**
The real, page-shown validation messages for name, mobile and location are displayed, and no lead is submitted.

**Steps:**
1. Open the Tempo Traveller page
2. Click a truck card's ""Check Truck Price"" button to open its lead form
3. Leave name, mobile and city empty and submit
4. Verify all three required-field validation messages are shown","1767","TC-CL-02: Check Truck Price lead form shows required validation when submitted empty on Tempo Traveller","CategoryPages - CategoryListing [tempoTraveller] [en] — Tempo Traveller","2026-08-24","passed","2026-08-24","","","",""
"","16123","TC-TBR-00: page links resolve 200/30x; broken links are logged, not failed","CategoryPages - CategoryListingBrands [tataBrand] [en] — Tata Trucks","2026-08-24","passed","2026-08-24","","","",""
"**Test Case ID:** TC-LMC-03
**Title:** One Check Offers lead from 3 சக்கர வாகனங்கள் tab submits successfully
**Language:** ta

**Description:**
Open the 3 சக்கர வாகனங்கள் tab in Latest Models by Category, click Check Offers once, fill name/mobile/city, enter a 5-digit price/budget only if asked, and submit.

**Expected Result:**
A Thank You confirmation is shown after a successful lead submission from that tab.

**Steps:**
1. Open Latest Models by Category
2. Open the 3 சக்கர வாகனங்கள் tab
3. Click Check Offers on one visible card
4. Fill name, mobile and city (and 5-digit price/budget if shown)
5. Submit and verify Thank You confirmation","15644","TC-LMC-03: one Check Offers lead from 3 சக்கர வாகனங்கள் tab submits successfully","Homepage - LatestModelsByCategory [ta]","2026-08-24","passed","2026-08-24","","","",""
"","2086","TC-SRT-06: navigates via Find All Trucks to the new trucks listing","Homepage - SearchRightTruck [ta]","2026-08-24","passed","2026-08-24","","","",""
"","1463","TC-TIY-14: Upcoming tab has no duplicate truck cards","Homepage - TruckInIndia [en]","2026-08-24","passed","2026-08-24","","","",""
"","9707","TC-TYR-00: page links resolve 200/30x; broken links are logged, not failed","UtilityPages - Tyres [en] — Tyres","2026-08-24","passed","2026-08-24","","","",""
"","4997","TC-SRT-01: Search The Right Truck section shows tabs, fields and Brand active by default","Homepage - SearchRightTruck [en]","2026-08-24","passed","2026-08-24","","","",""
"**Test Case ID:** TC-CL-03
**Title:** Check Truck Price lead form rejects mobile that is not 10 digits on ICV
**Language:** en

**Description:**
Open the ICV page, open Check Truck Price, fill a valid name, an invalid (5-digit) mobile number, and leave city empty, then submit.

**Expected Result:**
The real, page-shown mobile-format and location-required validation messages are displayed, and no lead is submitted.

**Steps:**
1. Open the ICV page
2. Click a truck card's ""Check Truck Price"" button to open its lead form
3. Fill a valid name and an invalid mobile number
4. Submit with city left empty
5. Verify the mobile-format and location validation messages are shown","5368","TC-CL-03: Check Truck Price lead form rejects mobile that is not 10 digits on ICV","CategoryPages - CategoryListing [icv] [en] — ICV","2026-08-24","passed","2026-08-24","","","",""
"**Test Case ID:** TC-BUS-02
**Title:** Lead form shows required validation when submitted empty on Eicher Buses
**Language:** en

**Description:**
Open the Eicher Buses page, open the lead form via ""Check Bus Price"", and submit with name, mobile and city all left empty.

**Expected Result:**
The real, page-shown validation messages for name, mobile and location are displayed, and no lead is submitted.

**Steps:**
1. Open the Eicher Buses page
2. Click ""Check Bus Price"" to open its lead form
3. Leave name, mobile and city empty and submit
4. Verify all three required-field validation messages are shown","1683","TC-BUS-02: lead form shows required validation when submitted empty on Eicher Buses","Buses - BusListing [eicherBuses] [en] — Eicher Buses","2026-08-24","passed","2026-08-24","","","",""
"**Test Case ID:** TC-CL-03
**Title:** Check Truck Price lead form rejects mobile that is not 10 digits on 4 Wheeler
**Language:** en

**Description:**
Open the 4 Wheeler page, open Check Truck Price, fill a valid name, an invalid (5-digit) mobile number, and leave city empty, then submit.

**Expected Result:**
The real, page-shown mobile-format and location-required validation messages are displayed, and no lead is submitted.

**Steps:**
1. Open the 4 Wheeler page
2. Click a truck card's ""Check Truck Price"" button to open its lead form
3. Fill a valid name and an invalid mobile number
4. Submit with city left empty
5. Verify the mobile-format and location validation messages are shown","3450","TC-CL-03: Check Truck Price lead form rejects mobile that is not 10 digits on 4 Wheeler","CategoryPages - CategoryListing [fourWheeler] [en] — 4 Wheeler","2026-08-24","passed","2026-08-24","","","",""
"**Test Case ID:** TC-LTU-03
**Title:** No visible video card links to a duplicate video
**Language:** en

**Description:**
Confirm every visible video title in Latest Truck Updates links to a distinct video.

**Expected Result:**
No two visible video cards share the same href.

**Steps:**
1. Open Latest Truck Updates
2. Verify all visible video links are unique","1216","TC-LTU-03: no visible video card links to a duplicate video","Homepage - LatestTruckUpdates [en]","2026-08-24","passed","2026-08-24","","","",""
"**Test Case ID:** TC-TBR-01
**Title:** Check Truck Price lead submits successfully on Mahindra Trucks
**Language:** en

**Description:**
Open the Mahindra Trucks page, click a truck card's ""Check Truck Price"" button to open its lead form, fill name, mobile and city, and submit.

**Expected Result:**
A Thank You confirmation is shown after a successful lead submission.

**Steps:**
1. Open the Mahindra Trucks page
2. Click a truck card's ""Check Truck Price"" button to open its lead form
3. Fill name, mobile and city
4. Submit and verify Thank You confirmation","5646","TC-TBR-01: Check Truck Price lead submits successfully on Mahindra Trucks","CategoryPages - CategoryListingBrands [mahindraBrand] [en] — Mahindra Trucks","2026-08-24","passed","2026-08-24","","","",""
"**Test Case ID:** TC-PTC-03
**Title:** View All Comparison opens compare listing
**Language:** en

**Description:**
Click View All Comparison in Popular Truck Comparison and confirm the compare listing opens.

**Expected Result:**
The URL is the compare listing for the language (for example /en/compare).

**Steps:**
1. Open Popular Truck Comparison
2. Click View All Comparison
3. Verify the compare listing URL","3669","TC-PTC-03: View All Comparison opens compare listing","Homepage - PopularTruckComparison [en]","2026-08-24","passed","2026-08-24","","","",""
"**Test Case ID:** TC-LTU-01
**Title:** Latest Truck Updates section is visible with videos
**Language:** en

**Description:**
Open the homepage and locate Latest Truck Updates. Confirm the section heading and at least one video title are shown.

**Expected Result:**
Latest Truck Updates is visible with the correct localized heading and one or more video titles.

**Steps:**
1. Open the homepage for the selected language
2. Scroll to Latest Truck Updates
3. Verify heading and video titles are visible","2054","TC-LTU-01: Latest Truck Updates section is visible with videos","Homepage - LatestTruckUpdates [en]","2026-08-24","passed","2026-08-24","","","",""
"","26342","TC-TSR-00: page links resolve 200/30x; broken links are logged, not failed","CategoryPages - CategoryListingTruckSeries [mahindraBlazo] [en] — Mahindra Blazo","2026-08-24","passed","2026-08-24","","","",""
"","3208","TC-TIY-22: Check Offers lead form requires location even when name and mobile are valid","Homepage - TruckInIndia [en]","2026-08-24","passed","2026-08-24","","","",""
"","5392","TC-CNT-00: page links resolve 200/30x; broken links are logged, not failed","UtilityPages - ContentPage [emiCalculator] [en] — EMI Calculator","2026-08-24","passed","2026-08-24","","","",""
"**Test Case ID:** TC-BUS-03
**Title:** Lead form rejects mobile that is not 10 digits on Eicher Buses
**Language:** en

**Description:**
Open the Eicher Buses page, open the lead form via ""Check Bus Price"", fill a valid name, an invalid (5-digit) mobile number, and leave city empty, then submit.

**Expected Result:**
The bus enquiry popup rejects the invalid mobile number in real time (the field reverts to empty), and submitting shows the mobile-required and location-required validation messages, with no lead submitted.

**Steps:**
1. Open the Eicher Buses page
2. Click ""Check Bus Price"" to open its lead form
3. Fill a valid name and an invalid mobile number
4. Submit with city left empty
5. Verify the mobile-required and location validation messages are shown","1933","TC-BUS-03: lead form rejects mobile that is not 10 digits on Eicher Buses","Buses - BusListing [eicherBuses] [en] — Eicher Buses","2026-08-24","passed","2026-08-24","","","",""
"","1310","TC-TIY-11: heading year is present and is a four-digit year (not missing or static placeholder)","Homepage - TruckInIndia [en]","2026-08-24","passed","2026-08-24","","","",""
"","1242","TC-SRT-16: does not navigate when Search is double-clicked with empty Brand tab","Homepage - SearchRightTruck [ta]","2026-08-24","passed","2026-08-24","","","",""
"**Test Case ID:** TC-BUS-03
**Title:** Lead form rejects mobile that is not 10 digits on Mahindra Buses
**Language:** en

**Description:**
Open the Mahindra Buses page, open the lead form via ""Check Bus Price"", fill a valid name, an invalid (5-digit) mobile number, and leave city empty, then submit.

**Expected Result:**
The bus enquiry popup rejects the invalid mobile number in real time (the field reverts to empty), and submitting shows the mobile-required and location-required validation messages, with no lead submitted.

**Steps:**
1. Open the Mahindra Buses page
2. Click ""Check Bus Price"" to open its lead form
3. Fill a valid name and an invalid mobile number
4. Submit with city left empty
5. Verify the mobile-required and location validation messages are shown","1900","TC-BUS-03: lead form rejects mobile that is not 10 digits on Mahindra Buses","Buses - BusListing [mahindraBuses] [en] — Mahindra Buses","2026-08-24","passed","2026-08-24","","","",""
"","8095","TC-TIY-19: Upcoming Check Offers submits lead and shows Thank You modal","Homepage - TruckInIndia [en]","2026-08-24","passed","2026-08-24","","","",""
"","1711","TC-SRT-08: shows body-type/brand error when Search is clicked with no body type selected","Homepage - SearchRightTruck [en]","2026-08-24","passed","2026-08-24","","","",""
"","10672","TC-BUS-00: page links resolve 200/30x; broken links are logged, not failed","Buses - BusListing [ashokLeylandBuses] [en] — Ashok Leyland Buses","2026-08-24","passed","2026-08-24","","","",""
"","788","TC-NLP-04: Notify Me lead submits successfully on Popular Truck","ListingPages - NewListingPages [popularTrucks] [en] — Popular Truck","2026-08-24","skipped","2026-08-24","","","",""
"**Test Case ID:** TC-CL-01
**Title:** Check Truck Price lead submits successfully on ICV
**Language:** en

**Description:**
Open the ICV page, click a truck card's ""Check Truck Price"" button to open its lead form, fill name, mobile and city, and submit.

**Expected Result:**
A Thank You confirmation is shown after a successful lead submission.

**Steps:**
1. Open the ICV page
2. Click a truck card's ""Check Truck Price"" button to open its lead form
3. Fill name, mobile and city
4. Submit and verify Thank You confirmation","5222","TC-CL-01: Check Truck Price lead submits successfully on ICV","CategoryPages - CategoryListing [icv] [en] — ICV","2026-08-24","passed","2026-08-24","","","",""
"","5","TC-NTPDP-16: Dealers, Service & Spare Parts for Eka 3W Cargo","PDP - NewTruckPdp [leastPopular] [en] — Eka 3W Cargo","2026-08-24","skipped","2026-08-24","","Page blocks (same session)","",""
"**Test Case ID:** TC-TSR-03
**Title:** Check Truck Price lead form rejects mobile that is not 10 digits on Ashok Leyland Boss
**Language:** en

**Description:**
Open the Ashok Leyland Boss page, open Check Truck Price, fill a valid name, an invalid (5-digit) mobile number, and leave city empty, then submit.

**Expected Result:**
The real, page-shown mobile-format and location-required validation messages are displayed, and no lead is submitted.

**Steps:**
1. Open the Ashok Leyland Boss page
2. Click a truck card's ""Check Truck Price"" button to open its lead form
3. Fill a valid name and an invalid mobile number
4. Submit with city left empty
5. Verify the mobile-format and location validation messages are shown","2828","TC-TSR-03: Check Truck Price lead form rejects mobile that is not 10 digits on Ashok Leyland Boss","CategoryPages - CategoryListingTruckSeries [ashokLeylandBoss] [en] — Ashok Leyland Boss","2026-08-24","passed","2026-08-24","","","",""
"","1294","TC-SRT-07: shows brand/model error when Search is clicked with no brand selection","Homepage - SearchRightTruck [hi]","2026-08-24","passed","2026-08-24","","","",""
"**Test Case ID:** TC-PTB-07
**Title:** Popular Truck Brands shows no card for a nonexistent brand
**Language:** en

**Description:**
Confirm no brand card links to a made-up, nonexistent brand slug.

**Expected Result:**
Zero brand cards match a nonexistent brand slug.

**Steps:**
1. Open the Popular Truck Brands section
2. Look for a card linking to a nonexistent brand slug
3. Verify none exists","1260","TC-PTB-07: Popular Truck Brands shows no card for a nonexistent brand","Homepage - PopularTruckBrands [en]","2026-08-24","passed","2026-08-24","","","",""
"**Test Case ID:** TC-CL-02
**Title:** Check Truck Price lead form shows required validation when submitted empty on Transit Mixer
**Language:** en

**Description:**
Open the Transit Mixer page, open Check Truck Price, and submit with name, mobile and city all left empty.

**Expected Result:**
The real, page-shown validation messages for name, mobile and location are displayed, and no lead is submitted.

**Steps:**
1. Open the Transit Mixer page
2. Click a truck card's ""Check Truck Price"" button to open its lead form
3. Leave name, mobile and city empty and submit
4. Verify all three required-field validation messages are shown","3148","TC-CL-02: Check Truck Price lead form shows required validation when submitted empty on Transit Mixer","CategoryPages - CategoryListing [transitMixer] [en] — Transit Mixer","2026-08-24","passed","2026-08-24","","","",""
"","11852","TC-CL-00: page links resolve 200/30x; broken links are logged, not failed","CategoryPages - CategoryListing [tempoTraveller] [en] — Tempo Traveller","2026-08-24","passed","2026-08-24","","","",""
"**Test Case ID:** TC-VHR-05
**Title:** Check Offers lead form rejects mobile that is not 10 digits on Vehicle Report
**Language:** en

**Description:**
Open the Vehicle Report page, open Check Offers, fill a valid name, an invalid (5-digit) mobile number, and leave city empty, then submit.

**Expected Result:**
The real, page-shown mobile-format and location-required validation messages are displayed, and no lead is submitted.

**Steps:**
1. Open the Vehicle Report page
2. Open the Check Offers lead form
3. Fill a valid name and an invalid mobile number
4. Submit with city left empty
5. Verify the mobile-format and location validation messages are shown","1686","TC-VHR-05: Check Offers lead form rejects mobile that is not 10 digits on Vehicle Report","UsedTruck - VehicleReport [en] — Vehicle Report","2026-08-24","passed","2026-08-24","","","",""
"","3013","TC-SRT-10: switches tabs and updates select placeholders","Homepage - SearchRightTruck [en]","2026-08-24","passed","2026-08-24","","","",""
"**Test Case ID:** TC-BUS-03
**Title:** Lead form rejects mobile that is not 10 digits on New Buses
**Language:** en

**Description:**
Open the New Buses page, open the lead form via ""Check Bus Price"", fill a valid name, an invalid (5-digit) mobile number, and leave city empty, then submit.

**Expected Result:**
The bus enquiry popup rejects the invalid mobile number in real time (the field reverts to empty), and submitting shows the mobile-required and location-required validation messages, with no lead submitted.

**Steps:**
1. Open the New Buses page
2. Click ""Check Bus Price"" to open its lead form
3. Fill a valid name and an invalid mobile number
4. Submit with city left empty
5. Verify the mobile-required and location validation messages are shown","1898","TC-BUS-03: lead form rejects mobile that is not 10 digits on New Buses","Buses - BusListing [newBuses] [en] — New Buses","2026-08-24","passed","2026-08-24","","","",""
"","4717","TC-CL-04: Call Now assistance lead submits successfully on 6 Wheeler","CategoryPages - CategoryListing [sixWheeler] [en] — 6 Wheeler","2026-08-24","skipped","2026-08-24","","","",""
"**Test Case ID:** TC-CL-03
**Title:** Check Truck Price lead form rejects mobile that is not 10 digits on Transit Mixer
**Language:** en

**Description:**
Open the Transit Mixer page, open Check Truck Price, fill a valid name, an invalid (5-digit) mobile number, and leave city empty, then submit.

**Expected Result:**
The real, page-shown mobile-format and location-required validation messages are displayed, and no lead is submitted.

**Steps:**
1. Open the Transit Mixer page
2. Click a truck card's ""Check Truck Price"" button to open its lead form
3. Fill a valid name and an invalid mobile number
4. Submit with city left empty
5. Verify the mobile-format and location validation messages are shown","2716","TC-CL-03: Check Truck Price lead form rejects mobile that is not 10 digits on Transit Mixer","CategoryPages - CategoryListing [transitMixer] [en] — Transit Mixer","2026-08-24","passed","2026-08-24","","","",""
"**Test Case ID:** TC-NLP-06
**Title:** Check Offers lead form shows required validation when submitted empty on BS6 Trucks
**Language:** en

**Description:**
Open the BS6 Trucks listing page, open Check Offers, and submit with name, mobile and city all left empty.

**Expected Result:**
The real, page-shown validation messages for name, mobile and location are displayed, and no lead is submitted.

**Steps:**
1. Open the BS6 Trucks listing page
2. Click Check Offers to open its lead form
3. Leave name, mobile and city empty and submit
4. Verify all three required-field validation messages are shown","2646","TC-NLP-06: Check Offers lead form shows required validation when submitted empty on BS6 Trucks","ListingPages - NewListingPages [bs6Trucks] [en] — BS6 Trucks","2026-08-24","passed","2026-08-24","","","",""
"**Test Case ID:** TC-CL-01
**Title:** Check Truck Price lead submits successfully on Auto Rickshaw
**Language:** en

**Description:**
Open the Auto Rickshaw page, click a truck card's ""Check Truck Price"" button to open its lead form, fill name, mobile and city, and submit.

**Expected Result:**
A Thank You confirmation is shown after a successful lead submission.

**Steps:**
1. Open the Auto Rickshaw page
2. Click a truck card's ""Check Truck Price"" button to open its lead form
3. Fill name, mobile and city
4. Submit and verify Thank You confirmation","4707","TC-CL-01: Check Truck Price lead submits successfully on Auto Rickshaw","CategoryPages - CategoryListing [autoRickshaw] [en] — Auto Rickshaw","2026-08-24","passed","2026-08-24","","","",""
"**Test Case ID:** TC-LTU-02
**Title:** First video title navigates to videos page
**Language:** en

**Description:**
Click the first visible video title in Latest Truck Updates and confirm the videos page opens.

**Expected Result:**
The browser URL matches that video’s path for the selected language.

**Steps:**
1. Open Latest Truck Updates
2. Click the first visible video title
3. Verify the URL is the matching videos page","3031","TC-LTU-02: first video title navigates to videos page","Homepage - LatestTruckUpdates [en]","2026-08-24","passed","2026-08-24","","","",""
"","2653","TC-SRT-05: searches by budget and navigates away from the homepage form","Homepage - SearchRightTruck [hi]","2026-08-24","passed","2026-08-24","","","",""
"**Test Case ID:** TC-FRU-04
**Title:** No city link shares another city's listing URL
**Language:** ta

**Description:**
Confirm the first two city links do not point at each other's used-truck-in URL.

**Expected Result:**
Each city card links only to its own city listing URL.

**Steps:**
1. Open Find Reliable Used Trucks Near You
2. Verify the first city's link does not use the second city's URL, and vice versa","1443","TC-FRU-04: no city link shares another city's listing URL","Homepage - FindReliableUsedTrucksNearYou [ta]","2026-08-24","passed","2026-08-24","","","",""
"**Test Case ID:** TC-NTPDP-17
**Title:** Price in India block for Eka 3W Cargo
**Language:** en

**Description:**
Verify Price in India section for Eka 3W Cargo.

**Expected Result:**
Price in India heading is visible.

**Steps:**
1. Open PDP
2. Scroll to Price in India
3. Verify heading","31","TC-NTPDP-17: Price in India block for Eka 3W Cargo","PDP - NewTruckPdp [leastPopular] [en] — Eka 3W Cargo","2026-08-24","passed","2026-08-24","","Page blocks (same session)","",""
"","2478","TC-SRT-15: clears brand selection after switching away and back to Brand tab","Homepage - SearchRightTruck [en]","2026-08-24","passed","2026-08-24","","","",""
"**Test Case ID:** TC-BUS-02
**Title:** Lead form shows required validation when submitted empty on New Buses
**Language:** en

**Description:**
Open the New Buses page, open the lead form via ""Check Bus Price"", and submit with name, mobile and city all left empty.

**Expected Result:**
The real, page-shown validation messages for name, mobile and location are displayed, and no lead is submitted.

**Steps:**
1. Open the New Buses page
2. Click ""Check Bus Price"" to open its lead form
3. Leave name, mobile and city empty and submit
4. Verify all three required-field validation messages are shown","6234","TC-BUS-02: lead form shows required validation when submitted empty on New Buses","Buses - BusListing [newBuses] [en] — New Buses","2026-08-24","passed","2026-08-24","","","",""
"**Test Case ID:** TC-CL-01
**Title:** Check Truck Price lead submits successfully on 22 Wheeler
**Language:** en

**Description:**
Open the 22 Wheeler page, click a truck card's ""Check Truck Price"" button to open its lead form, fill name, mobile and city, and submit.

**Expected Result:**
A Thank You confirmation is shown after a successful lead submission.

**Steps:**
1. Open the 22 Wheeler page
2. Click a truck card's ""Check Truck Price"" button to open its lead form
3. Fill name, mobile and city
4. Submit and verify Thank You confirmation","3900","TC-CL-01: Check Truck Price lead submits successfully on 22 Wheeler","CategoryPages - CategoryListing [twentyTwoWheeler] [en] — 22 Wheeler","2026-08-24","passed","2026-08-24","","","",""
"","1767","TC-SRT-14: lists expected budget ranges with localized labels","Homepage - SearchRightTruck [ta]","2026-08-24","passed","2026-08-24","","","",""
"**Test Case ID:** TC-NTPDP-21
**Title:** Videos block for Tata Yodha 2.0
**Language:** en

**Description:**
Verify product Videos section when present on Tata Yodha 2.0.

**Expected Result:**
Videos heading is visible, or skipped.

**Steps:**
1. Open PDP
2. Locate Videos if present","101","TC-NTPDP-21: Videos block for Tata Yodha 2.0","PDP - NewTruckPdp [mostPopular] [en] — Tata Yodha 2.0","2026-08-24","passed","2026-08-24","","Page blocks (same session)","",""
"","9007","TC-LTU-00: page links resolve 200/30x; broken links are logged, not failed","Homepage - LatestTruckUpdates [en]","2026-08-24","passed","2026-08-24","","","",""
"**Test Case ID:** TC-NLP-07
**Title:** Check Offers lead form rejects mobile that is not 10 digits on Find New Trucks
**Language:** en

**Description:**
Open the Find New Trucks listing page, open Check Offers, fill a valid name, an invalid (5-digit) mobile number, and leave city empty, then submit.

**Expected Result:**
The real, page-shown mobile-format and location-required validation messages are displayed, and no lead is submitted.

**Steps:**
1. Open the Find New Trucks listing page
2. Click Check Offers to open its lead form
3. Fill a valid name and an invalid mobile number
4. Submit with city left empty
5. Verify the mobile-format and location validation messages are shown","3431","TC-NLP-07: Check Offers lead form rejects mobile that is not 10 digits on Find New Trucks","ListingPages - NewListingPages [newTrucks] [en] — Find New Trucks","2026-08-24","passed","2026-08-24","","","",""
"","2483","TC-TIY-03: Popular tab shows truck cards with Check Offers CTA","Homepage - TruckInIndia [en]","2026-08-24","passed","2026-08-24","","","",""
"","6494","TC-CL-00: page links resolve 200/30x; broken links are logged, not failed","CategoryPages - CategoryListing [twentyTwoWheeler] [en] — 22 Wheeler","2026-08-24","passed","2026-08-24","","","",""
"","11643","TC-CL-00: page links resolve 200/30x; broken links are logged, not failed","CategoryPages - CategoryListing [trailers] [en] — Trailers","2026-08-24","passed","2026-08-24","","","",""
"**Test Case ID:** TC-SEO-05
**Title:** Read Less is not shown before the About Truck Junction content is expanded
**Language:** hi

**Description:**
Confirm the Read Less control is not present while the block is still collapsed.

**Expected Result:**
Read Less does not exist until Read More has been clicked.

**Steps:**
1. Open the About Truck Junction block
2. Verify Read Less is not shown yet","654","TC-SEO-05: Read Less is not shown before the About Truck Junction content is expanded","SEO - HomePageSeoContent [hi]","2026-08-24","passed","2026-08-24","","","",""
"**Test Case ID:** TC-PTB-07
**Title:** Popular Truck Brands shows no card for a nonexistent brand
**Language:** ta

**Description:**
Confirm no brand card links to a made-up, nonexistent brand slug.

**Expected Result:**
Zero brand cards match a nonexistent brand slug.

**Steps:**
1. Open the Popular Truck Brands section
2. Look for a card linking to a nonexistent brand slug
3. Verify none exists","2446","TC-PTB-07: Popular Truck Brands shows no card for a nonexistent brand","Homepage - PopularTruckBrands [ta]","2026-08-24","passed","2026-08-24","","","",""
"**Test Case ID:** TC-PTC-01
**Title:** Popular Truck Comparison section is visible
**Language:** ta

**Description:**
Open the homepage and locate Popular Truck Comparison. Confirm the section and heading are shown.

**Expected Result:**
The Popular Truck Comparison section is visible with the correct localized heading.

**Steps:**
1. Open the homepage for the selected language
2. Scroll to Popular Truck Comparison
3. Verify the section and heading are visible","1149","TC-PTC-01: Popular Truck Comparison section is visible","Homepage - PopularTruckComparison [ta]","2026-08-24","passed","2026-08-24","","","",""
"**Test Case ID:** TC-NTPDP-03
**Title:** Get Offers lead submits successfully for Eka 3W Cargo
**Language:** en

**Description:**
Fill name, mobile and city on the open Get Offers lead for Eka 3W Cargo and submit.

**Expected Result:**
User sees the thank-you confirmation after submitting Get Offers.

**Steps:**
1. On the same launch Get Offers lead after validation
2. Enter name, mobile and city
3. Click Get Offers
4. Verify thank-you message","3300","TC-NTPDP-03: Get Offers lead submits successfully for Eka 3W Cargo","PDP - NewTruckPdp [leastPopular] [en] — Eka 3W Cargo","2026-08-24","passed","2026-08-24","","","",""
"**Test Case ID:** TC-BR-03
**Title:** Download Brochure lead submits successfully from the ""Upcoming"" tab on Brochure
**Language:** en

**Description:**
Open the Brochure page, switch the ""Best Selling Trucks"" carousel to the ""Upcoming"" tab, click a card's Download Brochure button to open its lead form (the same shared Check Offers modal used elsewhere on the page), fill name, mobile and city, and submit. Every tab is its own entry point even though all tabs open the same underlying form.

**Expected Result:**
A Thank You confirmation is shown after a successful lead submission.

**Steps:**
1. Open the Brochure page
2. Switch the Best Selling Trucks carousel to the ""Upcoming"" tab
3. Click a card's Download Brochure button to open its lead form
4. Fill name, mobile and city
5. Submit and verify Thank You confirmation","4846","TC-BR-03: Download Brochure lead submits successfully from the ""Upcoming"" tab on Brochure","Brochure - Brochure [en] — Brochure","2026-08-24","passed","2026-08-24","","","",""
"","761","TC-NLP-03: Contact Seller lead submits successfully on Latest Trucks","ListingPages - NewListingPages [latestTrucks] [en] — Latest Trucks","2026-08-24","skipped","2026-08-24","","","",""
"**Test Case ID:** TC-CL-02
**Title:** Check Truck Price lead form shows required validation when submitted empty on HCV
**Language:** en

**Description:**
Open the HCV page, open Check Truck Price, and submit with name, mobile and city all left empty.

**Expected Result:**
The real, page-shown validation messages for name, mobile and location are displayed, and no lead is submitted.

**Steps:**
1. Open the HCV page
2. Click a truck card's ""Check Truck Price"" button to open its lead form
3. Leave name, mobile and city empty and submit
4. Verify all three required-field validation messages are shown","1809","TC-CL-02: Check Truck Price lead form shows required validation when submitted empty on HCV","CategoryPages - CategoryListing [hcv] [en] — HCV","2026-08-24","passed","2026-08-24","","","",""
"**Test Case ID:** TC-TBR-02
**Title:** Check Truck Price lead form shows required validation when submitted empty on Eicher Trucks
**Language:** en

**Description:**
Open the Eicher Trucks page, open Check Truck Price, and submit with name, mobile and city all left empty.

**Expected Result:**
The real, page-shown validation messages for name, mobile and location are displayed, and no lead is submitted.

**Steps:**
1. Open the Eicher Trucks page
2. Click a truck card's ""Check Truck Price"" button to open its lead form
3. Leave name, mobile and city empty and submit
4. Verify all three required-field validation messages are shown","2714","TC-TBR-02: Check Truck Price lead form shows required validation when submitted empty on Eicher Trucks","CategoryPages - CategoryListingBrands [eicherBrand] [en] — Eicher Trucks","2026-08-24","passed","2026-08-24","","","",""
"","1183","TC-SRT-16: does not navigate when Search is double-clicked with empty Brand tab","Homepage - SearchRightTruck [hi]","2026-08-24","passed","2026-08-24","","","",""
"**Test Case ID:** TC-NTPDP-08
**Title:** EMI block for Tata Yodha 2.0
**Language:** en

**Description:**
Verify the EMI section heading when present on Tata Yodha 2.0.

**Expected Result:**
EMI heading is visible, or the case is skipped if not on this PDP.

**Steps:**
1. Open PDP
2. Locate EMI heading if present","121","TC-NTPDP-08: EMI block for Tata Yodha 2.0","PDP - NewTruckPdp [mostPopular] [en] — Tata Yodha 2.0","2026-08-24","passed","2026-08-24","","Page blocks (same session)","",""
"**Test Case ID:** TC-BUS-01
**Title:** Lead submits successfully on Popular Buses
**Language:** en

**Description:**
Open the Popular Buses page, click ""Check Bus Price"" to open its lead form, fill name, mobile and city, and submit.

**Expected Result:**
A Thank You confirmation is shown after a successful lead submission.

**Steps:**
1. Open the Popular Buses page
2. Click ""Check Bus Price"" to open its lead form
3. Fill name, mobile and city
4. Submit and verify Thank You confirmation","4637","TC-BUS-01: lead submits successfully on Popular Buses","Buses - BusListing [popularBuses] [en] — Popular Buses","2026-08-24","passed","2026-08-24","","","",""
"","8997","TC-PTB-00: page links resolve 200/30x; broken links are logged, not failed","Homepage - PopularTruckBrands [ta]","2026-08-24","passed","2026-08-24","","","",""
"**Test Case ID:** TC-BUS-03
**Title:** Lead form rejects mobile that is not 10 digits on Tata Buses
**Language:** en

**Description:**
Open the Tata Buses page, open the lead form via ""Check Bus Price"", fill a valid name, an invalid (5-digit) mobile number, and leave city empty, then submit.

**Expected Result:**
The bus enquiry popup rejects the invalid mobile number in real time (the field reverts to empty), and submitting shows the mobile-required and location-required validation messages, with no lead submitted.

**Steps:**
1. Open the Tata Buses page
2. Click ""Check Bus Price"" to open its lead form
3. Fill a valid name and an invalid mobile number
4. Submit with city left empty
5. Verify the mobile-required and location validation messages are shown","2092","TC-BUS-03: lead form rejects mobile that is not 10 digits on Tata Buses","Buses - BusListing [tataBuses] [en] — Tata Buses","2026-08-24","passed","2026-08-24","","","",""
"","9020","TC-NLP-00: page links resolve 200/30x; broken links are logged, not failed","ListingPages - NewListingPages [bestTrucks] [en] — Best Trucks","2026-08-24","passed","2026-08-24","","","",""
"**Test Case ID:** TC-NTPDP-04
**Title:** Get Offers lead shows validation when empty for Eka 3W Cargo
**Language:** en

**Description:**
Submit the launch Get Offers lead with empty name, mobile and city and confirm required-field messages.

**Expected Result:**
Validation messages appear for name, mobile and location; thank-you is not shown.

**Steps:**
1. With launch Get Offers lead still open from prior step
2. Click Get Offers without filling fields
3. Verify required validation messages","594","TC-NTPDP-04: Get Offers lead shows validation when empty for Eka 3W Cargo","PDP - NewTruckPdp [leastPopular] [en] — Eka 3W Cargo","2026-08-24","passed","2026-08-24","","","",""
"**Test Case ID:** TC-SEO-01
**Title:** About Truck Junction SEO block is visible with Read More
**Language:** ta

**Description:**
Open the homepage and locate the About Truck Junction content block. Confirm the about heading and Read More control are shown.

**Expected Result:**
The About Truck Junction block is visible with the correct localized heading and a Read More button.

**Steps:**
1. Open the homepage for the selected language
2. Scroll to the About Truck Junction block
3. Verify the about heading and Read More are visible","2607","TC-SEO-01: About Truck Junction SEO block is visible with Read More","SEO - HomePageSeoContent [ta]","2026-08-24","passed","2026-08-24","","","",""
"","960","TC-NLP-01: Check Offers lead submits successfully on Popular Truck","ListingPages - NewListingPages [popularTrucks] [en] — Popular Truck","2026-08-24","skipped","2026-08-24","","","",""
"","992","TC-CL-04: Call Now assistance lead submits successfully on Trailers","CategoryPages - CategoryListing [trailers] [en] — Trailers","2026-08-24","skipped","2026-08-24","","","",""
"**Test Case ID:** TC-TMO-02
**Title:** Check Offers lead form shows required validation when submitted empty on Select Your Truck
**Language:** en

**Description:**
Open the Select Your Truck page, open Check Offers on the default tab, and submit with name, mobile and city all left empty.

**Expected Result:**
The real, page-shown validation messages for name, mobile and location are displayed, and no lead is submitted.

**Steps:**
1. Open the Select Your Truck page
2. Click a model card's ""Check Offers"" button
3. Leave name, mobile and city empty and submit
4. Verify all three required-field validation messages are shown","1518","TC-TMO-02: Check Offers lead form shows required validation when submitted empty on Select Your Truck","UtilityPages - TabbedModelOffers [selectYourTruck] [en] — Select Your Truck","2026-08-24","passed","2026-08-24","","","",""
"**Test Case ID:** TC-ECV-02
**Title:** First product name navigates to truck PDP
**Language:** en

**Description:**
In Electric Commercial Vehicles, click the first visible truck product name (not the image) and confirm the user opens that truck’s product detail page.

**Expected Result:**
The browser URL matches the product’s truck PDP path for the selected language (for example /en/{brand}-truck/{model}).

**Steps:**
1. Open the Electric Commercial Vehicles section
2. Click the first visible product name link
3. Verify the URL is the matching truck PDP","16622","TC-ECV-02: first product name navigates to truck PDP","Homepage - ElectricCommercialVehicles [en]","2026-08-24","broken","2026-08-24","","","",""
"**Test Case ID:** TC-CL-03
**Title:** Check Truck Price lead form rejects mobile that is not 10 digits on 22 Wheeler
**Language:** en

**Description:**
Open the 22 Wheeler page, open Check Truck Price, fill a valid name, an invalid (5-digit) mobile number, and leave city empty, then submit.

**Expected Result:**
The real, page-shown mobile-format and location-required validation messages are displayed, and no lead is submitted.

**Steps:**
1. Open the 22 Wheeler page
2. Click a truck card's ""Check Truck Price"" button to open its lead form
3. Fill a valid name and an invalid mobile number
4. Submit with city left empty
5. Verify the mobile-format and location validation messages are shown","2012","TC-CL-03: Check Truck Price lead form rejects mobile that is not 10 digits on 22 Wheeler","CategoryPages - CategoryListing [twentyTwoWheeler] [en] — 22 Wheeler","2026-08-24","passed","2026-08-24","","","",""
"**Test Case ID:** TC-LMC-05
**Title:** One Check Offers lead from E Rickshaw tab submits successfully
**Language:** en

**Description:**
Open the E Rickshaw tab in Latest Models by Category, click Check Offers once, fill name/mobile/city, enter a 5-digit price/budget only if asked, and submit.

**Expected Result:**
A Thank You confirmation is shown after a successful lead submission from that tab.

**Steps:**
1. Open Latest Models by Category
2. Open the E Rickshaw tab
3. Click Check Offers on one visible card
4. Fill name, mobile and city (and 5-digit price/budget if shown)
5. Submit and verify Thank You confirmation","6596","TC-LMC-05: one Check Offers lead from E Rickshaw tab submits successfully","Homepage - LatestModelsByCategory [en]","2026-08-24","passed","2026-08-24","","","",""
"","27","TC-NTPDP-22: Electric Vehicle Videos for Tata Yodha 2.0","PDP - NewTruckPdp [mostPopular] [en] — Tata Yodha 2.0","2026-08-24","skipped","2026-08-24","","Page blocks (same session)","",""
"","10419","TC-TIY-17: Popular Check Offers submits lead and shows Thank You modal","Homepage - TruckInIndia [en]","2026-08-24","passed","2026-08-24","","","",""
"","9508","TC-EV-00: page links resolve 200/30x; broken links are logged, not failed","CategoryPages - ElectricVehicle [en] — Electric Commercial Vehicles","2026-08-24","passed","2026-08-24","","","",""
"**Test Case ID:** TC-TMO-01
**Title:** Check Offers lead submits successfully on every tab of Offers
**Language:** en

**Description:**
Open the Offers page, and for each tab in ""Popular Models by Category"", click a model card's ""Check Offers"" button, fill name, mobile and city, and submit.

**Expected Result:**
A Thank You confirmation is shown after each tab's lead submission.

**Steps:**
1. Open the Offers page
2. For each tab in ""Popular Models by Category"": select the tab, click a model card's ""Check Offers"" button
3. Fill name, mobile and city
4. Submit and verify Thank You confirmation, then close and move to the next tab","60258","TC-TMO-01: Check Offers lead submits successfully on every tab of Offers","UtilityPages - TabbedModelOffers [offers] [en] — Offers","2026-08-24","passed","2026-08-24","","","",""
"**Test Case ID:** TC-NLP-01
**Title:** Check Offers lead submits successfully on BS6 Trucks
**Language:** en

**Description:**
Open the BS6 Trucks listing page, click Check Offers to open its lead form, fill name, mobile and city, and submit.

**Expected Result:**
A Thank You confirmation is shown after a successful lead submission. The submitted name is tagged with a page/CTA identifier for CRM traceability.

**Steps:**
1. Open the BS6 Trucks listing page
2. Click Check Offers to open its lead form
3. Fill name, mobile and city
4. Submit and verify the confirmation","5785","TC-NLP-01: Check Offers lead submits successfully on BS6 Trucks","ListingPages - NewListingPages [bs6Trucks] [en] — BS6 Trucks","2026-08-24","passed","2026-08-24","","","",""
"**Test Case ID:** TC-SEO-03
**Title:** Expanded English SEO headings are visible
**Language:** en

**Description:**
After expanding Read More on English, confirm all expected SEO sub-headings inside the About block are visible.

**Expected Result:**
Each expected SEO heading (for example Get the Best Trucks in India 2026, Why Choose Truck Junction?) is visible in the expanded block.

**Steps:**
1. Open About Truck Junction
2. Click Read More
3. Verify each expected SEO heading is visible","1660","TC-SEO-03: expanded English SEO headings are visible","SEO - HomePageSeoContent [en]","2026-08-24","passed","2026-08-24","","","",""
"**Test Case ID:** TC-TBB-03
**Title:** No visible article card links to a duplicate news article
**Language:** en

**Description:**
Confirm every visible article title in The Buzz Board links to a distinct news article.

**Expected Result:**
No two visible article cards share the same href.

**Steps:**
1. Open The Buzz Board
2. Verify all visible article links are unique","1573","TC-TBB-03: no visible article card links to a duplicate news article","Homepage - TheBuzzBoard [en]","2026-08-24","passed","2026-08-24","","","",""
"**Test Case ID:** TC-ECV-06
**Title:** Check Offers lead form rejects mobile that is not 10 digits
**Language:** en

**Description:**
Open Check Offers in Electric Commercial Vehicles, fill a valid name, an invalid (5-digit) mobile number, and leave city empty, then submit.

**Expected Result:**
The real, page-shown mobile-format and location-required validation messages are displayed, and no lead is submitted.

**Steps:**
1. Open Check Offers on one visible card
2. Fill a valid name and an invalid mobile number
3. Submit with city left empty
4. Verify the mobile-format and location validation messages are shown","4966","TC-ECV-06: Check Offers lead form rejects mobile that is not 10 digits","Homepage - ElectricCommercialVehicles [en]","2026-08-24","passed","2026-08-24","","","",""
"**Test Case ID:** TC-CL-04
**Title:** Call Now assistance lead submits successfully on HCV
**Language:** en

**Description:**
Open the HCV page, click the ""Still confused?"" widget's Call Now button to open the assistance lead form, fill model, name, mobile and city, and submit.

**Expected Result:**
The assistance form closes after a successful submission.

**Steps:**
1. Open the HCV page
2. Click Call Now to open the assistance lead form
3. Fill model, name, mobile and city
4. Submit and verify the assistance form closes","4498","TC-CL-04: Call Now assistance lead submits successfully on HCV","CategoryPages - CategoryListing [hcv] [en] — HCV","2026-08-24","passed","2026-08-24","","","",""
"","18966","TC-FRU-00: page links resolve 200/30x; broken links are logged, not failed","Homepage - FindReliableUsedTrucksNearYou [ta]","2026-08-24","passed","2026-08-24","","","",""
"**Test Case ID:** TC-SUT-02
**Title:** Wizard does not advance past Step 1 without a brand selected on Sell Used Trucks
**Language:** en

**Description:**
Click Next on Step 1 without picking a truck brand.

**Expected Result:**
The wizard stays on Step 1 — the Brands field is still shown and Model (Step 2) never appears.

**Steps:**
1. Open the Sell Used Trucks page
2. Click Next without selecting a brand
3. Verify the wizard remains on Step 1","884","TC-SUT-02: wizard does not advance past Step 1 without a brand selected on Sell Used Trucks","UsedTruck - SellUsedTrucks [en] — Sell Used Trucks","2026-08-24","passed","2026-08-24","","","",""
"**Test Case ID:** TC-CL-03
**Title:** Check Truck Price lead form rejects mobile that is not 10 digits on Hydrogen Trucks
**Language:** en

**Description:**
Open the Hydrogen Trucks page, open Check Truck Price, fill a valid name, an invalid (5-digit) mobile number, and leave city empty, then submit.

**Expected Result:**
The real, page-shown mobile-format and location-required validation messages are displayed, and no lead is submitted.

**Steps:**
1. Open the Hydrogen Trucks page
2. Click a truck card's ""Check Truck Price"" button to open its lead form
3. Fill a valid name and an invalid mobile number
4. Submit with city left empty
5. Verify the mobile-format and location validation messages are shown","1941","TC-CL-03: Check Truck Price lead form rejects mobile that is not 10 digits on Hydrogen Trucks","CategoryPages - CategoryListing [hydrogen] [en] — Hydrogen Trucks","2026-08-24","passed","2026-08-24","","","",""
"","3914","TC-SRT-14: lists expected budget ranges with localized labels","Homepage - SearchRightTruck [en]","2026-08-24","passed","2026-08-24","","","",""
"**Test Case ID:** TC-LMC-09
**Title:** Switching tabs updates View All destination URL
**Language:** en

**Description:**
Switch through each category tab and confirm View All points to the correct listing URL for that tab.

**Expected Result:**
For every tab, View All href matches the expected category listing path from test data.

**Steps:**
1. Open Latest Models by Category
2. Open each category tab
3. Verify View All href for that tab","4104","TC-LMC-09: switching tabs updates View All destination URL","Homepage - LatestModelsByCategory [en]","2026-08-24","passed","2026-08-24","","","",""
"","684","TC-NLP-03: Contact Seller lead submits successfully on Find New Trucks","ListingPages - NewListingPages [newTrucks] [en] — Find New Trucks","2026-08-24","skipped","2026-08-24","","","",""
"**Test Case ID:** TC-PTB-05
**Title:** Clicking each popular brand card navigates to that brand page
**Language:** en

**Description:**
From the Popular Truck Brands section, click each brand card and confirm the user is taken to the correct brand listing page for that brand and language.

**Expected Result:**
After each brand card click, the browser URL path is /{language}/{brand-slug} for that brand (real navigation to the brand page).

**Steps:**
1. Open the Popular Truck Brands section
2. Click each brand card in turn
3. Verify navigation to the matching brand page URL
4. Return to the homepage and continue with the next brand","35575","TC-PTB-05: clicking each popular brand card navigates to that brand page","Homepage - PopularTruckBrands [en]","2026-08-24","failed","2026-08-24","","","",""
"**Test Case ID:** TC-CL-02
**Title:** Check Truck Price lead form shows required validation when submitted empty on ICV
**Language:** en

**Description:**
Open the ICV page, open Check Truck Price, and submit with name, mobile and city all left empty.

**Expected Result:**
The real, page-shown validation messages for name, mobile and location are displayed, and no lead is submitted.

**Steps:**
1. Open the ICV page
2. Click a truck card's ""Check Truck Price"" button to open its lead form
3. Leave name, mobile and city empty and submit
4. Verify all three required-field validation messages are shown","1773","TC-CL-02: Check Truck Price lead form shows required validation when submitted empty on ICV","CategoryPages - CategoryListing [icv] [en] — ICV","2026-08-24","passed","2026-08-24","","","",""
"**Test Case ID:** TC-CL-04
**Title:** Call Now assistance lead submits successfully on LPG Trucks
**Language:** en

**Description:**
Open the LPG Trucks page, click the ""Still confused?"" widget's Call Now button to open the assistance lead form, fill model, name, mobile and city, and submit.

**Expected Result:**
The assistance form closes after a successful submission.

**Steps:**
1. Open the LPG Trucks page
2. Click Call Now to open the assistance lead form
3. Fill model, name, mobile and city
4. Submit and verify the assistance form closes","5249","TC-CL-04: Call Now assistance lead submits successfully on LPG Trucks","CategoryPages - CategoryListing [lpg] [en] — LPG Trucks","2026-08-24","passed","2026-08-24","","","",""
"**Test Case ID:** TC-PSH-05
**Title:** No visible product card links to a duplicate used truck
**Language:** hi

**Description:**
Confirm every visible product name in Popular Second Hand Truck links to a distinct used truck.

**Expected Result:**
No two visible product cards share the same href.

**Steps:**
1. Open Popular Second Hand Truck
2. Verify all visible product links are unique","1262","TC-PSH-05: no visible product card links to a duplicate used truck","Homepage - PopularSecondHandTruck [hi]","2026-08-24","passed","2026-08-24","","","",""
"","9002","TC-CL-00: page links resolve 200/30x; broken links are logged, not failed","CategoryPages - CategoryListing [icv] [en] — ICV","2026-08-24","passed","2026-08-24","","","",""
"","8107","TC-SRT-00: page links resolve 200/30x; broken links are logged, not failed","Homepage - SearchRightTruck [hi]","2026-08-24","passed","2026-08-24","","","",""
"","8998","TC-CL-00: page links resolve 200/30x; broken links are logged, not failed","CategoryPages - CategoryListing [diesel] [en] — Diesel Trucks","2026-08-24","passed","2026-08-24","","","",""
"**Test Case ID:** TC-TSR-03
**Title:** Check Truck Price lead form rejects mobile that is not 10 digits on Ashok Leyland Dost
**Language:** en

**Description:**
Open the Ashok Leyland Dost page, open Check Truck Price, fill a valid name, an invalid (5-digit) mobile number, and leave city empty, then submit.

**Expected Result:**
The real, page-shown mobile-format and location-required validation messages are displayed, and no lead is submitted.

**Steps:**
1. Open the Ashok Leyland Dost page
2. Click a truck card's ""Check Truck Price"" button to open its lead form
3. Fill a valid name and an invalid mobile number
4. Submit with city left empty
5. Verify the mobile-format and location validation messages are shown","2017","TC-TSR-03: Check Truck Price lead form rejects mobile that is not 10 digits on Ashok Leyland Dost","CategoryPages - CategoryListingTruckSeries [ashokLeylandDost] [en] — Ashok Leyland Dost","2026-08-24","passed","2026-08-24","","","",""
"**Test Case ID:** TC-TSR-01
**Title:** Check Truck Price lead submits successfully on Tata Ace
**Language:** en

**Description:**
Open the Tata Ace page, click a truck card's ""Check Truck Price"" button to open its lead form, fill name, mobile and city, and submit.

**Expected Result:**
A Thank You confirmation is shown after a successful lead submission.

**Steps:**
1. Open the Tata Ace page
2. Click a truck card's ""Check Truck Price"" button to open its lead form
3. Fill name, mobile and city
4. Submit and verify Thank You confirmation","5838","TC-TSR-01: Check Truck Price lead submits successfully on Tata Ace","CategoryPages - CategoryListingTruckSeries [tataAce] [en] — Tata Ace","2026-08-24","passed","2026-08-24","","","",""
"**Test Case ID:** TC-PSH-03
**Title:** View All Used Trucks opens buy-used-trucks listing
**Language:** hi

**Description:**
Click View All Used Trucks in Popular Second Hand Truck and confirm the used trucks listing opens.

**Expected Result:**
The URL is the buy-used-trucks listing for the language (for example /en/buy-used-trucks).

**Steps:**
1. Open Popular Second Hand Truck
2. Click View All Used Trucks
3. Verify the buy-used-trucks listing URL","3667","TC-PSH-03: View All Used Trucks opens buy-used-trucks listing","Homepage - PopularSecondHandTruck [hi]","2026-08-24","passed","2026-08-24","","","",""
"**Test Case ID:** TC-BUS-02
**Title:** Lead form shows required validation when submitted empty on Popular Buses
**Language:** en

**Description:**
Open the Popular Buses page, open the lead form via ""Check Bus Price"", and submit with name, mobile and city all left empty.

**Expected Result:**
The real, page-shown validation messages for name, mobile and location are displayed, and no lead is submitted.

**Steps:**
1. Open the Popular Buses page
2. Click ""Check Bus Price"" to open its lead form
3. Leave name, mobile and city empty and submit
4. Verify all three required-field validation messages are shown","1579","TC-BUS-02: lead form shows required validation when submitted empty on Popular Buses","Buses - BusListing [popularBuses] [en] — Popular Buses","2026-08-24","passed","2026-08-24","","","",""
"**Test Case ID:** TC-NTPDP-05
**Title:** SecondaryNavbar items for Tata Yodha 2.0
**Language:** en

**Description:**
After the launch lead is closed, verify the SecondaryNavbar (sticky jump links) shows every expected item for Tata Yodha 2.0.

**Expected Result:**
SecondaryNavbar is visible and each expected link/label (Price, Specification, …) is shown.

**Steps:**
1. Open PDP and close Get Offers lead
2. Locate SecondaryNavbar
3. Verify each expected nav item","71","TC-NTPDP-05: SecondaryNavbar items for Tata Yodha 2.0","PDP - NewTruckPdp [mostPopular] [en] — Tata Yodha 2.0","2026-08-24","passed","2026-08-24","","Page blocks (same session)","",""
"**Test Case ID:** TC-LMC-05
**Title:** One Check Offers lead from ई रिक्शा tab submits successfully
**Language:** hi

**Description:**
Open the ई रिक्शा tab in Latest Models by Category, click Check Offers once, fill name/mobile/city, enter a 5-digit price/budget only if asked, and submit.

**Expected Result:**
A Thank You confirmation is shown after a successful lead submission from that tab.

**Steps:**
1. Open Latest Models by Category
2. Open the ई रिक्शा tab
3. Click Check Offers on one visible card
4. Fill name, mobile and city (and 5-digit price/budget if shown)
5. Submit and verify Thank You confirmation","9034","TC-LMC-05: one Check Offers lead from ई रिक्शा tab submits successfully","Homepage - LatestModelsByCategory [hi]","2026-08-24","passed","2026-08-24","","","",""
"**Test Case ID:** TC-CL-02
**Title:** Check Truck Price lead form shows required validation when submitted empty on Pickups
**Language:** en

**Description:**
Open the Pickups page, open Check Truck Price, and submit with name, mobile and city all left empty.

**Expected Result:**
The real, page-shown validation messages for name, mobile and location are displayed, and no lead is submitted.

**Steps:**
1. Open the Pickups page
2. Click a truck card's ""Check Truck Price"" button to open its lead form
3. Leave name, mobile and city empty and submit
4. Verify all three required-field validation messages are shown","2599","TC-CL-02: Check Truck Price lead form shows required validation when submitted empty on Pickups","CategoryPages - CategoryListing [pickups] [en] — Pickups","2026-08-24","passed","2026-08-24","","","",""
"**Test Case ID:** TC-NTPDP-09
**Title:** About block for Eka 3W Cargo
**Language:** en

**Description:**
Verify the About section for Eka 3W Cargo.

**Expected Result:**
About heading is visible.

**Steps:**
1. Open PDP
2. Scroll to About
3. Verify heading","67","TC-NTPDP-09: About block for Eka 3W Cargo","PDP - NewTruckPdp [leastPopular] [en] — Eka 3W Cargo","2026-08-24","passed","2026-08-24","","Page blocks (same session)","",""
"**Test Case ID:** TC-NLP-05
**Title:** Call Now lead submits successfully on Upcoming Trucks
**Language:** en

**Description:**
Open the Upcoming Trucks listing page, click Call Now to open its lead form, fill name, mobile and city, and submit.

**Expected Result:**
The assistance lead form closes after a successful submission (verified via the real submit network call). The submitted name is tagged with a page/CTA identifier for CRM traceability.

**Steps:**
1. Open the Upcoming Trucks listing page
2. Click Call Now to open its lead form
3. Fill name, mobile and city
4. Submit and verify the confirmation","18493","TC-NLP-05: Call Now lead submits successfully on Upcoming Trucks","ListingPages - NewListingPages [upcomingTrucks] [en] — Upcoming Trucks","2026-08-24","broken","2026-08-24","","","",""
"**Test Case ID:** TC-BUS-01
**Title:** Lead submits successfully on Tata Buses
**Language:** en

**Description:**
Open the Tata Buses page, click ""Check Bus Price"" to open its lead form, fill name, mobile and city, and submit.

**Expected Result:**
A Thank You confirmation is shown after a successful lead submission.

**Steps:**
1. Open the Tata Buses page
2. Click ""Check Bus Price"" to open its lead form
3. Fill name, mobile and city
4. Submit and verify Thank You confirmation","4695","TC-BUS-01: lead submits successfully on Tata Buses","Buses - BusListing [tataBuses] [en] — Tata Buses","2026-08-24","passed","2026-08-24","","","",""
"**Test Case ID:** TC-PTB-01
**Title:** Popular Truck Brands section is visible with heading
**Language:** ta

**Description:**
Open the homepage and locate the Popular Truck Brands section. Confirm the section is shown to the user with the correct section heading for the selected language.

**Expected Result:**
The Popular Truck Brands section is visible and the heading text matches the expected localized heading (for example, “Popular Truck Brands” in English).

**Steps:**
1. Open the homepage for the selected language
2. Scroll to the Popular Truck Brands section
3. Verify the section and heading are visible","2160","TC-PTB-01: Popular Truck Brands section is visible with heading","Homepage - PopularTruckBrands [ta]","2026-08-24","passed","2026-08-24","","","",""
"","8330","TC-CL-00: page links resolve 200/30x; broken links are logged, not failed","CategoryPages - CategoryListing [hydrogen] [en] — Hydrogen Trucks","2026-08-24","passed","2026-08-24","","","",""
"**Test Case ID:** TC-CL-04
**Title:** Call Now assistance lead submits successfully on SCV
**Language:** en

**Description:**
Open the SCV page, click the ""Still confused?"" widget's Call Now button to open the assistance lead form, fill model, name, mobile and city, and submit.

**Expected Result:**
The assistance form closes after a successful submission.

**Steps:**
1. Open the SCV page
2. Click Call Now to open the assistance lead form
3. Fill model, name, mobile and city
4. Submit and verify the assistance form closes","8444","TC-CL-04: Call Now assistance lead submits successfully on SCV","CategoryPages - CategoryListing [scv] [en] — SCV","2026-08-24","passed","2026-08-24","","","",""
"**Test Case ID:** TC-CL-03
**Title:** Check Truck Price lead form rejects mobile that is not 10 digits on Auto Rickshaw
**Language:** en

**Description:**
Open the Auto Rickshaw page, open Check Truck Price, fill a valid name, an invalid (5-digit) mobile number, and leave city empty, then submit.

**Expected Result:**
The real, page-shown mobile-format and location-required validation messages are displayed, and no lead is submitted.

**Steps:**
1. Open the Auto Rickshaw page
2. Click a truck card's ""Check Truck Price"" button to open its lead form
3. Fill a valid name and an invalid mobile number
4. Submit with city left empty
5. Verify the mobile-format and location validation messages are shown","2198","TC-CL-03: Check Truck Price lead form rejects mobile that is not 10 digits on Auto Rickshaw","CategoryPages - CategoryListing [autoRickshaw] [en] — Auto Rickshaw","2026-08-24","passed","2026-08-24","","","",""
"","15","TC-NTPDP-23: Usage block for Eka 3W Cargo","PDP - NewTruckPdp [leastPopular] [en] — Eka 3W Cargo","2026-08-24","skipped","2026-08-24","","Page blocks (same session)","",""
"**Test Case ID:** TC-NTPDP-23
**Title:** Usage block for Tata Yodha 2.0
**Language:** en

**Description:**
Verify Usage section when present on Tata Yodha 2.0.

**Expected Result:**
Usage heading is visible, or skipped.

**Steps:**
1. Open PDP
2. Locate Usage if present","70","TC-NTPDP-23: Usage block for Tata Yodha 2.0","PDP - NewTruckPdp [mostPopular] [en] — Tata Yodha 2.0","2026-08-24","passed","2026-08-24","","Page blocks (same session)","",""
"**Test Case ID:** TC-BR-01
**Title:** Download Brochure lead submits successfully on Brochure
**Language:** en

**Description:**
Open the Brochure page, click Download Brochure to open its lead form (the same shared Check Offers modal, submit button reads ""Check Offers""), fill name, mobile and city, and submit.

**Expected Result:**
A Thank You confirmation is shown after a successful lead submission.

**Steps:**
1. Open the Brochure page
2. Click Download Brochure to open its lead form
3. Fill name, mobile and city
4. Submit and verify Thank You confirmation","6494","TC-BR-01: Download Brochure lead submits successfully on Brochure","Brochure - Brochure [en] — Brochure","2026-08-24","passed","2026-08-24","","","",""
"**Test Case ID:** TC-NTPDP-02
**Title:** Get Offers lead closes via Cross for Eka 3W Cargo
**Language:** en

**Description:**
Close the thank-you / lead overlay on Eka 3W Cargo PDP using the Cross (Close) control.

**Expected Result:**
The overlay disappears and the product page content is usable.

**Steps:**
1. After thank-you from lead submit
2. Click Close (×)
3. Verify the page hero is usable","683","TC-NTPDP-02: Get Offers lead closes via Cross for Eka 3W Cargo","PDP - NewTruckPdp [leastPopular] [en] — Eka 3W Cargo","2026-08-24","passed","2026-08-24","","","",""
"**Test Case ID:** TC-NLP-02
**Title:** Check Truck Price lead submits successfully on Find New Trucks
**Language:** en

**Description:**
Open the Find New Trucks listing page, click Check Truck Price to open its lead form, fill name, mobile and city, and submit.

**Expected Result:**
A Thank You confirmation is shown after a successful lead submission. The submitted name is tagged with a page/CTA identifier for CRM traceability.

**Steps:**
1. Open the Find New Trucks listing page
2. Click Check Truck Price to open its lead form
3. Fill name, mobile and city
4. Submit and verify the confirmation","5359","TC-NLP-02: Check Truck Price lead submits successfully on Find New Trucks","ListingPages - NewListingPages [newTrucks] [en] — Find New Trucks","2026-08-24","passed","2026-08-24","","","",""
"","10","TC-NTPDP-15: Explore brand series block for Eka 3W Cargo","PDP - NewTruckPdp [leastPopular] [en] — Eka 3W Cargo","2026-08-24","skipped","2026-08-24","","Page blocks (same session)","",""
"","1775","TC-SRT-08: shows body-type/brand error when Search is clicked with no body type selected","Homepage - SearchRightTruck [ta]","2026-08-24","passed","2026-08-24","","","",""
"**Test Case ID:** TC-NLP-04
**Title:** Notify Me lead submits successfully on Latest Trucks
**Language:** en

**Description:**
Open the Latest Trucks listing page, click Notify Me to open its lead form, fill name, mobile and city, and submit.

**Expected Result:**
A Thank You confirmation is shown after a successful lead submission. The submitted name is tagged with a page/CTA identifier for CRM traceability.

**Steps:**
1. Open the Latest Trucks listing page
2. Click Notify Me to open its lead form
3. Fill name, mobile and city
4. Submit and verify the confirmation","4912","TC-NLP-04: Notify Me lead submits successfully on Latest Trucks","ListingPages - NewListingPages [latestTrucks] [en] — Latest Trucks","2026-08-24","passed","2026-08-24","","","",""
"**Test Case ID:** TC-BDM-03
**Title:** Lead form rejects mobile that is not 10 digits on Body Makers
**Language:** en

**Description:**
Open the Body Makers page, open the lead form via ""Talk To Dealer"", fill a valid name, an invalid (5-digit) mobile number, and leave city/brand/model empty, then submit.

**Expected Result:**
The real, page-shown mobile-format and other required validation messages are displayed, and no lead is submitted.

**Steps:**
1. Open the Body Makers page
2. Click a dealer card's ""Talk To Dealer"" button to open its lead form
3. Fill a valid name and an invalid mobile number
4. Submit with city, brand and model left empty
5. Verify the mobile-format and other validation messages are shown","1846","TC-BDM-03: lead form rejects mobile that is not 10 digits on Body Makers","UtilityPages - BodyMakers [en] — Body Makers","2026-08-24","passed","2026-08-24","","","",""
